season,matchId,gameweek,team_id,team,venue,playerId,pl_code,playerName,slug,position,substitute,accurateCross,accurateKeeperSweeper,accurateLongBalls,accurateOppositionHalfPasses,accurateOwnHalfPasses,accuratePass,aerialLost,aerialWon,ballRecovery,blockedScoringAttempt,challengeLost,dispossessed,duelLost,duelWon,errorLeadToAGoal,fouls,goalAssist,goals,goodHighClaim,interceptionWon,keyPass,minutesPlayed,onTargetScoringAttempt,outfielderBlock,ownGoals,possessionLostCtrl,saves,shotOffTarget,substitute.1,totalClearance,totalContest,totalCross,totalKeeperSweeper,totalLongBalls,totalOffside,totalOppositionHalfPasses,totalOwnHalfPasses,totalPass,totalShots,totalTackle,touches,wasFouled,wonContest,wonTackle
2009-10,1062472,1,14,Liverpool,Away,1876,19520,Ryan Babel,ryan-babel,F,False,,,,,,,,,,,,,,,,,0.0,0.0,,,,67.0,,,0.0,,,,,,,,,,,,,,0.0,,,,,
2009-10,1062472,1,14,Liverpool,Away,2436,14402,Fernando Torres,fernando-torres,F,False,,,,,,,,,,,,,,,,,0.0,0.0,,,,90.0,,,0.0,,,,,,,,,,,,,,0.0,,,,,
2009-10,1062472,1,14,Liverpool,Away,9737,13594,Yossi Benayoun,yossi-benayoun,F,True,,,,,,,,,,,,,,,,,0.0,0.0,,,,23.0,,,0.0,,,,,,,,,,,,,,0.0,,,,,
2009-10,1062472,1,14,Liverpool,Away,1422690,,Andrey Voronin,andrey-voronin,F,True,,,,,,,,,,,,,,,,,0.0,0.0,,,,11.0,,,0.0,,,,,,,,,,,,,,0.0,,,,,
2009-10,1062482,2,14,Liverpool,Home,1876,19520,Ryan Babel,ryan-babel,F,True,,,,,,,,,,,,,,,,,,,,,,,,,,,,,,,,,,,,,,,,,,,,
2009-10,1062482,2,14,Liverpool,Home,2436,14402,Fernando Torres,fernando-torres,F,False,,,,,,,,,,,,,,,,,0.0,1.0,,,,84.0,,,0.0,,,,,,,,,,,,,,0.0,,,,,
2009-10,1062482,2,14,Liverpool,Home,9737,13594,Yossi Benayoun,yossi-benayoun,F,False,,,,,,,,,,,,,,,,,0.0,0.0,,,,90.0,,,0.0,,,,,,,,,,,,,,0.0,,,,,
2009-10,1062482,2,14,Liverpool,Home,16582,38328,David N'Gog,david-ngog,F,True,,,,,,,,,,,,,,,,,0.0,1.0,,,,8.0,,,0.0,,,,,,,,,,,,,,0.0,,,,,
2009-10,1062482,2,14,Liverpool,Home,1422690,,Andrey Voronin,andrey-voronin,F,True,,,,,,,,,,,,,,,,,0.0,0.0,,,,9.0,,,0.0,,,,,,,,,,,,,,0.0,,,,,
2009-10,1062489,3,14,Liverpool,Home,1876,19520,Ryan Babel,ryan-babel,F,True,,,,,,,,,,,,,,,,,0.0,0.0,,,,14.0,,,0.0,,,,,,,,,,,,,,0.0,,,,,
2009-10,1062489,3,14,Liverpool,Home,2436,14402,Fernando Torres,fernando-torres,F,False,,,,,,,,,,,,,,,,,0.0,1.0,,,,90.0,,,0.0,,,,,,,,,,,,,,0.0,,,,,
2009-10,1062489,3,14,Liverpool,Home,9737,13594,Yossi Benayoun,yossi-benayoun,F,False,,,,,,,,,,,,,,,,,0.0,0.0,,,,76.0,,,0.0,,,,,,,,,,,,,,0.0,,,,,
2009-10,1062489,3,14,Liverpool,Home,1422690,,Andrey Voronin,andrey-voronin,F,True,,,,,,,,,,,,,,,,,0.0,0.0,,,,24.0,,,0.0,,,,,,,,,,,,,,0.0,,,,,
2009-10,1062496,4,14,Liverpool,Away,2436,14402,Fernando Torres,fernando-torres,F,False,,,,,,,,,,,,,,,,,1.0,1.0,,,,90.0,,,0.0,,,,,,,,,,,,,,0.0,,,,,
2009-10,1062496,4,14,Liverpool,Away,9737,13594,Yossi Benayoun,yossi-benayoun,F,True,,,,,,,,,,,,,,,,,0.0,0.0,,,,27.0,,,0.0,,,,,,,,,,,,,,0.0,,,,,
2009-10,1062496,4,14,Liverpool,Away,1422690,,Andrey Voronin,andrey-voronin,F,True,,,,,,,,,,,,,,,,,0.0,0.0,,,,16.0,,,0.0,,,,,,,,,,,,,,0.0,,,,,
2009-10,1062507,5,14,Liverpool,Home,2436,14402,Fernando Torres,fernando-torres,F,False,,,,,,,,,,,,,,,,,0.0,0.0,,,,75.0,,,0.0,,,,,,,,,,,,,,0.0,,,,,
2009-10,1062507,5,14,Liverpool,Home,9737,13594,Yossi Benayoun,yossi-benayoun,F,False,,,,,,,,,,,,,,,,,0.0,3.0,,,,90.0,,,0.0,,,,,,,,,,,,,,0.0,,,,,
2009-10,1062507,5,14,Liverpool,Home,16582,38328,David N'Gog,david-ngog,F,True,,,,,,,,,,,,,,,,,0.0,0.0,,,,15.0,,,0.0,,,,,,,,,,,,,,0.0,,,,,
2009-10,1062507,5,14,Liverpool,Home,1422690,,Andrey Voronin,andrey-voronin,F,True,,,,,,,,,,,,,,,,,1.0,0.0,,,,21.0,,,0.0,,,,,,,,,,,,,,0.0,,,,,
2009-10,1062522,6,14,Liverpool,Away,1876,19520,Ryan Babel,ryan-babel,F,True,,,,,,,,,,,,,,,,,1.0,0.0,,,,30.0,,,0.0,,,,,,,,,,,,,,0.0,,,,,
2009-10,1062522,6,14,Liverpool,Away,2436,14402,Fernando Torres,fernando-torres,F,False,,,,,,,,,,,,,,,,,0.0,2.0,,,,90.0,,,0.0,,,,,,,,,,,,,,0.0,,,,,
2009-10,1062522,6,14,Liverpool,Away,9737,13594,Yossi Benayoun,yossi-benayoun,F,False,,,,,,,,,,,,,,,,,0.0,0.0,,,,85.0,,,0.0,,,,,,,,,,,,,,0.0,,,,,
2009-10,1062527,7,14,Liverpool,Home,1876,19520,Ryan Babel,ryan-babel,F,True,,,,7.0,,7.0,1.0,,,1.0,1.0,1.0,4.0,1.0,,,0.0,2.0,,,1.0,23.0,2.0,,0.0,5.0,,1.0,,,2.0,2.0,,,,10.0,,8.0,4.0,,18.0,,1.0,
2009-10,1062527,7,14,Liverpool,Home,2436,14402,Fernando Torres,fernando-torres,F,False,,,2.0,11.0,3.0,14.0,2.0,3.0,3.0,1.0,,2.0,11.0,11.0,,1.0,0.0,3.0,,,1.0,67.0,3.0,,0.0,15.0,,2.0,,1.0,12.0,1.0,,2.0,1.0,17.0,4.0,20.0,6.0,1.0,49.0,1.0,6.0,1.0
2009-10,1062527,7,14,Liverpool,Home,9737,13594,Yossi Benayoun,yossi-benayoun,F,False,,,,15.0,6.0,21.0,2.0,,3.0,,1.0,1.0,5.0,1.0,,,2.0,0.0,,3.0,2.0,77.0,,,0.0,6.0,,,,1.0,1.0,3.0,,,,18.0,7.0,22.0,0.0,1.0,32.0,,,
2009-10,1062527,7,14,Liverpool,Home,16582,38328,David N'Gog,david-ngog,F,True,,,,,,,,,,,,,,,,,,,,,,,,,,,,,,,,,,,,,,,,,,,,
2009-10,1062527,7,14,Liverpool,Home,1422690,,Andrey Voronin,andrey-voronin,F,True,1.0,,3.0,10.0,1.0,10.0,,1.0,1.0,1.0,,1.0,2.0,1.0,,1.0,0.0,0.0,,,1.0,13.0,,,0.0,2.0,,1.0,,,,1.0,,3.0,,11.0,1.0,11.0,2.0,,18.0,,,
2009-10,1062538,8,14,Liverpool,Away,1876,19520,Ryan Babel,ryan-babel,F,True,,,,,,,,,,,,,,,,,0.0,0.0,,,,14.0,,,0.0,,,,,,,,,,,,,,0.0,,,,,
2009-10,1062538,8,14,Liverpool,Away,2436,14402,Fernando Torres,fernando-torres,F,False,,,,,,,,,,,,,,,,,0.0,0.0,,,,90.0,,,0.0,,,,,,,,,,,,,,0.0,,,,,
2009-10,1062538,8,14,Liverpool,Away,9737,13594,Yossi Benayoun,yossi-benayoun,F,True,,,,,,,,,,,,,,,,,0.0,0.0,,,,23.0,,,0.0,,,,,,,,,,,,,,0.0,,,,,
2009-10,1062538,8,14,Liverpool,Away,16582,38328,David N'Gog,david-ngog,F,True,,,,,,,,,,,,,,,,,,,,,,,,,,,,,,,,,,,,,,,,,,,,
2009-10,1062552,9,14,Liverpool,Away,1876,19520,Ryan Babel,ryan-babel,F,False,,,,,,,,,,,,,,,,,0.0,0.0,,,,81.0,,,0.0,,,,,,,,,,,,,,0.0,,,,,
2009-10,1062552,9,14,Liverpool,Away,9737,13594,Yossi Benayoun,yossi-benayoun,F,False,,,,,,,,,,,,,,,,,0.0,0.0,,,,90.0,,,0.0,,,,,,,,,,,,,,0.0,,,,,
2009-10,1062552,9,14,Liverpool,Away,16582,38328,David N'Gog,david-ngog,F,True,,,,,,,,,,,,,,,,,0.0,0.0,,,,9.0,,,0.0,,,,,,,,,,,,,,0.0,,,,,
2009-10,1062552,9,14,Liverpool,Away,1422690,,Andrey Voronin,andrey-voronin,F,True,,,,,,,,,,,,,,,,,0.0,0.0,,,,18.0,,,0.0,,,,,,,,,,,,,,0.0,,,,,
2009-10,1062559,10,14,Liverpool,Home,1876,19520,Ryan Babel,ryan-babel,F,True,,,,,,,,,,,,,,,,,,,,,,,,,,,,,,,,,,,,,,,,,,,,
2009-10,1062559,10,14,Liverpool,Home,2436,14402,Fernando Torres,fernando-torres,F,False,,,,,,,,,,,,,,,,,0.0,1.0,,,,80.0,,,0.0,,,,,,,,,,,,,,0.0,,,,,
2009-10,1062559,10,14,Liverpool,Home,9737,13594,Yossi Benayoun,yossi-benayoun,F,False,,,,,,,,,,,,,,,,,1.0,0.0,,,,90.0,,,0.0,,,,,,,,,,,,,,0.0,,,,,
2009-10,1062559,10,14,Liverpool,Home,16582,38328,David N'Gog,david-ngog,F,True,,,,,,,,,,,,,,,,,0.0,1.0,,,,10.0,,,0.0,,,,,,,,,,,,,,0.0,,,,,
2009-10,1062559,10,14,Liverpool,Home,1422690,,Andrey Voronin,andrey-voronin,F,True,,,,,,,,,,,,,,,,,,,,,,,,,,,,,,,,,,,,,,,,,,,,
2009-10,1062569,11,14,Liverpool,Away,1876,19520,Ryan Babel,ryan-babel,F,True,,,,,,,,,,,,,,,,,0.0,0.0,,,,27.0,,,0.0,,,,,,,,,,,,,,0.0,,,,,
2009-10,1062569,11,14,Liverpool,Away,2436,14402,Fernando Torres,fernando-torres,F,False,,,,,,,,,,,,,,,,,0.0,1.0,,,,63.0,,,0.0,,,,,,,,,,,,,,0.0,,,,,
2009-10,1062569,11,14,Liverpool,Away,9737,13594,Yossi Benayoun,yossi-benayoun,F,False,,,,,,,,,,,,,,,,,0.0,0.0,,,,78.0,,,0.0,,,,,,,,,,,,,,0.0,,,,,
2009-10,1062569,11,14,Liverpool,Away,40676,59948,Nathan Eccleston,nathan-eccleston,F,True,,,,,,,,,,,,,,,,,0.0,0.0,,,,12.0,,,0.0,,,,,,,,,,,,,,0.0,,,,,
2009-10,1062569,11,14,Liverpool,Away,1422690,,Andrey Voronin,andrey-voronin,F,False,,,,,,,,,,,,,,,,,0.0,0.0,,,,90.0,,,0.0,,,,,,,,,,,,,,0.0,,,,,
2009-10,1062578,12,14,Liverpool,Home,1876,19520,Ryan Babel,ryan-babel,F,True,,,,,,,,,,,,,,,,,0.0,0.0,,,,13.0,,,0.0,,,,,,,,,,,,,,0.0,,,,,
2009-10,1062578,12,14,Liverpool,Home,9737,13594,Yossi Benayoun,yossi-benayoun,F,False,,,,,,,,,,,,,,,,,0.0,0.0,,,,77.0,,,0.0,,,,,,,,,,,,,,0.0,,,,,
2009-10,1062578,12,14,Liverpool,Home,16582,38328,David N'Gog,david-ngog,F,False,,,,,,,,,,,,,,,,,0.0,1.0,,,,90.0,,,0.0,,,,,,,,,,,,,,0.0,,,,,
2009-10,1062589,13,14,Liverpool,Home,1876,19520,Ryan Babel,ryan-babel,F,False,,,,,,,,,,,,,,,,,0.0,0.0,,,,18.0,,,0.0,,,,,,,,,,,,,,0.0,,,,,
2009-10,1062589,13,14,Liverpool,Home,9737,13594,Yossi Benayoun,yossi-benayoun,F,True,,,,,,,,,,,,,,,,,0.0,1.0,,,,67.0,,,0.0,,,,,,,,,,,,,,0.0,,,,,
2009-10,1062589,13,14,Liverpool,Home,16582,38328,David N'Gog,david-ngog,F,False,,,,,,,,,,,,,,,,,1.0,0.0,,,,90.0,,,0.0,,,,,,,,,,,,,,0.0,,,,,
2009-10,1062597,14,14,Liverpool,Away,9737,13594,Yossi Benayoun,yossi-benayoun,F,True,,,,,,,,,,,,,,,,,0.0,0.0,,,,15.0,,,0.0,,,,,,,,,,,,,,0.0,,,,,
2009-10,1062597,14,14,Liverpool,Away,16582,38328,David N'Gog,david-ngog,F,False,,,,,,,,,,,,,,,,,0.0,0.0,,,,75.0,,,0.0,,,,,,,,,,,,,,0.0,,,,,
2009-10,1062606,15,14,Liverpool,Away,9737,13594,Yossi Benayoun,yossi-benayoun,F,False,,,,,,,,,,,,,,,,,0.0,0.0,,,,72.0,,,0.0,,,,,,,,,,,,,,0.0,,,,,
2009-10,1062606,15,14,Liverpool,Away,16582,38328,David N'Gog,david-ngog,F,True,,,,,,,,,,,,,,,,,0.0,0.0,,,,38.0,,,0.0,,,,,,,,,,,,,,0.0,,,,,
2009-10,1062619,16,14,Liverpool,Home,2436,14402,Fernando Torres,fernando-torres,F,False,,,,,,,,,,,,,,,,,0.0,0.0,,,,90.0,,,0.0,,,,,,,,,,,,,,0.0,,,,,
2009-10,1062619,16,14,Liverpool,Home,9737,13594,Yossi Benayoun,yossi-benayoun,F,False,,,,,,,,,,,,,,,,,0.0,0.0,,,,79.0,,,0.0,,,,,,,,,,,,,,0.0,,,,,
2009-10,1062619,16,14,Liverpool,Home,16582,38328,David N'Gog,david-ngog,F,True,,,,,,,,,,,,,,,,,0.0,0.0,,,,11.0,,,0.0,,,,,,,,,,,,,,0.0,,,,,
2009-10,1062633,17,14,Liverpool,Home,2436,14402,Fernando Torres,fernando-torres,F,True,,,,,,,,,,,,,,,,,0.0,1.0,,,,26.0,,,0.0,,,,,,,,,,,,,,0.0,,,,,
2009-10,1062633,17,14,Liverpool,Home,9737,13594,Yossi Benayoun,yossi-benayoun,F,False,,,,,,,,,,,,,,,,,0.0,0.0,,,,81.0,,,0.0,,,,,,,,,,,,,,0.0,,,,,
2009-10,1062633,17,14,Liverpool,Home,16582,38328,David N'Gog,david-ngog,F,False,,,,,,,,,,,,,,,,,0.0,1.0,,,,64.0,,,0.0,,,,,,,,,,,,,,0.0,,,,,
2009-10,1062640,18,14,Liverpool,Away,1876,19520,Ryan Babel,ryan-babel,F,True,,,,,,,,,,,,,,,,,,,,,,,,,,,,,,,,,,,,,,,,,,,,
2009-10,1062640,18,14,Liverpool,Away,2436,14402,Fernando Torres,fernando-torres,F,False,,,,,,,,,,,,,,,,,0.0,0.0,,,,90.0,,,0.0,,,,,,,,,,,,,,0.0,,,,,
2009-10,1062640,18,14,Liverpool,Away,9737,13594,Yossi Benayoun,yossi-benayoun,F,True,,,,,,,,,,,,,,,,,0.0,0.0,,,,37.0,,,0.0,,,,,,,,,,,,,,0.0,,,,,
2009-10,1062640,18,14,Liverpool,Away,16582,38328,David N'Gog,david-ngog,F,True,,,,,,,,,,,,,,,,,,,,,,,,,,,,,,,,,,,,,,,,,,,,
2009-10,1062649,19,14,Liverpool,Home,2436,14402,Fernando Torres,fernando-torres,F,False,,,,,,,,,,,,,,,,,0.0,0.0,,,,90.0,,,0.0,,,,,,,,,,,,,,0.0,,,,,
2009-10,1062649,19,14,Liverpool,Home,9737,13594,Yossi Benayoun,yossi-benayoun,F,False,,,,,,,,,,,,,,,,,0.0,1.0,,,,88.0,,,0.0,,,,,,,,,,,,,,0.0,,,,,
2009-10,1062649,19,14,Liverpool,Home,16582,38328,David N'Gog,david-ngog,F,True,,,,,,,,,,,,,,,,,,,,,,,,,,,,,,,,,,,,,,,,,,,,
2009-10,1062654,20,14,Liverpool,Away,1876,19520,Ryan Babel,ryan-babel,F,True,,,,,,,,,,,,,,,,,0.0,0.0,,,,13.0,,,0.0,,,,,,,,,,,,,,0.0,,,,,
2009-10,1062654,20,14,Liverpool,Away,2436,14402,Fernando Torres,fernando-torres,F,False,,,,,,,,,,,,,,,,,0.0,1.0,,,,90.0,,,0.0,,,,,,,,,,,,,,0.0,,,,,
2009-10,1062654,20,14,Liverpool,Away,9737,13594,Yossi Benayoun,yossi-benayoun,F,False,,,,,,,,,,,,,,,,,0.0,0.0,,,,90.0,,,0.0,,,,,,,,,,,,,,0.0,,,,,
2009-10,1062654,20,14,Liverpool,Away,16582,38328,David N'Gog,david-ngog,F,True,,,,,,,,,,,,,,,,,,,,,,,,,,,,,,,,,,,,,,,,,,,,
2009-10,1276760,21,14,Liverpool,Home,1876,19520,Ryan Babel,ryan-babel,F,True,,,,,,,,,,,,,,,,,,,,,,,,,,,,,,,,,,,,,,,,,,,,
2009-10,1276760,21,14,Liverpool,Home,3401,13308,Maxi Rodríguez,maxi-rodriguez,F,True,,,,,,,,,,,,,,,,,0.0,0.0,,,,9.0,,,0.0,,,,,,,,,,,,,,0.0,,,,,
2009-10,1276760,21,14,Liverpool,Home,16582,38328,David N'Gog,david-ngog,F,True,,,,,,,,,,,,,,,,,0.0,0.0,,,,11.0,,,0.0,,,,,,,,,,,,,,0.0,,,,,
2009-10,1062681,22,14,Liverpool,Away,3401,13308,Maxi Rodríguez,maxi-rodriguez,F,True,,,,,,,,,,,,,,,,,0.0,0.0,,,,12.0,,,0.0,,,,,,,,,,,,,,0.0,,,,,
2009-10,1062681,22,14,Liverpool,Away,16582,38328,David N'Gog,david-ngog,F,False,,,,,,,,,,,,,,,,,0.0,0.0,,,,87.0,,,0.0,,,,,,,,,,,,,,0.0,,,,,
2009-10,1062689,23,14,Liverpool,Away,1876,19520,Ryan Babel,ryan-babel,F,True,,,,,,,,,,,,,,,,,,,,,,,,,,,,,,,,,,,,,,,,,,,,
2009-10,1062689,23,14,Liverpool,Away,3401,13308,Maxi Rodríguez,maxi-rodriguez,F,False,,,,,,,,,,,,,,,,,0.0,0.0,,,,90.0,,,0.0,,,,,,,,,,,,,,0.0,,,,,
2009-10,1062689,23,14,Liverpool,Away,16582,38328,David N'Gog,david-ngog,F,True,,,,,,,,,,,,,,,,,0.0,0.0,,,,24.0,,,0.0,,,,,,,,,,,,,,0.0,,,,,
2009-10,1062699,24,14,Liverpool,Home,1876,19520,Ryan Babel,ryan-babel,F,True,,,,,,,,,,,,,,,,,0.0,0.0,,,,6.0,,,0.0,,,,,,,,,,,,,,0.0,,,,,
2009-10,1062699,24,14,Liverpool,Home,3401,13308,Maxi Rodríguez,maxi-rodriguez,F,True,,,,,,,,,,,,,,,,,0.0,0.0,,,,16.0,,,0.0,,,,,,,,,,,,,,0.0,,,,,
2009-10,1062699,24,14,Liverpool,Home,16582,38328,David N'Gog,david-ngog,F,False,,,,,,,,,,,,,,,,,0.0,0.0,,,,84.0,,,0.0,,,,,,,,,,,,,,0.0,,,,,
2009-10,1062709,25,14,Liverpool,Home,1876,19520,Ryan Babel,ryan-babel,F,True,,,,,,,,,,,,,,,,,0.0,0.0,,,,27.0,,,0.0,,,,,,,,,,,,,,0.0,,,,,
2009-10,1062709,25,14,Liverpool,Home,3401,13308,Maxi Rodríguez,maxi-rodriguez,F,False,,,,,,,,,,,,,,,,,0.0,0.0,,,,90.0,,,0.0,,,,,,,,,,,,,,0.0,,,,,
2009-10,1062709,25,14,Liverpool,Home,16582,38328,David N'Gog,david-ngog,F,False,,,,,,,,,,,,,,,,,0.0,0.0,,,,63.0,,,0.0,,,,,,,,,,,,,,0.0,,,,,
2009-10,1062714,26,14,Liverpool,Away,1876,19520,Ryan Babel,ryan-babel,F,True,,,,,,,,,,,,,,,,,0.0,0.0,,,,12.0,,,0.0,,,,,,,,,,,,,,0.0,,,,,
2009-10,1062714,26,14,Liverpool,Away,3401,13308,Maxi Rodríguez,maxi-rodriguez,F,False,,,,,,,,,,,,,,,,,0.0,0.0,,,,90.0,,,0.0,,,,,,,,,,,,,,0.0,,,,,
2009-10,1062714,26,14,Liverpool,Away,16582,38328,David N'Gog,david-ngog,F,False,,,,,,,,,,,,,,,,,0.0,0.0,,,,90.0,,,0.0,,,,,,,,,,,,,,0.0,,,,,
2009-10,1062729,27,14,Liverpool,Away,1876,19520,Ryan Babel,ryan-babel,F,False,,,,,,,,,,,,,,,,,0.0,0.0,,,,75.0,,,0.0,,,,,,,,,,,,,,0.0,,,,,
2009-10,1062729,27,14,Liverpool,Away,2436,14402,Fernando Torres,fernando-torres,F,True,,,,,,,,,,,,,,,,,0.0,0.0,,,,15.0,,,0.0,,,,,,,,,,,,,,0.0,,,,,
2009-10,1062729,27,14,Liverpool,Away,3401,13308,Maxi Rodríguez,maxi-rodriguez,F,False,,,,,,,,,,,,,,,,,0.0,0.0,,,,63.0,,,0.0,,,,,,,,,,,,,,0.0,,,,,
2009-10,1062729,27,14,Liverpool,Away,9737,13594,Yossi Benayoun,yossi-benayoun,F,True,,,,,,,,,,,,,,,,,0.0,0.0,,,,27.0,,,0.0,,,,,,,,,,,,,,0.0,,,,,
2009-10,1062739,28,14,Liverpool,Home,1876,19520,Ryan Babel,ryan-babel,F,True,,,,,,,,,,,,,,,,,0.0,0.0,,,,9.0,,,0.0,,,,,,,,,,,,,,0.0,,,,,
2009-10,1062739,28,14,Liverpool,Home,2436,14402,Fernando Torres,fernando-torres,F,False,,,,,,,,,,,,,,,,,0.0,1.0,,,,89.0,,,0.0,,,,,,,,,,,,,,0.0,,,,,
2009-10,1062739,28,14,Liverpool,Home,3401,13308,Maxi Rodríguez,maxi-rodriguez,F,False,,,,,,,,,,,,,,,,,1.0,0.0,,,,90.0,,,0.0,,,,,,,,,,,,,,0.0,,,,,
2009-10,1062739,28,14,Liverpool,Home,9737,13594,Yossi Benayoun,yossi-benayoun,F,False,,,,,,,,,,,,,,,,,1.0,0.0,,,,81.0,,,0.0,,,,,,,,,,,,,,0.0,,,,,
2009-10,1062739,28,14,Liverpool,Home,16582,38328,David N'Gog,david-ngog,F,True,,,,,,,,,,,,,,,,,0.0,0.0,,,,1.0,,,0.0,,,,,,,,,,,,,,0.0,,,,,
2009-10,1062752,29,14,Liverpool,Away,1876,19520,Ryan Babel,ryan-babel,F,True,,,,,,,,,,,,,,,,,0.0,0.0,,,,8.0,,,0.0,,,,,,,,,,,,,,0.0,,,,,
2009-10,1062752,29,14,Liverpool,Away,2436,14402,Fernando Torres,fernando-torres,F,False,,,,,,,,,,,,,,,,,0.0,0.0,,,,90.0,,,0.0,,,,,,,,,,,,,,0.0,,,,,
2009-10,1062752,29,14,Liverpool,Away,3401,13308,Maxi Rodríguez,maxi-rodriguez,F,False,,,,,,,,,,,,,,,,,0.0,0.0,,,,90.0,,,0.0,,,,,,,,,,,,,,0.0,,,,,
2009-10,1062752,29,14,Liverpool,Away,9737,13594,Yossi Benayoun,yossi-benayoun,F,False,,,,,,,,,,,,,,,,,0.0,0.0,,,,69.0,,,0.0,,,,,,,,,,,,,,0.0,,,,,
2009-10,1062752,29,14,Liverpool,Away,16582,38328,David N'Gog,david-ngog,F,True,,,,,,,,,,,,,,,,,,,,,,,,,,,,,,,,,,,,,,,,,,,,
2009-10,1062759,30,14,Liverpool,Home,1876,19520,Ryan Babel,ryan-babel,F,False,,,,,,,,,,,,,,,,,0.0,1.0,,,,90.0,,,0.0,,,,,,,,,,,,,,0.0,,,,,
2009-10,1062759,30,14,Liverpool,Home,2436,14402,Fernando Torres,fernando-torres,F,False,,,,,,,,,,,,,,,,,2.0,2.0,,,,80.0,,,0.0,,,,,,,,,,,,,,0.0,,,,,
2009-10,1062759,30,14,Liverpool,Home,3401,13308,Maxi Rodríguez,maxi-rodriguez,F,False,,,,,,,,,,,,,,,,,1.0,0.0,,,,90.0,,,0.0,,,,,,,,,,,,,,0.0,,,,,
2009-10,1062759,30,14,Liverpool,Home,9737,13594,Yossi Benayoun,yossi-benayoun,F,True,,,,,,,,,,,,,,,,,0.0,0.0,,,,17.0,,,0.0,,,,,,,,,,,,,,0.0,,,,,
2009-10,1062759,30,14,Liverpool,Home,16582,38328,David N'Gog,david-ngog,F,True,,,,,,,,,,,,,,,,,0.0,0.0,,,,10.0,,,0.0,,,,,,,,,,,,,,0.0,,,,,
2009-10,1062769,31,14,Liverpool,Away,1876,19520,Ryan Babel,ryan-babel,F,True,,,,,,,,,,,,,,,,,0.0,0.0,,,,14.0,,,0.0,,,,,,,,,,,,,,0.0,,,,,
2009-10,1062769,31,14,Liverpool,Away,2436,14402,Fernando Torres,fernando-torres,F,False,,,,,,,,,,,,,,,,,0.0,1.0,,,,90.0,,,0.0,,,,,,,,,,,,,,0.0,,,,,
2009-10,1062769,31,14,Liverpool,Away,3401,13308,Maxi Rodríguez,maxi-rodriguez,F,False,,,,,,,,,,,,,,,,,0.0,0.0,,,,76.0,,,0.0,,,,,,,,,,,,,,0.0,,,,,
2009-10,1062769,31,14,Liverpool,Away,9737,13594,Yossi Benayoun,yossi-benayoun,F,True,,,,,,,,,,,,,,,,,0.0,0.0,,,,7.0,,,0.0,,,,,,,,,,,,,,0.0,,,,,
2009-10,1062769,31,14,Liverpool,Away,16582,38328,David N'Gog,david-ngog,F,True,,,,,,,,,,,,,,,,,,,,,,,,,,,,,,,,,,,,,,,,,,,,
2009-10,1062779,32,14,Liverpool,Home,1876,19520,Ryan Babel,ryan-babel,F,False,,,,,,,,,,,,,,,,,0.0,0.0,,,,90.0,,,0.0,,,,,,,,,,,,,,0.0,,,,,
2009-10,1062779,32,14,Liverpool,Home,2436,14402,Fernando Torres,fernando-torres,F,False,,,,,,,,,,,,,,,,,0.0,2.0,,,,78.0,,,0.0,,,,,,,,,,,,,,0.0,,,,,
2009-10,1062779,32,14,Liverpool,Home,3401,13308,Maxi Rodríguez,maxi-rodriguez,F,False,,,,,,,,,,,,,,,,,0.0,0.0,,,,90.0,,,0.0,,,,,,,,,,,,,,0.0,,,,,
2009-10,1062779,32,14,Liverpool,Home,9737,13594,Yossi Benayoun,yossi-benayoun,F,True,,,,,,,,,,,,,,,,,,,,,,,,,,,,,,,,,,,,,,,,,,,,
2009-10,1062779,32,14,Liverpool,Home,16582,38328,David N'Gog,david-ngog,F,True,,,,,,,,,,,,,,,,,0.0,0.0,,,,12.0,,,0.0,,,,,,,,,,,,,,0.0,,,,,
2009-10,1062785,33,14,Liverpool,Away,1876,19520,Ryan Babel,ryan-babel,F,True,,,,,,,,,,,,,,,,,0.0,0.0,,,,19.0,,,0.0,,,,,,,,,,,,,,0.0,,,,,
2009-10,1062785,33,14,Liverpool,Away,2436,14402,Fernando Torres,fernando-torres,F,False,,,,,,,,,,,,,,,,,0.0,0.0,,,,65.0,,,0.0,,,,,,,,,,,,,,0.0,,,,,
2009-10,1062785,33,14,Liverpool,Away,3401,13308,Maxi Rodríguez,maxi-rodriguez,F,False,,,,,,,,,,,,,,,,,0.0,0.0,,,,90.0,,,0.0,,,,,,,,,,,,,,0.0,,,,,
2009-10,1062785,33,14,Liverpool,Away,9737,13594,Yossi Benayoun,yossi-benayoun,F,False,,,,,,,,,,,,,,,,,0.0,0.0,,,,71.0,,,0.0,,,,,,,,,,,,,,0.0,,,,,
2009-10,1062785,33,14,Liverpool,Away,16582,38328,David N'Gog,david-ngog,F,True,,,,,,,,,,,,,,,,,0.0,0.0,,,,25.0,,,0.0,,,,,,,,,,,,,,0.0,,,,,
2009-10,1062798,34,14,Liverpool,Home,1876,19520,Ryan Babel,ryan-babel,F,False,,,,,,,,,,,,,,,,,0.0,0.0,,,,71.0,,,0.0,,,,,,,,,,,,,,0.0,,,,,
2009-10,1062798,34,14,Liverpool,Home,3401,13308,Maxi Rodríguez,maxi-rodriguez,F,False,,,,,,,,,,,,,,,,,0.0,0.0,,,,90.0,,,0.0,,,,,,,,,,,,,,0.0,,,,,
2009-10,1062798,34,14,Liverpool,Home,9737,13594,Yossi Benayoun,yossi-benayoun,F,True,,,,,,,,,,,,,,,,,0.0,0.0,,,,19.0,,,0.0,,,,,,,,,,,,,,0.0,,,,,
2009-10,1062798,34,14,Liverpool,Home,16582,38328,David N'Gog,david-ngog,F,False,,,,,,,,,,,,,,,,,0.0,0.0,,,,78.0,,,0.0,,,,,,,,,,,,,,0.0,,,,,
2009-10,1062807,35,14,Liverpool,Home,1876,19520,Ryan Babel,ryan-babel,F,True,,,,,,,,,,,,,,,,,0.0,0.0,,,,9.0,,,0.0,,,,,,,,,,,,,,0.0,,,,,
2009-10,1062807,35,14,Liverpool,Home,3401,13308,Maxi Rodríguez,maxi-rodriguez,F,False,,,,,,,,,,,,,,,,,1.0,0.0,,,,90.0,,,0.0,,,,,,,,,,,,,,0.0,,,,,
2009-10,1062807,35,14,Liverpool,Home,9737,13594,Yossi Benayoun,yossi-benayoun,F,False,,,,,,,,,,,,,,,,,0.0,1.0,,,,77.0,,,0.0,,,,,,,,,,,,,,0.0,,,,,
2009-10,1062807,35,14,Liverpool,Home,16582,38328,David N'Gog,david-ngog,F,False,,,,,,,,,,,,,,,,,0.0,1.0,,,,81.0,,,0.0,,,,,,,,,,,,,,0.0,,,,,
2009-10,1062817,36,14,Liverpool,Away,1876,19520,Ryan Babel,ryan-babel,F,False,,,,,,,,,,,,,,,,,0.0,1.0,,,,90.0,,,0.0,,,,,,,,,,,,,,0.0,,,,,
2009-10,1062817,36,14,Liverpool,Away,3401,13308,Maxi Rodríguez,maxi-rodriguez,F,False,,,,,,,,,,,,,,,,,0.0,1.0,,,,90.0,,,0.0,,,,,,,,,,,,,,0.0,,,,,
2009-10,1062817,36,14,Liverpool,Away,9737,13594,Yossi Benayoun,yossi-benayoun,F,True,,,,,,,,,,,,,,,,,0.0,0.0,,,,42.0,,,0.0,,,,,,,,,,,,,,0.0,,,,,
2009-10,1062827,37,14,Liverpool,Home,1876,19520,Ryan Babel,ryan-babel,F,True,,,,,,,,,,,,,,,,,0.0,0.0,,,,48.0,,,0.0,,,,,,,,,,,,,,0.0,,,,,
2009-10,1062827,37,14,Liverpool,Home,3401,13308,Maxi Rodríguez,maxi-rodriguez,F,False,,,,,,,,,,,,,,,,,0.0,0.0,,,,42.0,,,0.0,,,,,,,,,,,,,,0.0,,,,,
2009-10,1062827,37,14,Liverpool,Home,9737,13594,Yossi Benayoun,yossi-benayoun,F,False,,,,,,,,,,,,,,,,,0.0,0.0,,,,90.0,,,0.0,,,,,,,,,,,,,,0.0,,,,,
2009-10,1062827,37,14,Liverpool,Home,16582,38328,David N'Gog,david-ngog,F,True,,,,,,,,,,,,,,,,,0.0,0.0,,,,13.0,,,0.0,,,,,,,,,,,,,,0.0,,,,,
2009-10,1062840,38,14,Liverpool,Away,1876,19520,Ryan Babel,ryan-babel,F,False,,,,,,,,,,,,,,,,,0.0,0.0,,,,87.0,,,0.0,,,,,,,,,,,,,,0.0,,,,,
2009-10,1062840,38,14,Liverpool,Away,16582,38328,David N'Gog,david-ngog,F,True,,,,,,,,,,,,,,,,,0.0,0.0,,,,28.0,,,0.0,,,,,,,,,,,,,,0.0,,,,,
