matchId,gameweek,kickoff,team_id,team,venue,accurateBackZonePass,accurateChippedPass,accurateCornersIntobox,accurateCross,accurateCrossNocorner,accurateFlickOn,accurateFreekickCross,accurateFwdZonePass,accurateGoalKicks,accurateKeeperSweeper,accurateKeeperThrows,accurateLaunches,accurateLayoffs,accurateLongBalls,accuratePass,accuratePullBack,accurateThroughBall,accurateThrows,aerialLost,aerialWon,attAssistOpenplay,attAssistSetplay,attCorner,attFastbreak,attFreekickGoal,attFreekickMiss,attFreekickTarget,attFreekickTotal,attIboxOwnGoal,attLgCentre,attObxdRight,attOneOnOne,attOpenplay,attPenGoal,attPenTarget,attPostHigh,attPostLeft,attPostRight,attSetpiece,attemptedTackleFoul,attemptsConcededIbox,attemptsConcededObox,attemptsIbox,attemptsObox,backwardPass,ballRecovery,bigChanceCreated,bigChanceMissed,bigChanceScored,blockedCross,blockedPass,blockedScoringAtt,challengeLost,clearanceOffLine,contentiousDecision,cornerTaken,crosses18yard,crosses18yardplus,defenderGoals,dispossessed,divingSave,duelLost,duelWon,effectiveBlockedCross,effectiveClearance,effectiveHeadClearance,errorLeadToGoal,errorLeadToShot,expectedAssists,expectedGoals,expectedGoalsFreekick,expectedGoalsOnTarget,expectedGoalsOnTargetConceded,finalThirdEntries,fkFoulLost,fkFoulWon,forwardGoals,foulThrowIn,fouledFinalThird,freekickCross,freekickTotal,fwdPass,goalAssist,goalAssistDeadball,goalAssistIntentional,goalAssistOpenplay,goalAssistSetplay,goalFastbreak,goalKicks,goalsOpenplay,goodHighClaim,handBall,headClearance,hitWoodwork,interception,interceptionWon,interceptionsInBox,keeperThrows,leftsidePass,longPassOwnToOpp,longPassOwnToOppSuccess,lostCorners,midfielderGoals,offtargetAttAssist,ontargetAttAssist,ontargetScoringAtt,openPlayPass,outfielderBlock,overrun,ownGoals,passesLeft,passesRight,penAreaEntries,penGoalsConceded,penaltyConceded,penaltyFaced,penaltySave,penaltyWon,possLostAll,possLostCtrl,possWonAtt3rd,possWonDef3rd,possWonMid3rd,possessionPercentage,postScoringAtt,ptsDroppedWinningPos,ptsGainedLosingPos,punches,putThrough,redCard,rightsidePass,savedIbox,savedObox,saves,secondYellow,shieldBallOop,shotFastbreak,shotOffTarget,sixYardBlock,subsGoals,subsMade,successfulFinalThirdPasses,successfulOpenPlayPass,successfulPutThrough,totalAttAssist,totalBackZonePass,totalChippedPass,totalClearance,totalContest,totalCornersIntobox,totalCross,totalCrossNocorner,totalDistance,totalFastbreak,totalFinalThirdPasses,totalFlickOn,totalFwdZonePass,totalHighClaim,totalKeeperSweeper,totalLaunches,totalLayoffs,totalLongBalls,totalOffside,totalPass,totalPullBack,totalRedCard,totalScoringAtt,totalTackle,totalThroughBall,totalThrows,totalYelCard,touches,touchesInOppBox,unsuccessfulTouch,wonContest,wonCorners,wonTackle,yellowCard
2444477,1,2024-08-18 14:00:00,31,Crystal Palace,Away,153.0,18.0,,1.0,1.0,3.0,,237.0,8.0,1.0,3.0,,7.0,16.0,389.0,,1.0,17.0,19.0,14.0,9.0,,2.0,,,1.0,,1.0,,,,,11.0,,,,,,,10.0,8.0,1.0,6.0,8.0,72.0,54.0,1.0,1.0,,,9.0,4.0,5.0,,,7.0,8.0,3.0,,5.0,2.0,58.0,45.0,,29.0,14.0,,1.0,0.637502,1.1701,0.096,1.0152,3.1136,59.0,15.0,6.0,,,3.0,,1.0,155.0,,,,,,,10.0,,,,14.0,,5.0,5.0,,3.0,126.0,70.0,37.0,4.0,,2.0,7.0,6.0,456.0,1.0,,,68.0,39.0,25.0,,,,,,137.0,137.0,6.0,19.0,24.0,54.0,,,,,17.0,0.0,128.0,3.0,,3.0,,,,4.0,,,5.0,87.0,368.0,9.0,9.0,176.0,38.0,29.0,17.0,3.0,14.0,11.0,,,131.0,6.0,319.0,,1.0,23.0,8.0,53.0,3.0,481.0,2.0,0.0,14.0,22.0,2.0,18.0,5.0,661.0,21.0,9.0,3.0,7.0,13.0,0.0
2444483,2,2024-08-24 15:00:00,31,Crystal Palace,Home,245.0,22.0,,4.0,4.0,,1.0,213.0,10.0,,4.0,5.0,8.0,30.0,454.0,,2.0,16.0,23.0,13.0,12.0,1.0,2.0,2.0,,,,,,1.0,,,10.0,,,1.0,1.0,,2.0,8.0,13.0,5.0,8.0,6.0,84.0,51.0,2.0,2.0,,3.0,6.0,4.0,14.0,,,3.0,12.0,4.0,,9.0,,66.0,55.0,3.0,9.0,6.0,,,,,,,,77.0,9.0,16.0,,,3.0,2.0,,175.0,,,,,,,10.0,,,,6.0,2.0,9.0,9.0,1.0,4.0,145.0,74.0,40.0,3.0,,7.0,6.0,2.0,521.0,5.0,,,65.0,49.0,27.0,,,,,,154.0,154.0,6.0,19.0,22.0,58.4,2.0,,,,12.0,0.0,148.0,1.0,,1.0,,,2.0,8.0,,,3.0,111.0,425.0,6.0,13.0,274.0,44.0,9.0,14.0,2.0,20.0,18.0,,2.0,158.0,1.0,298.0,,,26.0,8.0,66.0,3.0,552.0,,0.0,14.0,23.0,2.0,17.0,1.0,741.0,23.0,16.0,3.0,3.0,11.0,0.0
2444492,3,2024-09-01 13:30:00,31,Crystal Palace,Away,163.0,11.0,1.0,3.0,2.0,1.0,1.0,116.0,6.0,,5.0,6.0,6.0,19.0,276.0,1.0,,16.0,10.0,7.0,7.0,,1.0,,,1.0,,1.0,,,,,5.0,,,,,,2.0,10.0,8.0,5.0,4.0,5.0,43.0,43.0,,,,3.0,4.0,5.0,11.0,,,4.0,3.0,2.0,,6.0,1.0,47.0,41.0,3.0,28.0,12.0,,,,,,,,41.0,13.0,9.0,1.0,,2.0,1.0,1.0,129.0,,,,,,,11.0,,1.0,,12.0,,6.0,6.0,,5.0,86.0,61.0,31.0,4.0,,,7.0,3.0,326.0,1.0,,,26.0,39.0,18.0,,,,,,106.0,106.0,2.0,15.0,14.0,37.2,,,1.0,1.0,12.0,0.0,92.0,4.0,2.0,6.0,,2.0,,1.0,,,3.0,47.0,260.0,4.0,7.0,183.0,24.0,28.0,13.0,3.0,9.0,6.0,103922.91,,79.0,1.0,176.0,2.0,,16.0,6.0,49.0,1.0,350.0,1.0,0.0,9.0,19.0,1.0,17.0,2.0,514.0,22.0,11.0,6.0,5.0,11.0,0.0
2444503,4,2024-09-14 15:00:00,31,Crystal Palace,Home,234.0,32.0,1.0,5.0,4.0,1.0,,274.0,4.0,1.0,10.0,4.0,12.0,39.0,503.0,,,15.0,12.0,21.0,13.0,,3.0,,,,,1.0,,,,,14.0,1.0,,,,,,6.0,7.0,2.0,16.0,4.0,105.0,54.0,3.0,2.0,2.0,1.0,9.0,10.0,11.0,,1.0,5.0,19.0,5.0,,14.0,1.0,52.0,63.0,1.0,12.0,6.0,1.0,1.0,,,,,,67.0,11.0,14.0,2.0,,3.0,,1.0,191.0,1.0,,1.0,1.0,,,5.0,1.0,,1.0,6.0,,8.0,8.0,,10.0,155.0,77.0,54.0,2.0,,5.0,9.0,4.0,572.0,1.0,,,89.0,76.0,41.0,,,,,1.0,150.0,150.0,6.0,22.0,16.0,67.2,,,1.0,,28.0,0.0,144.0,2.0,,2.0,,,,6.0,,,4.0,138.0,482.0,9.0,14.0,263.0,50.0,12.0,9.0,3.0,27.0,24.0,101964.65,,173.0,3.0,359.0,,1.0,14.0,13.0,61.0,3.0,595.0,,0.0,20.0,24.0,2.0,17.0,0.0,801.0,41.0,12.0,4.0,5.0,15.0,0.0
2444512,5,2024-09-21 17:30:00,31,Crystal Palace,Home,133.0,14.0,1.0,6.0,5.0,1.0,1.0,94.0,4.0,3.0,5.0,13.0,2.0,24.0,221.0,2.0,,7.0,18.0,13.0,6.0,2.0,1.0,,,,,,,,,,7.0,,,,,,1.0,4.0,11.0,4.0,7.0,2.0,45.0,55.0,2.0,3.0,,1.0,10.0,2.0,7.0,,,4.0,7.0,2.0,,8.0,4.0,45.0,50.0,1.0,30.0,12.0,,1.0,,,,,,34.0,7.0,11.0,,,2.0,2.0,,132.0,,,,,,,11.0,,3.0,1.0,12.0,,13.0,13.0,3.0,5.0,72.0,68.0,33.0,11.0,,3.0,5.0,4.0,289.0,3.0,,,30.0,44.0,19.0,,,,,,125.0,125.0,2.0,28.0,17.0,33.2,,,,,16.0,0.0,64.0,5.0,1.0,7.0,,2.0,,3.0,1.0,,4.0,45.0,206.0,10.0,8.0,161.0,20.0,30.0,10.0,3.0,14.0,11.0,106718.31,,72.0,5.0,166.0,3.0,3.0,38.0,2.0,64.0,1.0,313.0,2.0,0.0,9.0,22.0,1.0,9.0,3.0,510.0,16.0,8.0,4.0,4.0,10.0,0.0
2444524,6,2024-09-28 15:00:00,31,Crystal Palace,Away,230.0,28.0,2.0,3.0,1.0,1.0,,208.0,3.0,1.0,5.0,4.0,4.0,29.0,435.0,,,15.0,28.0,20.0,8.0,3.0,7.0,,,,,1.0,,,,,7.0,,,,,,2.0,2.0,5.0,3.0,11.0,6.0,82.0,57.0,1.0,,1.0,1.0,7.0,7.0,8.0,,,8.0,9.0,3.0,1.0,12.0,1.0,59.0,63.0,1.0,26.0,19.0,,,,,,,,63.0,11.0,13.0,,,4.0,2.0,1.0,164.0,1.0,,1.0,,1.0,,4.0,,,2.0,19.0,,8.0,8.0,,5.0,143.0,72.0,43.0,5.0,,4.0,8.0,5.0,514.0,2.0,,,49.0,50.0,37.0,,,,,,151.0,151.0,1.0,29.0,21.0,59.9,,3.0,,2.0,13.0,0.0,146.0,,,,,,,5.0,2.0,,3.0,86.0,418.0,7.0,12.0,260.0,52.0,26.0,7.0,6.0,20.0,14.0,107262.81,,135.0,2.0,295.0,,1.0,15.0,5.0,62.0,,535.0,,0.0,17.0,25.0,,21.0,0.0,729.0,31.0,14.0,5.0,8.0,17.0,0.0
2444535,7,2024-10-05 12:30:00,31,Crystal Palace,Home,112.0,10.0,,1.0,1.0,,,98.0,3.0,1.0,5.0,4.0,1.0,20.0,209.0,,1.0,6.0,27.0,7.0,6.0,,1.0,1.0,,,,,,,,,5.0,,,,,,1.0,3.0,8.0,8.0,3.0,6.0,24.0,55.0,2.0,2.0,,2.0,10.0,,8.0,,,3.0,6.0,,,6.0,1.0,55.0,34.0,2.0,25.0,13.0,,,,,,,,47.0,7.0,15.0,,1.0,1.0,1.0,,140.0,,,,,,,10.0,,,,13.0,,5.0,5.0,,5.0,63.0,58.0,23.0,8.0,,1.0,5.0,5.0,273.0,5.0,1.0,,40.0,23.0,21.0,,,,,,130.0,130.0,2.0,31.0,16.0,31.9,,,,,15.0,0.0,73.0,1.0,2.0,3.0,,,1.0,4.0,,,4.0,48.0,195.0,10.0,6.0,138.0,22.0,25.0,11.0,2.0,9.0,7.0,110359.21,1.0,91.0,1.0,171.0,,1.0,22.0,1.0,58.0,1.0,300.0,,0.0,9.0,8.0,2.0,10.0,4.0,449.0,9.0,11.0,4.0,3.0,6.0,0.0
2444546,8,2024-10-21 20:00:00,31,Crystal Palace,Away,177.0,8.0,,3.0,3.0,,,184.0,6.0,,1.0,2.0,10.0,20.0,358.0,,,13.0,18.0,14.0,15.0,1.0,3.0,1.0,,,,,,,,,16.0,,,,,1.0,1.0,6.0,10.0,10.0,11.0,9.0,54.0,50.0,,,,1.0,13.0,6.0,16.0,,,6.0,9.0,5.0,,6.0,1.0,54.0,52.0,1.0,25.0,13.0,1.0,,,,,,,56.0,12.0,9.0,,,2.0,,,138.0,,,,,,,6.0,,1.0,1.0,13.0,2.0,5.0,5.0,1.0,1.0,129.0,57.0,35.0,6.0,,5.0,11.0,7.0,425.0,9.0,1.0,,63.0,52.0,29.0,,,,,,130.0,130.0,2.0,25.0,18.0,49.7,1.0,,,1.0,25.0,0.0,127.0,3.0,2.0,5.0,,1.0,1.0,7.0,,,4.0,75.0,337.0,13.0,16.0,202.0,20.0,25.0,9.0,2.0,16.0,14.0,,1.0,114.0,4.0,262.0,1.0,,18.0,11.0,43.0,2.0,448.0,,0.0,20.0,23.0,1.0,15.0,3.0,643.0,23.0,13.0,6.0,6.0,14.0,0.0
2444555,9,2024-10-27 14:00:00,31,Crystal Palace,Home,40.0,7.0,1.0,6.0,5.0,4.0,1.0,125.0,4.0,,3.0,6.0,4.0,24.0,159.0,1.0,,13.0,15.0,21.0,6.0,1.0,5.0,,,1.0,,1.0,,,,,6.0,,,,,,2.0,11.0,8.0,3.0,7.0,7.0,26.0,68.0,1.0,,1.0,5.0,15.0,1.0,9.0,,,8.0,14.0,8.0,,12.0,1.0,59.0,69.0,5.0,33.0,20.0,,,,,,,,65.0,16.0,12.0,1.0,,3.0,2.0,1.0,117.0,1.0,,1.0,1.0,,,9.0,1.0,2.0,,20.0,,11.0,11.0,,3.0,59.0,55.0,24.0,8.0,,3.0,5.0,6.0,216.0,3.0,3.0,,49.0,39.0,38.0,,,,,,149.0,149.0,13.0,17.0,23.0,33.6,,,,,25.0,0.0,45.0,2.0,1.0,3.0,,1.0,,7.0,,,3.0,81.0,141.0,15.0,8.0,53.0,20.0,33.0,11.0,5.0,29.0,24.0,,,137.0,9.0,223.0,2.0,,28.0,4.0,65.0,4.0,247.0,2.0,0.0,14.0,32.0,1.0,13.0,4.0,485.0,24.0,12.0,4.0,8.0,19.0,0.0
2444569,10,2024-11-02 17:30:00,31,Crystal Palace,Away,135.0,14.0,2.0,5.0,3.0,1.0,,143.0,3.0,,3.0,8.0,6.0,23.0,273.0,1.0,,19.0,13.0,15.0,10.0,1.0,5.0,2.0,,,,,,,,1.0,13.0,,,,,,1.0,7.0,7.0,4.0,17.0,2.0,50.0,52.0,3.0,3.0,1.0,1.0,13.0,5.0,14.0,,,6.0,13.0,5.0,2.0,15.0,,60.0,44.0,1.0,27.0,13.0,1.0,,,,,,,63.0,9.0,6.0,,,1.0,,,135.0,1.0,,,,1.0,,5.0,,1.0,1.0,13.0,,9.0,9.0,,3.0,88.0,64.0,31.0,3.0,,3.0,9.0,7.0,335.0,1.0,,,69.0,43.0,32.0,,,,,,147.0,147.0,3.0,18.0,21.0,43.2,,2.0,1.0,,22.0,0.0,85.0,2.0,2.0,4.0,,,2.0,7.0,1.0,,3.0,66.0,258.0,13.0,12.0,151.0,23.0,27.0,19.0,5.0,23.0,18.0,,2.0,109.0,4.0,230.0,1.0,,23.0,7.0,47.0,1.0,358.0,2.0,0.0,19.0,14.0,,19.0,2.0,580.0,28.0,18.0,9.0,6.0,7.0,0.0
2444573,11,2024-11-09 15:00:00,31,Crystal Palace,Home,144.0,19.0,1.0,2.0,1.0,,,132.0,5.0,1.0,2.0,9.0,3.0,23.0,274.0,,1.0,15.0,17.0,13.0,7.0,2.0,1.0,1.0,,,,,,,,1.0,10.0,,,,,,1.0,8.0,11.0,6.0,8.0,5.0,53.0,51.0,2.0,4.0,,,9.0,2.0,10.0,,,1.0,4.0,6.0,,10.0,2.0,53.0,48.0,,25.0,14.0,1.0,,,,,,,45.0,10.0,10.0,,,1.0,1.0,,138.0,,,,,,,10.0,,,,14.0,,19.0,19.0,,2.0,85.0,68.0,31.0,8.0,,5.0,4.0,5.0,328.0,4.0,1.0,,49.0,41.0,21.0,,,,,,128.0,128.0,6.0,26.0,14.0,36.1,,,,,16.0,0.0,79.0,4.0,1.0,5.0,,,1.0,6.0,,,4.0,67.0,256.0,9.0,9.0,163.0,28.0,25.0,12.0,1.0,12.0,11.0,,1.0,98.0,7.0,204.0,,1.0,25.0,3.0,55.0,1.0,355.0,,1.0,13.0,19.0,2.0,15.0,1.0,556.0,16.0,19.0,6.0,1.0,11.0,0.0
2444582,12,2024-11-23 15:00:00,31,Crystal Palace,Away,92.0,8.0,,2.0,2.0,,,90.0,7.0,,,5.0,3.0,14.0,180.0,,1.0,11.0,12.0,11.0,6.0,,1.0,3.0,,,,1.0,,1.0,,1.0,11.0,,,,,,,6.0,15.0,2.0,10.0,3.0,31.0,53.0,3.0,2.0,2.0,1.0,12.0,1.0,12.0,,,1.0,12.0,2.0,,6.0,2.0,43.0,46.0,1.0,25.0,12.0,,1.0,,,,,,44.0,11.0,9.0,2.0,,2.0,1.0,1.0,121.0,2.0,,2.0,2.0,,1.0,11.0,2.0,,1.0,12.0,1.0,10.0,10.0,1.0,,51.0,57.0,27.0,10.0,,4.0,4.0,6.0,235.0,5.0,,,39.0,32.0,17.0,,1.0,1.0,1.0,,121.0,121.0,1.0,28.0,19.0,30.1,,2.0,,2.0,23.0,0.0,58.0,3.0,,3.0,,,3.0,6.0,,,4.0,47.0,163.0,12.0,8.0,114.0,16.0,25.0,6.0,,15.0,15.0,,4.0,83.0,,162.0,,1.0,33.0,3.0,55.0,2.0,261.0,,0.0,13.0,23.0,1.0,15.0,2.0,445.0,17.0,12.0,3.0,1.0,16.0,0.0
2444593,13,2024-11-30 15:00:00,31,Crystal Palace,Home,164.0,13.0,3.0,7.0,4.0,5.0,1.0,163.0,2.0,2.0,2.0,7.0,8.0,22.0,320.0,,2.0,22.0,16.0,18.0,8.0,4.0,5.0,1.0,,,,,1.0,,,,10.0,,,,,,1.0,9.0,2.0,,12.0,4.0,62.0,53.0,4.0,4.0,1.0,,6.0,5.0,6.0,,,8.0,8.0,6.0,,9.0,,46.0,66.0,,24.0,17.0,,,,,,,,46.0,12.0,11.0,,,1.0,2.0,,143.0,1.0,,1.0,1.0,,,3.0,1.0,,,17.0,,13.0,13.0,,2.0,110.0,56.0,34.0,9.0,1.0,7.0,6.0,4.0,384.0,1.0,1.0,1.0,51.0,55.0,31.0,,,,,,130.0,130.0,1.0,19.0,28.0,48.8,,,1.0,,16.0,0.0,87.0,,,,,1.0,1.0,7.0,1.0,,3.0,66.0,305.0,6.0,13.0,190.0,27.0,24.0,12.0,6.0,22.0,16.0,,1.0,95.0,8.0,234.0,,2.0,27.0,10.0,50.0,2.0,402.0,,0.0,16.0,30.0,3.0,22.0,3.0,606.0,24.0,18.0,9.0,8.0,17.0,0.0
2444605,14,2024-12-03 19:30:00,31,Crystal Palace,Away,198.0,18.0,2.0,3.0,1.0,,,159.0,2.0,1.0,2.0,5.0,9.0,22.0,354.0,,1.0,12.0,31.0,15.0,6.0,2.0,4.0,1.0,,,,,,,,1.0,9.0,,,,,,,9.0,5.0,4.0,9.0,4.0,65.0,51.0,3.0,2.0,1.0,6.0,7.0,6.0,9.0,,,7.0,7.0,4.0,,13.0,,71.0,48.0,6.0,22.0,9.0,,,,,,,,64.0,13.0,14.0,1.0,,,1.0,,153.0,1.0,,1.0,1.0,,1.0,5.0,1.0,2.0,,9.0,,4.0,4.0,,2.0,107.0,71.0,32.0,4.0,,2.0,7.0,3.0,415.0,3.0,1.0,,50.0,45.0,31.0,,,,,,133.0,133.0,5.0,19.0,19.0,45.6,,,,2.0,7.0,0.0,115.0,2.0,,2.0,,,1.0,4.0,1.0,,4.0,71.0,340.0,7.0,9.0,216.0,31.0,22.0,9.0,6.0,18.0,12.0,,2.0,119.0,2.0,242.0,2.0,1.0,38.0,9.0,73.0,1.0,440.0,,0.0,13.0,15.0,1.0,13.0,4.0,610.0,22.0,11.0,4.0,7.0,9.0,0.0
2444612,15,2024-12-07 15:00:00,31,Crystal Palace,Home,155.0,14.0,2.0,3.0,1.0,4.0,,106.0,2.0,1.0,1.0,11.0,2.0,23.0,258.0,,1.0,14.0,12.0,6.0,5.0,,4.0,3.0,,,,,,,,,8.0,,,,,,,2.0,9.0,3.0,6.0,6.0,51.0,47.0,1.0,,1.0,1.0,11.0,8.0,5.0,,,6.0,3.0,4.0,1.0,11.0,1.0,35.0,39.0,1.0,23.0,13.0,,,,,,,,41.0,4.0,9.0,,,,,,127.0,2.0,1.0,2.0,1.0,1.0,,4.0,1.0,1.0,,13.0,,6.0,6.0,1.0,1.0,87.0,58.0,27.0,8.0,1.0,,7.0,3.0,313.0,4.0,,,31.0,43.0,24.0,,,,,,109.0,109.0,5.0,21.0,18.0,31.8,,2.0,,,20.0,0.0,68.0,2.0,,2.0,,,3.0,1.0,,,2.0,54.0,245.0,11.0,7.0,174.0,29.0,23.0,9.0,6.0,13.0,7.0,,3.0,90.0,6.0,172.0,1.0,1.0,32.0,3.0,59.0,3.0,333.0,,0.0,12.0,18.0,2.0,14.0,1.0,500.0,15.0,7.0,6.0,6.0,9.0,0.0
2444622,16,2024-12-15 14:00:00,31,Crystal Palace,Away,154.0,9.0,2.0,4.0,2.0,1.0,,75.0,8.0,1.0,3.0,5.0,4.0,11.0,225.0,,,15.0,13.0,15.0,8.0,1.0,2.0,2.0,,,,,1.0,,,2.0,11.0,,,,,,,6.0,10.0,8.0,11.0,2.0,44.0,46.0,5.0,2.0,3.0,,7.0,3.0,16.0,,,5.0,5.0,2.0,1.0,13.0,3.0,64.0,56.0,,29.0,7.0,,,,,,,,34.0,15.0,11.0,2.0,,,1.0,,128.0,3.0,,1.0,3.0,,,12.0,2.0,1.0,2.0,7.0,,8.0,8.0,2.0,3.0,62.0,45.0,13.0,8.0,,5.0,7.0,5.0,276.0,8.0,1.0,1.0,24.0,23.0,16.0,,,,,,124.0,124.0,3.0,18.0,15.0,34.9,,,,,13.0,0.0,72.0,3.0,2.0,5.0,,1.0,2.0,5.0,1.0,,5.0,37.0,205.0,7.0,12.0,187.0,18.0,29.0,14.0,4.0,12.0,8.0,113526.82,2.0,62.0,3.0,131.0,1.0,1.0,32.0,4.0,54.0,1.0,306.0,,0.0,13.0,25.0,,17.0,4.0,499.0,23.0,9.0,5.0,5.0,16.0,0.0
2444632,17,2024-12-21 17:30:00,31,Crystal Palace,Home,184.0,17.0,2.0,6.0,4.0,1.0,,140.0,3.0,,1.0,5.0,3.0,15.0,318.0,,,11.0,19.0,13.0,9.0,2.0,1.0,,,,,,,,,1.0,13.0,,,,,,1.0,6.0,13.0,1.0,10.0,5.0,66.0,41.0,2.0,3.0,,2.0,9.0,3.0,8.0,,,3.0,6.0,3.0,,11.0,,49.0,50.0,2.0,25.0,10.0,,,,,,,,40.0,9.0,8.0,1.0,,2.0,2.0,,118.0,1.0,,,1.0,,,3.0,1.0,,1.0,10.0,,3.0,3.0,1.0,1.0,105.0,50.0,24.0,3.0,,5.0,7.0,6.0,377.0,4.0,,,40.0,30.0,22.0,,,,,,111.0,111.0,2.0,20.0,16.0,41.6,,,,,17.0,0.0,103.0,1.0,,1.0,,1.0,,6.0,,,5.0,56.0,304.0,9.0,12.0,211.0,29.0,25.0,7.0,3.0,14.0,11.0,115623.51,,84.0,3.0,195.0,,,23.0,3.0,44.0,1.0,392.0,,0.0,15.0,25.0,1.0,14.0,2.0,555.0,18.0,11.0,4.0,3.0,11.0,0.0
2444640,18,2024-12-26 15:00:00,31,Crystal Palace,Away,174.0,13.0,,5.0,5.0,2.0,,166.0,7.0,,3.0,14.0,9.0,26.0,335.0,,,19.0,15.0,19.0,8.0,1.0,1.0,,,,,,,,,,7.0,,,,,,1.0,5.0,15.0,3.0,6.0,4.0,62.0,64.0,,,,5.0,11.0,4.0,4.0,1.0,,2.0,4.0,4.0,,11.0,,52.0,69.0,5.0,24.0,14.0,,,,,,,,60.0,12.0,13.0,,,1.0,1.0,,176.0,,,,,,,13.0,,,1.0,14.0,,8.0,8.0,1.0,3.0,99.0,67.0,38.0,5.0,,2.0,7.0,4.0,403.0,5.0,1.0,,44.0,59.0,27.0,,,,,,149.0,149.0,2.0,33.0,24.0,47.6,,,,,25.0,0.0,93.0,3.0,1.0,3.0,,,,2.0,1.0,,3.0,78.0,318.0,11.0,9.0,206.0,31.0,24.0,21.0,2.0,11.0,9.0,,,116.0,4.0,235.0,,,35.0,9.0,61.0,1.0,430.0,,0.0,10.0,27.0,1.0,20.0,2.0,654.0,17.0,23.0,10.0,2.0,15.0,0.0
2444652,19,2024-12-29 15:00:00,31,Crystal Palace,Home,133.0,16.0,1.0,3.0,2.0,3.0,,168.0,2.0,,1.0,12.0,4.0,22.0,298.0,1.0,,14.0,24.0,17.0,9.0,,3.0,3.0,,,1.0,2.0,,1.0,,,13.0,,,,,,1.0,12.0,7.0,,12.0,7.0,62.0,63.0,3.0,3.0,1.0,2.0,10.0,6.0,4.0,,,8.0,10.0,6.0,1.0,10.0,1.0,62.0,58.0,2.0,33.0,16.0,,,1.89674,2.0316,0.1724,2.3522,0.9988,54.0,18.0,18.0,1.0,,4.0,1.0,2.0,146.0,1.0,1.0,1.0,,1.0,,4.0,,1.0,,16.0,,10.0,10.0,,1.0,91.0,71.0,39.0,7.0,,,10.0,10.0,360.0,1.0,,,38.0,36.0,34.0,,,,,,143.0,143.0,11.0,26.0,23.0,46.4,,,3.0,2.0,15.0,0.0,87.0,2.0,,2.0,,3.0,3.0,3.0,2.0,,3.0,86.0,277.0,10.0,10.0,149.0,29.0,33.0,10.0,6.0,23.0,17.0,,3.0,131.0,9.0,260.0,1.0,,37.0,6.0,58.0,2.0,386.0,1.0,0.0,19.0,19.0,,15.0,2.0,596.0,25.0,16.0,4.0,8.0,13.0,0.0
2444663,20,2025-01-04 15:00:00,31,Crystal Palace,Home,176.0,20.0,1.0,5.0,4.0,1.0,1.0,89.0,9.0,,4.0,7.0,2.0,33.0,260.0,2.0,,14.0,8.0,17.0,7.0,2.0,4.0,,,,,1.0,,,,,6.0,,,,,,1.0,6.0,11.0,4.0,10.0,3.0,52.0,52.0,2.0,1.0,1.0,,13.0,5.0,6.0,,,6.0,11.0,2.0,,7.0,,35.0,57.0,,20.0,6.0,,,,,,,,48.0,9.0,12.0,1.0,,2.0,1.0,1.0,146.0,1.0,,1.0,1.0,,,12.0,1.0,1.0,,6.0,,7.0,7.0,1.0,4.0,66.0,57.0,27.0,6.0,,2.0,8.0,6.0,320.0,4.0,3.0,,22.0,36.0,24.0,,,,,,124.0,124.0,4.0,22.0,22.0,38.4,,,1.0,2.0,23.0,0.0,81.0,,,,,,,2.0,,,2.0,39.0,241.0,13.0,10.0,204.0,39.0,20.0,9.0,5.0,19.0,14.0,,,73.0,5.0,160.0,1.0,,23.0,2.0,61.0,2.0,345.0,2.0,0.0,13.0,26.0,,15.0,0.0,532.0,20.0,7.0,4.0,6.0,16.0,0.0
2444674,21,2025-01-15 19:30:00,31,Crystal Palace,Away,208.0,17.0,,3.0,3.0,3.0,,153.0,6.0,,6.0,4.0,5.0,28.0,358.0,,2.0,8.0,14.0,15.0,5.0,,,,,,,,,,,1.0,8.0,,,,,,1.0,3.0,13.0,8.0,8.0,1.0,72.0,64.0,4.0,2.0,2.0,3.0,4.0,2.0,10.0,,,3.0,7.0,2.0,1.0,10.0,2.0,47.0,50.0,3.0,25.0,16.0,,2.0,,,,,,50.0,6.0,7.0,1.0,,2.0,1.0,,146.0,2.0,1.0,2.0,1.0,1.0,,10.0,1.0,1.0,1.0,16.0,,9.0,9.0,,6.0,113.0,66.0,40.0,4.0,,2.0,5.0,4.0,433.0,6.0,4.0,,34.0,50.0,26.0,,,,,,143.0,143.0,2.0,21.0,28.0,42.8,,,,,10.0,0.0,125.0,1.0,3.0,4.0,,1.0,,3.0,,,5.0,65.0,342.0,4.0,7.0,240.0,36.0,25.0,20.0,2.0,12.0,10.0,,,106.0,8.0,228.0,1.0,,25.0,5.0,64.0,3.0,456.0,,0.0,9.0,17.0,4.0,8.0,0.0,636.0,20.0,11.0,12.0,3.0,12.0,0.0
2444689,22,2025-01-18 15:00:00,31,Crystal Palace,Away,235.0,10.0,,1.0,1.0,2.0,,152.0,3.0,1.0,,6.0,6.0,13.0,386.0,,5.0,18.0,18.0,10.0,7.0,2.0,,,,,,,,,,1.0,8.0,1.0,,,,,3.0,4.0,4.0,3.0,6.0,6.0,71.0,42.0,1.0,1.0,1.0,1.0,9.0,1.0,11.0,,,4.0,8.0,3.0,,7.0,,49.0,46.0,1.0,17.0,9.0,,,,,,,,53.0,10.0,13.0,2.0,,6.0,5.0,,145.0,1.0,,1.0,1.0,,,6.0,1.0,1.0,,9.0,,16.0,16.0,,,134.0,65.0,32.0,2.0,,3.0,7.0,7.0,457.0,3.0,,,48.0,38.0,28.0,,,,,1.0,128.0,128.0,7.0,11.0,19.0,46.5,,,,,19.0,0.0,124.0,,,,,1.0,,4.0,,,4.0,73.0,374.0,9.0,10.0,262.0,24.0,17.0,8.0,2.0,18.0,16.0,,,110.0,5.0,230.0,1.0,1.0,31.0,6.0,48.0,,474.0,,0.0,12.0,19.0,8.0,20.0,0.0,647.0,17.0,10.0,4.0,4.0,10.0,0.0
2444693,23,2025-01-26 14:00:00,31,Crystal Palace,Home,118.0,7.0,,3.0,3.0,2.0,2.0,108.0,5.0,2.0,3.0,10.0,2.0,17.0,223.0,,,9.0,19.0,18.0,7.0,2.0,,,,1.0,,2.0,,,,,8.0,,,,,,3.0,3.0,6.0,6.0,8.0,8.0,42.0,53.0,1.0,,1.0,,18.0,4.0,10.0,,,4.0,2.0,9.0,,8.0,1.0,53.0,48.0,,36.0,19.0,,,1.13865,1.0781,0.1265,1.2957,1.733,52.0,8.0,11.0,,,3.0,2.0,2.0,132.0,1.0,,1.0,1.0,,,9.0,1.0,,,19.0,1.0,2.0,2.0,1.0,3.0,73.0,62.0,30.0,7.0,,3.0,7.0,5.0,296.0,1.0,,,38.0,26.0,36.0,1.0,1.0,1.0,,,140.0,140.0,6.0,19.0,22.0,47.3,,,,2.0,23.0,0.0,68.0,1.0,3.0,4.0,,1.0,,7.0,,1.0,3.0,57.0,209.0,18.0,10.0,143.0,22.0,36.0,12.0,4.0,17.0,13.0,100417.51,,103.0,9.0,189.0,,2.0,30.0,3.0,60.0,1.0,315.0,,0.0,16.0,15.0,,14.0,2.0,502.0,22.0,12.0,4.0,4.0,13.0,0.0
2444706,24,2025-02-02 14:00:00,31,Crystal Palace,Away,94.0,14.0,,2.0,2.0,,,96.0,1.0,,1.0,2.0,4.0,6.0,188.0,,3.0,13.0,19.0,18.0,7.0,1.0,,1.0,,,,,,,,1.0,9.0,,,1.0,,,2.0,7.0,12.0,5.0,8.0,3.0,43.0,61.0,3.0,2.0,2.0,1.0,8.0,1.0,5.0,,,,4.0,3.0,,10.0,1.0,51.0,53.0,1.0,45.0,30.0,,,1.36059,2.5984,,0.8211,0.5282,51.0,13.0,10.0,2.0,,1.0,,,132.0,1.0,,1.0,1.0,,1.0,7.0,1.0,2.0,1.0,30.0,1.0,12.0,12.0,1.0,1.0,65.0,48.0,18.0,11.0,,6.0,3.0,3.0,267.0,8.0,,,29.0,34.0,21.0,,,,,,135.0,135.0,6.0,29.0,21.0,33.4,1.0,,,1.0,15.0,0.0,48.0,2.0,,2.0,,,1.0,7.0,,,4.0,39.0,180.0,8.0,9.0,119.0,25.0,45.0,9.0,,7.0,7.0,110526.81,2.0,92.0,3.0,176.0,2.0,,29.0,4.0,48.0,1.0,288.0,,0.0,11.0,21.0,3.0,18.0,1.0,478.0,22.0,9.0,4.0,,10.0,0.0
2444712,25,2025-02-15 17:30:00,31,Crystal Palace,Home,201.0,12.0,1.0,5.0,4.0,2.0,1.0,205.0,6.0,,2.0,5.0,4.0,15.0,401.0,,2.0,19.0,32.0,22.0,11.0,2.0,3.0,2.0,,,,,,,,,11.0,,,1.0,,,2.0,5.0,6.0,5.0,9.0,8.0,64.0,50.0,3.0,3.0,1.0,3.0,8.0,5.0,9.0,,,6.0,7.0,5.0,,15.0,1.0,70.0,61.0,3.0,34.0,24.0,2.0,1.0,2.02636,1.7209,,1.782,1.3034,71.0,9.0,12.0,1.0,,2.0,3.0,,189.0,1.0,,1.0,,1.0,,6.0,,,,24.0,1.0,7.0,7.0,,2.0,142.0,74.0,29.0,2.0,,4.0,10.0,6.0,499.0,4.0,,,58.0,49.0,42.0,,,,,,173.0,173.0,3.0,24.0,17.0,58.1,1.0,,,,14.0,0.0,125.0,3.0,1.0,4.0,,,2.0,6.0,,,5.0,106.0,385.0,8.0,14.0,231.0,36.0,34.0,15.0,5.0,20.0,15.0,114679.13,2.0,167.0,6.0,309.0,,,35.0,6.0,60.0,3.0,520.0,,0.0,17.0,17.0,7.0,23.0,0.0,739.0,27.0,12.0,10.0,6.0,11.0,0.0
2444724,26,2025-02-22 15:00:00,31,Crystal Palace,Away,131.0,16.0,1.0,2.0,1.0,,1.0,125.0,7.0,,3.0,3.0,4.0,21.0,254.0,,1.0,8.0,16.0,10.0,5.0,1.0,3.0,2.0,,,1.0,1.0,,,,,6.0,,,,,,,4.0,4.0,6.0,7.0,3.0,43.0,50.0,2.0,2.0,,6.0,9.0,2.0,3.0,,1.0,7.0,3.0,,,10.0,,41.0,53.0,6.0,33.0,18.0,,,0.543179,1.2928,0.0358,1.3928,,51.0,7.0,10.0,,,2.0,1.0,1.0,111.0,1.0,,1.0,1.0,,1.0,10.0,1.0,1.0,,18.0,,10.0,10.0,,3.0,84.0,60.0,32.0,7.0,1.0,2.0,5.0,5.0,308.0,4.0,1.0,,30.0,49.0,23.0,,,,,,131.0,131.0,1.0,23.0,16.0,37.8,,,,,15.0,0.0,96.0,,,,,2.0,2.0,3.0,1.0,,4.0,49.0,236.0,9.0,7.0,142.0,30.0,33.0,14.0,6.0,10.0,4.0,108569.58,3.0,95.0,2.0,202.0,1.0,,20.0,4.0,52.0,3.0,334.0,1.0,0.0,10.0,25.0,3.0,13.0,3.0,540.0,16.0,19.0,9.0,7.0,11.0,0.0
2444732,27,2025-02-25 19:30:00,31,Crystal Palace,Home,103.0,14.0,1.0,4.0,3.0,2.0,,88.0,4.0,1.0,1.0,4.0,2.0,16.0,187.0,,,10.0,14.0,9.0,10.0,1.0,6.0,4.0,,,,1.0,,,,,12.0,,,,,,,12.0,6.0,,14.0,5.0,37.0,50.0,4.0,4.0,2.0,1.0,10.0,5.0,11.0,,,3.0,6.0,2.0,,4.0,,51.0,55.0,1.0,23.0,9.0,,,0.888416,4.3107,0.066,4.1481,1.0111,47.0,19.0,10.0,3.0,,1.0,1.0,1.0,121.0,3.0,,2.0,3.0,,,7.0,3.0,,,9.0,,10.0,10.0,,1.0,48.0,41.0,16.0,8.0,,5.0,9.0,6.0,231.0,1.0,,,21.0,38.0,22.0,,,,,,105.0,105.0,5.0,16.0,25.0,35.9,,,,,16.0,0.0,51.0,1.0,,1.0,,1.0,4.0,8.0,1.0,1.0,3.0,49.0,171.0,10.0,14.0,125.0,21.0,23.0,8.0,3.0,12.0,9.0,106257.88,4.0,85.0,4.0,144.0,,2.0,21.0,2.0,47.0,7.0,257.0,,0.0,19.0,32.0,,13.0,3.0,441.0,29.0,9.0,4.0,3.0,21.0,0.0
2444743,28,2025-03-08 15:00:00,31,Crystal Palace,Home,143.0,11.0,2.0,7.0,5.0,1.0,,165.0,9.0,,6.0,5.0,7.0,28.0,301.0,,2.0,22.0,22.0,21.0,12.0,2.0,5.0,1.0,,,,1.0,,,,3.0,13.0,,,,,,,4.0,9.0,6.0,14.0,5.0,69.0,55.0,3.0,4.0,1.0,1.0,9.0,9.0,10.0,1.0,,5.0,9.0,4.0,,7.0,3.0,54.0,60.0,1.0,40.0,21.0,,2.0,1.57042,3.2598,0.0525,1.2787,1.8954,54.0,8.0,7.0,1.0,1.0,3.0,2.0,1.0,172.0,,,,,,,12.0,1.0,,,21.0,1.0,7.0,7.0,,7.0,85.0,57.0,32.0,4.0,,4.0,10.0,4.0,388.0,4.0,,,49.0,58.0,30.0,,,,,,157.0,157.0,4.0,18.0,24.0,55.2,,,,1.0,22.0,0.0,81.0,7.0,1.0,7.0,,2.0,1.0,6.0,2.0,,4.0,70.0,288.0,9.0,14.0,176.0,28.0,40.0,16.0,4.0,19.0,15.0,104583.22,1.0,116.0,8.0,250.0,,,31.0,9.0,67.0,,407.0,,0.0,19.0,23.0,4.0,26.0,4.0,636.0,25.0,19.0,9.0,5.0,11.0,0.0
2444758,29,2025-04-16 19:30:00,31,Crystal Palace,Away,134.0,14.0,1.0,4.0,3.0,3.0,1.0,151.0,3.0,,1.0,2.0,2.0,8.0,281.0,1.0,,17.0,14.0,9.0,8.0,1.0,1.0,1.0,,,,,1.0,,,,8.0,,1.0,,,,,7.0,10.0,5.0,8.0,3.0,47.0,45.0,2.0,3.0,,1.0,13.0,3.0,3.0,,1.0,4.0,4.0,4.0,,5.0,2.0,38.0,29.0,1.0,22.0,14.0,2.0,1.0,1.13012,2.0035,,1.0462,2.3946,47.0,15.0,9.0,,,2.0,2.0,,130.0,,,,,,,5.0,,1.0,,14.0,,5.0,5.0,,1.0,92.0,59.0,23.0,5.0,,4.0,5.0,4.0,338.0,3.0,,1.0,47.0,30.0,27.0,,,,,1.0,122.0,122.0,5.0,15.0,19.0,40.3,,,,,22.0,0.0,92.0,2.0,1.0,3.0,,1.0,1.0,4.0,1.0,,5.0,89.0,266.0,13.0,9.0,153.0,27.0,22.0,4.0,4.0,14.0,10.0,112979.24,1.0,123.0,5.0,222.0,1.0,,16.0,3.0,38.0,1.0,361.0,2.0,0.0,11.0,11.0,4.0,20.0,3.0,530.0,28.0,20.0,1.0,4.0,5.0,0.0
2444769,30,2025-04-02 19:45:00,31,Crystal Palace,Away,242.0,8.0,,2.0,2.0,2.0,,206.0,5.0,,3.0,10.0,11.0,14.0,446.0,,,11.0,16.0,13.0,6.0,,,1.0,,1.0,,1.0,,,,,6.0,,,1.0,,,,5.0,7.0,1.0,7.0,2.0,59.0,49.0,,1.0,,1.0,8.0,1.0,10.0,,,2.0,10.0,4.0,,9.0,,48.0,48.0,1.0,29.0,16.0,,1.0,0.562501,0.7433,0.0388,0.9755,1.2782,62.0,9.0,12.0,,,2.0,1.0,1.0,163.0,1.0,,1.0,,1.0,,5.0,,,1.0,16.0,1.0,7.0,7.0,,3.0,141.0,55.0,33.0,2.0,,4.0,3.0,3.0,504.0,3.0,,,76.0,47.0,32.0,,,,,,133.0,133.0,3.0,19.0,24.0,57.7,1.0,,1.0,,15.0,0.0,163.0,1.0,,1.0,,,1.0,5.0,,1.0,5.0,102.0,426.0,8.0,7.0,269.0,29.0,29.0,10.0,1.0,16.0,15.0,112015.78,1.0,132.0,7.0,273.0,,,22.0,12.0,33.0,4.0,526.0,,0.0,9.0,18.0,1.0,13.0,1.0,714.0,21.0,19.0,5.0,2.0,13.0,0.0
2444772,31,2025-04-05 15:00:00,31,Crystal Palace,Home,156.0,4.0,1.0,1.0,,2.0,,90.0,3.0,4.0,5.0,8.0,2.0,18.0,245.0,,,15.0,19.0,10.0,4.0,1.0,1.0,2.0,,1.0,,1.0,,,,,4.0,,,,,,1.0,8.0,7.0,4.0,5.0,3.0,47.0,44.0,,,,3.0,2.0,4.0,8.0,,,2.0,6.0,2.0,,11.0,1.0,58.0,51.0,3.0,33.0,13.0,,,0.367641,0.6046,0.0341,1.0828,1.595,41.0,12.0,13.0,1.0,1.0,1.0,,1.0,128.0,2.0,,2.0,2.0,,1.0,8.0,2.0,,1.0,13.0,,9.0,9.0,,5.0,83.0,63.0,28.0,4.0,1.0,,7.0,3.0,300.0,3.0,4.0,,28.0,35.0,16.0,,,,,,129.0,129.0,,19.0,14.0,37.6,,,,,10.0,0.0,67.0,3.0,1.0,4.0,2.0,,2.0,1.0,1.0,,5.0,35.0,233.0,2.0,7.0,182.0,14.0,33.0,15.0,2.0,10.0,8.0,107018.05,3.0,66.0,4.0,153.0,1.0,4.0,33.0,2.0,57.0,3.0,325.0,1.0,2.0,8.0,24.0,,16.0,0.0,522.0,12.0,10.0,5.0,2.0,17.0,0.0
2444785,32,2025-04-12 12:30:00,31,Crystal Palace,Away,230.0,13.0,1.0,4.0,3.0,,,52.0,3.0,,2.0,7.0,4.0,24.0,278.0,1.0,,15.0,9.0,6.0,3.0,,3.0,,,1.0,,1.0,,1.0,,,4.0,,,,,,,12.0,16.0,5.0,6.0,2.0,52.0,37.0,3.0,1.0,2.0,,4.0,,13.0,1.0,,4.0,4.0,5.0,1.0,5.0,,47.0,33.0,,23.0,12.0,,,0.761423,1.8173,0.0149,2.1573,4.0106,18.0,16.0,9.0,1.0,,,,1.0,97.0,2.0,1.0,2.0,1.0,1.0,,5.0,1.0,1.0,1.0,12.0,,13.0,13.0,2.0,2.0,94.0,28.0,16.0,1.0,,2.0,3.0,3.0,320.0,6.0,,,23.0,18.0,19.0,,,,,,98.0,98.0,2.0,19.0,10.0,32.0,,3.0,,,11.0,0.0,98.0,4.0,,3.0,,1.0,,5.0,,,5.0,20.0,260.0,4.0,5.0,265.0,22.0,23.0,11.0,4.0,13.0,9.0,111189.11,,37.0,1.0,89.0,1.0,1.0,16.0,5.0,43.0,3.0,341.0,2.0,0.0,8.0,12.0,1.0,15.0,3.0,495.0,10.0,13.0,6.0,4.0,5.0,0.0
2444792,33,2025-04-19 15:00:00,31,Crystal Palace,Home,65.0,10.0,,2.0,2.0,2.0,,65.0,3.0,,3.0,9.0,2.0,21.0,128.0,,1.0,18.0,19.0,11.0,2.0,,1.0,,,,,1.0,,,,,2.0,,,,,,1.0,6.0,9.0,6.0,3.0,2.0,28.0,38.0,,,,2.0,8.0,3.0,7.0,,,5.0,2.0,4.0,,8.0,,50.0,32.0,2.0,32.0,8.0,,,1.06028,0.3702,0.0443,,0.4417,44.0,13.0,9.0,,,4.0,1.0,1.0,108.0,,,,,,,11.0,,1.0,,8.0,,7.0,7.0,2.0,3.0,46.0,46.0,17.0,4.0,,1.0,1.0,,182.0,5.0,1.0,,13.0,42.0,33.0,,,,,,125.0,125.0,1.0,21.0,4.0,27.1,,,,,13.0,0.0,28.0,4.0,,4.0,1.0,,,2.0,1.0,,4.0,30.0,117.0,8.0,2.0,81.0,23.0,32.0,6.0,5.0,12.0,7.0,103816.0,,72.0,9.0,141.0,1.0,,28.0,4.0,61.0,1.0,210.0,,1.0,5.0,10.0,1.0,23.0,3.0,386.0,16.0,14.0,2.0,5.0,4.0,0.0
2444801,34,2025-04-23 20:00:00,31,Crystal Palace,Away,148.0,18.0,4.0,8.0,5.0,2.0,,131.0,7.0,,2.0,3.0,3.0,24.0,271.0,,,16.0,1.0,9.0,9.0,2.0,5.0,1.0,,,,,,1.0,,,10.0,,,,,,,5.0,9.0,3.0,11.0,4.0,56.0,40.0,5.0,5.0,,1.0,6.0,5.0,4.0,2.0,,6.0,11.0,3.0,,4.0,1.0,18.0,36.0,1.0,26.0,10.0,,,1.42924,1.8061,,1.4694,1.8228,41.0,6.0,4.0,1.0,,2.0,2.0,,105.0,1.0,1.0,1.0,,1.0,,8.0,1.0,2.0,,10.0,,9.0,9.0,1.0,2.0,90.0,42.0,28.0,3.0,,5.0,7.0,4.0,309.0,3.0,1.0,,42.0,46.0,27.0,,,,,,88.0,88.0,5.0,16.0,13.0,32.3,,,1.0,2.0,12.0,0.0,77.0,3.0,1.0,2.0,,,1.0,6.0,1.0,1.0,4.0,54.0,256.0,6.0,12.0,172.0,31.0,26.0,10.0,5.0,20.0,16.0,117517.67,1.0,77.0,4.0,176.0,2.0,,15.0,4.0,47.0,1.0,328.0,,0.0,15.0,16.0,1.0,16.0,1.0,490.0,25.0,10.0,7.0,6.0,10.0,0.0
2444815,35,2025-05-05 20:00:00,31,Crystal Palace,Home,153.0,16.0,1.0,7.0,6.0,1.0,,136.0,2.0,,2.0,3.0,3.0,17.0,282.0,,1.0,20.0,22.0,16.0,10.0,1.0,3.0,1.0,,,,,,,1.0,1.0,8.0,1.0,,1.0,,,5.0,3.0,7.0,5.0,14.0,6.0,58.0,48.0,2.0,3.0,1.0,1.0,7.0,6.0,2.0,,1.0,7.0,13.0,10.0,,6.0,1.0,46.0,52.0,1.0,31.0,15.0,,,1.31367,2.3219,,1.0346,1.5013,42.0,9.0,15.0,1.0,,3.0,1.0,,138.0,,,,,,,4.0,,,,15.0,1.0,12.0,12.0,1.0,2.0,97.0,54.0,29.0,4.0,,6.0,5.0,3.0,361.0,5.0,,,25.0,93.0,43.0,,,,,1.0,157.0,157.0,4.0,22.0,17.0,49.3,1.0,2.0,,,16.0,0.0,90.0,1.0,2.0,4.0,,,1.0,11.0,2.0,,3.0,79.0,269.0,7.0,11.0,178.0,32.0,31.0,18.0,7.0,31.0,24.0,105880.85,1.0,127.0,3.0,236.0,,,24.0,4.0,53.0,1.0,383.0,1.0,0.0,20.0,11.0,1.0,24.0,3.0,611.0,44.0,14.0,11.0,7.0,10.0,0.0
2444828,36,2025-05-11 14:15:00,31,Crystal Palace,Away,205.0,13.0,4.0,9.0,5.0,2.0,2.0,137.0,2.0,1.0,6.0,5.0,5.0,23.0,333.0,,4.0,11.0,13.0,12.0,14.0,3.0,7.0,4.0,,,,,,1.0,,1.0,13.0,,,1.0,,,1.0,2.0,7.0,1.0,16.0,7.0,67.0,57.0,9.0,7.0,2.0,3.0,10.0,7.0,7.0,,1.0,8.0,13.0,1.0,,12.0,,50.0,44.0,3.0,16.0,10.0,,,2.29724,3.3642,,3.7436,0.0207,50.0,10.0,12.0,2.0,,3.0,4.0,,146.0,2.0,,2.0,2.0,,1.0,4.0,2.0,1.0,1.0,10.0,1.0,11.0,11.0,2.0,6.0,101.0,57.0,34.0,4.0,,6.0,13.0,10.0,390.0,5.0,,,37.0,54.0,37.0,,,,,,128.0,128.0,3.0,24.0,21.0,52.7,1.0,,,,20.0,0.0,93.0,1.0,,1.0,,1.0,4.0,6.0,1.0,,5.0,56.0,322.0,10.0,19.0,228.0,18.0,16.0,12.0,7.0,24.0,17.0,106217.53,5.0,93.0,7.0,203.0,1.0,1.0,25.0,5.0,53.0,3.0,407.0,,0.0,23.0,17.0,5.0,15.0,1.0,605.0,34.0,11.0,3.0,8.0,8.0,0.0
2444835,37,2025-05-20 20:00:00,31,Crystal Palace,Home,138.0,13.0,,2.0,2.0,2.0,1.0,72.0,4.0,,1.0,7.0,4.0,15.0,208.0,1.0,1.0,16.0,10.0,11.0,8.0,1.0,,4.0,1.0,,,1.0,,,,,12.0,,,,,,1.0,6.0,8.0,4.0,11.0,3.0,36.0,58.0,2.0,1.0,1.0,2.0,9.0,,7.0,,,,,2.0,,4.0,1.0,48.0,43.0,2.0,30.0,19.0,,,0.882481,1.6573,0.0315,3.5938,2.0122,41.0,14.0,8.0,2.0,,3.0,2.0,1.0,117.0,3.0,,2.0,3.0,,1.0,5.0,3.0,1.0,1.0,19.0,,6.0,6.0,,1.0,63.0,50.0,24.0,9.0,1.0,3.0,9.0,10.0,268.0,6.0,4.0,,20.0,39.0,12.0,,,,,,114.0,114.0,5.0,33.0,15.0,30.9,,,3.0,,16.0,0.0,66.0,1.0,,1.0,,1.0,4.0,4.0,,1.0,5.0,41.0,196.0,9.0,12.0,161.0,24.0,30.0,16.0,,4.0,4.0,113129.62,5.0,74.0,8.0,125.0,1.0,,30.0,4.0,44.0,2.0,282.0,1.0,0.0,14.0,22.0,2.0,18.0,1.0,464.0,19.0,12.0,2.0,,13.0,0.0
2444843,38,2025-05-25 16:00:00,31,Crystal Palace,Away,142.0,14.0,,2.0,2.0,1.0,,70.0,6.0,,4.0,6.0,4.0,20.0,210.0,,,8.0,14.0,12.0,5.0,,,1.0,,,,,,,,,5.0,,,1.0,,,1.0,3.0,12.0,2.0,6.0,2.0,44.0,61.0,2.0,1.0,1.0,,8.0,1.0,6.0,,,,4.0,2.0,,10.0,,49.0,43.0,,52.0,33.0,,,0.811769,1.7736,,2.3293,1.4369,42.0,10.0,6.0,1.0,,,,,128.0,1.0,,1.0,1.0,,,13.0,1.0,2.0,,33.0,1.0,15.0,15.0,3.0,4.0,60.0,57.0,22.0,11.0,,2.0,4.0,5.0,272.0,4.0,,,28.0,20.0,22.0,,,,,,124.0,124.0,,31.0,19.0,31.2,1.0,2.0,,,14.0,0.0,65.0,2.0,,2.0,,2.0,1.0,2.0,,,4.0,33.0,198.0,8.0,6.0,170.0,29.0,52.0,17.0,,6.0,6.0,114360.33,1.0,68.0,1.0,133.0,2.0,,26.0,4.0,62.0,2.0,297.0,,0.0,8.0,18.0,3.0,10.0,0.0,492.0,15.0,10.0,8.0,,10.0,0.0
