playerId,playerName,position,team_name,team_id,nationality,season,duelsLost,penaltiesSaved,expectedAssists,totalRedCards,catches,totalTackles,savesMadeFromOutsideBox,unsuccessfulShortPasses,gamesPlayed,starts,totalUnsuccessfulPassesExclCrossesAndCorners,totalPasses,goalKicks,savesMadeCaught,aerialDuels,cleanSheets,penaltiesFaced,timePlayed,aerialDuelsLost,duelsWon,goalsConcededOutsideBox,penaltiesConceded,putthroughBlockedDistribution,groundDuelsWon,successfulShortPasses,savesFromPenalty,punches,penaltyGoalsConceded,expectedGoalsOnTargetConceded,successfulLaunches,totalClearances,goalsConceded,groundDuelsLost,rightsidePasses,savesMade,totalFoulsWon,winningGoal,duels,goalkeeperSmother,forwardPasses,recoveries,appearances,drops,crossesNotClaimed,tacklesLost,lastPlayerTackle,unsuccessfulDribbles,successfulPassesOppositionHalf,goalsConcededInsideBox,timesTackled,groundDuels,aerialDuelsWon,straightRedCards,gkSuccessfulDistribution,openPlayPasses,totalLossesOfPossession,tacklesWon,successfulDribbles,gkUnsuccessfulDistribution,savesMadeParried,leftsidePasses,totalFoulsConceded,successfulLongPasses,touches,unsuccessfulLaunches,successfulPassesOwnHalf,foulAttemptedTackle,savesMadeFromInsideBox,yellowCards,unsuccessfulLongPasses,unsuccessfulPassesOwnHalf,successfulCrossesOpenPlay,blockedShots,shotsOnTargetIncGoals,overruns,expectedGoalsOnTarget,totalShots,goalAssists,unsuccessfulCrossesOpenPlay,substituteOn,shotsOnTargetOutsideBox,successfulCrossesAndCorners,iboxTarget,shotsOnTargetInBox,totalTouchesInOppositionBox,throwInsToOppositionPlayer,keyPassesAttemptAssists,shotsBlockedInBox,putthroughBlockedDistributionWon,oboxTarget,unsuccessfulCrossesAndCorners,iboxBlocked,shotsOffTargetIncWoodwork,cornersWon,blocks,interceptions,backwardPasses,throwInsToOwnPlayer,substituteOff,expectedGoals,secondGoalAssists,expectedGoalsFreekick,throughBalls,successfulLayoffs,goals,awayGoals,oboxBlocked,unsuccessfulLayoffs,homeGoals,headedGoals,freekickTotal,attemptsFromSetPieces,shotsBlockedOutsideBox,foulWonPenalty,offsides,hitWoodwork,handballsConceded,rightFootGoals,redCards2ndYellow,clearancesOffTheLine,cornersTakenInclShortCorners,successfulCornersIntoBox,unsuccessfulCornersIntoBox,ownGoalScored,penaltiesTaken,penaltyGoals,leftFootGoals,setPiecesGoals,otherGoals
42427,Kieran Gibbs,Defender,West Bromwich Albion,35,England,2013-14,113.0,,2.2054,1.0,,68.0,,171.0,28.0,24.0,223.0,1089.0,,,88.0,8.0,,2055.0,44.0,140.0,1.0,,46.0,96.0,839.0,,,2.0,25.2338,15.0,119.0,17.0,69.0,435.0,,11.0,0.0,253.0,,414.0,103.0,28.0,,,24.0,1.0,25.0,483.0,16.0,33.0,165.0,44.0,1.0,,1069.0,378.0,44.0,19.0,,,42.0,18.0,27.0,1739.0,50.0,395.0,8.0,,2.0,52.0,76.0,12.0,2.0,2.0,7.0,0.0403,6.0,1.0,59.0,4.0,1.0,12.0,1.0,1.0,46.0,43.0,12.0,2.0,27.0,1.0,59.0,2.0,4.0,16.0,3.0,53.0,198.0,145.0,3.0,0.4076,1.0,,,,,,,,,,,,,,,,,,,,,,,,,,,,
37748,Bacary Sagna,Defender,Manchester City,43,France,2013-14,126.0,,3.5527,0.0,,58.0,,223.0,35.0,34.0,272.0,1854.0,,,180.0,15.0,,3060.0,58.0,213.0,5.0,,67.0,91.0,1528.0,,,5.0,47.1502,18.0,175.0,39.0,68.0,105.0,,27.0,0.0,339.0,,687.0,163.0,35.0,,,13.0,1.0,8.0,855.0,34.0,32.0,159.0,122.0,0.0,,1816.0,470.0,45.0,8.0,,,692.0,23.0,54.0,2795.0,48.0,745.0,7.0,,6.0,49.0,78.0,18.0,4.0,7.0,3.0,1.0616,12.0,2.0,105.0,1.0,1.0,18.0,5.0,5.0,38.0,36.0,20.0,1.0,25.0,1.0,105.0,1.0,5.0,23.0,7.0,51.0,370.0,299.0,1.0,1.1528,,0.0653,1.0,5.0,1.0,0.0,3.0,1.0,1.0,1.0,1.0,1.0,3.0,,,,,,,,,,,,,,,,
17127,Per Mertesacker,Defender,Arsenal,3,Germany,2013-14,77.0,,0.629,0.0,,41.0,,99.0,35.0,35.0,119.0,1706.0,,,143.0,16.0,,3150.0,46.0,156.0,5.0,,17.0,59.0,1495.0,,,4.0,46.2412,12.0,247.0,39.0,31.0,269.0,,24.0,1.0,233.0,,789.0,143.0,35.0,,,12.0,3.0,,403.0,34.0,5.0,90.0,97.0,0.0,,1685.0,133.0,29.0,2.0,,,548.0,12.0,92.0,2164.0,42.0,1184.0,5.0,,3.0,20.0,46.0,,2.0,6.0,,0.8615,17.0,,,,,,4.0,4.0,39.0,,2.0,1.0,10.0,,,1.0,11.0,2.0,17.0,59.0,100.0,5.0,,1.1693,,,,3.0,2.0,1.0,1.0,,1.0,2.0,,,1.0,1.0,1.0,1.0,,,,,,,,,,,,,
15943,Thomas Vermaelen,Defender,Vissel Kobe,2738,Belgium,2013-14,28.0,,0.1728,0.0,,14.0,,21.0,14.0,7.0,32.0,347.0,,,53.0,1.0,,782.0,20.0,55.0,2.0,,6.0,22.0,275.0,,,1.0,15.653,9.0,78.0,16.0,8.0,163.0,,6.0,0.0,83.0,,114.0,29.0,14.0,,,4.0,1.0,1.0,107.0,14.0,3.0,30.0,33.0,0.0,,339.0,43.0,10.0,3.0,,,45.0,6.0,40.0,515.0,12.0,208.0,2.0,,0.0,11.0,6.0,,1.0,,,,3.0,1.0,2.0,7.0,,,,,8.0,3.0,,1.0,4.0,,2.0,1.0,3.0,1.0,2.0,19.0,25.0,15.0,,0.2349,,0.0482,,1.0,,,,,,,1.0,1.0,,,1.0,,1.0,,,,,,,,,,,,
51507,Laurent Koscielny,Defender,Arsenal,3,France,2013-14,95.0,,0.444,1.0,,54.0,,60.0,32.0,32.0,83.0,1269.0,,,99.0,16.0,,2741.0,46.0,125.0,2.0,3.0,19.0,72.0,1057.0,,,4.0,34.8167,4.0,234.0,25.0,49.0,514.0,,17.0,1.0,220.0,,406.0,176.0,32.0,,,13.0,5.0,2.0,246.0,23.0,10.0,121.0,53.0,0.0,,1243.0,106.0,41.0,4.0,,,290.0,30.0,129.0,1770.0,7.0,940.0,7.0,,1.0,23.0,29.0,,2.0,6.0,2.0,1.7517,11.0,,2.0,,,,4.0,4.0,25.0,,3.0,2.0,13.0,,2.0,2.0,5.0,2.0,23.0,89.0,59.0,2.0,3.0,2.0769,,,1.0,1.0,2.0,0.0,,,2.0,1.0,,,,,,,1.0,1.0,1.0,1.0,,,,,,,,,
38411,Nacho Monreal,Defender,Real Sociedad,188,Spain,2013-14,64.0,,0.89,0.0,,29.0,,62.0,23.0,13.0,84.0,720.0,,,42.0,6.0,,1178.0,23.0,66.0,2.0,,24.0,47.0,615.0,,,1.0,18.5128,4.0,56.0,17.0,41.0,324.0,,12.0,0.0,130.0,,231.0,89.0,23.0,,,8.0,,9.0,370.0,15.0,18.0,88.0,19.0,0.0,,712.0,158.0,21.0,8.0,,,20.0,11.0,21.0,1075.0,22.0,273.0,3.0,,2.0,22.0,28.0,7.0,1.0,1.0,2.0,0.2117,3.0,1.0,35.0,10.0,,7.0,1.0,1.0,27.0,9.0,10.0,1.0,13.0,,35.0,1.0,2.0,7.0,3.0,25.0,145.0,98.0,4.0,0.342,,,1.0,5.0,,,,,,,,,,,3.0,,,,,,,,,,,,,,
98745,Héctor Bellerín,Defender,Real Betis,185,Spain,2013-14,,,,0.0,,,,,,,,,,,,,,,,,,,,,,,,,,,,,,,,,,,,,,,,,,,,,,,,,0.0,,,,,,,,,,,,,,,,0.0,,,,,,,,,,,,,,,,,,,,,,,,,,,,,,,,,,,,,,,,,,,,,,,,,,,,,,,,,,,,
80254,Carl Jenkinson,Defender,Bromley,2050,England,2013-14,27.0,,0.3877,0.0,,14.0,,48.0,14.0,7.0,59.0,398.0,,,15.0,3.0,,800.0,7.0,33.0,2.0,,20.0,25.0,329.0,,,2.0,11.1802,1.0,28.0,9.0,20.0,19.0,,4.0,0.0,60.0,,111.0,31.0,14.0,,,3.0,,11.0,185.0,7.0,12.0,45.0,8.0,0.0,,390.0,116.0,11.0,8.0,,,162.0,6.0,10.0,610.0,8.0,159.0,5.0,,1.0,11.0,21.0,5.0,,1.0,2.0,0.5738,2.0,2.0,28.0,7.0,,5.0,,,13.0,10.0,2.0,,8.0,,28.0,,1.0,4.0,4.0,6.0,106.0,68.0,,0.1888,,,,2.0,1.0,1.0,,,0.0,,,,,,,,,1.0,,,1.0,,,,,,,,
83564,Antonio Luna,Defender,Aston Villa,7,Spain,2013-14,68.0,,0.3486,0.0,,43.0,,78.0,17.0,16.0,106.0,440.0,,,20.0,4.0,,1381.0,9.0,75.0,1.0,,34.0,64.0,309.0,,,,19.5189,12.0,30.0,18.0,59.0,135.0,,10.0,0.0,143.0,,210.0,73.0,17.0,,,8.0,,12.0,157.0,17.0,26.0,123.0,11.0,0.0,,424.0,197.0,35.0,13.0,,,17.0,13.0,25.0,857.0,34.0,180.0,2.0,,2.0,28.0,39.0,3.0,,1.0,2.0,0.9001,1.0,,18.0,1.0,,3.0,,,7.0,30.0,5.0,,20.0,,18.0,,,6.0,8.0,26.0,78.0,146.0,2.0,0.3559,,,,1.0,1.0,1.0,,,0.0,,,,,,2.0,,,,,,1.0,,,1.0,,,1.0,,
52477,Nathan Baker,Defender,Bristol City,113,England,2013-14,145.0,,0.1286,0.0,,30.0,,171.0,30.0,29.0,216.0,693.0,,,187.0,6.0,,2478.0,88.0,138.0,9.0,1.0,13.0,39.0,443.0,,,3.0,38.0193,10.0,213.0,45.0,57.0,164.0,,14.0,0.0,283.0,,320.0,50.0,30.0,,,8.0,,2.0,93.0,36.0,4.0,96.0,99.0,0.0,,680.0,232.0,22.0,,,,154.0,35.0,34.0,1093.0,45.0,384.0,8.0,,6.0,45.0,87.0,,,4.0,,0.9857,12.0,,3.0,1.0,,,4.0,4.0,32.0,,3.0,,11.0,,3.0,,8.0,3.0,25.0,45.0,55.0,8.0,2.0,0.7731,,,1.0,,,,,,,,,,,,2.0,1.0,1.0,,,1.0,,,,1.0,,,,,
56981,Joe Bennett,Defender,Oxford United,106,England,2013-14,6.0,,0.0643,0.0,,8.0,,26.0,5.0,3.0,30.0,114.0,,,4.0,,,244.0,3.0,13.0,1.0,,6.0,12.0,80.0,,,,1.516,4.0,10.0,2.0,3.0,37.0,,1.0,0.0,19.0,,54.0,17.0,5.0,,,1.0,,1.0,44.0,1.0,1.0,15.0,1.0,0.0,,111.0,40.0,7.0,3.0,,,5.0,2.0,4.0,178.0,6.0,42.0,1.0,,2.0,4.0,9.0,2.0,,,,,1.0,,4.0,2.0,,2.0,,,2.0,1.0,,,1.0,,4.0,,1.0,1.0,,7.0,18.0,18.0,3.0,0.0351,,,,1.0,,,,,,,,,,,1.0,,,,,,,,,,,,,,
21095,Ron Vlaar,Defender,AZ,313,Netherlands,2013-14,62.0,,0.3094,0.0,,65.0,,147.0,32.0,32.0,253.0,1098.0,,,76.0,8.0,,2805.0,29.0,131.0,8.0,,17.0,84.0,731.0,,,4.0,41.3201,31.0,212.0,47.0,33.0,186.0,,12.0,0.0,193.0,,517.0,149.0,32.0,,,10.0,2.0,2.0,227.0,39.0,9.0,117.0,47.0,0.0,,1055.0,279.0,55.0,9.0,,,292.0,11.0,114.0,1554.0,104.0,618.0,6.0,,4.0,106.0,81.0,,2.0,2.0,,0.0416,8.0,1.0,3.0,,,,2.0,2.0,7.0,,3.0,,12.0,,3.0,,6.0,1.0,19.0,64.0,103.0,4.0,3.0,0.5295,,,2.0,,,,2.0,,,,,,2.0,,,,,,,,,,,,,,,,
80502,Jores Okore,Defender,FC København,569,Denmark,2013-14,6.0,,0.0551,0.0,,5.0,,7.0,3.0,2.0,11.0,92.0,,,6.0,,,167.0,3.0,11.0,,,3.0,8.0,74.0,,,,2.0751,1.0,15.0,3.0,3.0,9.0,,1.0,0.0,17.0,,31.0,12.0,3.0,,,1.0,,,25.0,3.0,,11.0,3.0,0.0,,92.0,12.0,4.0,2.0,,,38.0,3.0,7.0,123.0,1.0,56.0,1.0,,0.0,4.0,3.0,,,,,,,,1.0,1.0,,,,,1.0,,2.0,,3.0,,1.0,,,,1.0,3.0,14.0,,1.0,,,,,,,,,,,,,,,,,,,,,,,,,,,,,,
58845,Ciaran Clark,Defender,Stoke City,110,Ireland,2013-14,81.0,,0.6359,0.0,,44.0,,151.0,27.0,23.0,233.0,861.0,,,106.0,5.0,,2202.0,42.0,125.0,4.0,1.0,15.0,61.0,568.0,,,3.0,35.3824,26.0,202.0,38.0,39.0,222.0,,16.0,0.0,206.0,,442.0,71.0,27.0,,,8.0,1.0,3.0,201.0,34.0,6.0,100.0,64.0,0.0,,835.0,276.0,36.0,5.0,,,111.0,30.0,60.0,1307.0,95.0,430.0,11.0,,8.0,82.0,61.0,3.0,2.0,2.0,,,12.0,,5.0,4.0,,3.0,2.0,2.0,27.0,20.0,7.0,2.0,10.0,,5.0,2.0,10.0,4.0,24.0,25.0,86.0,36.0,2.0,0.959,,,,,,,,,,,,,,,1.0,1.0,3.0,,,,,,,,,,,,
40146,Ryan Bertrand,Defender,Leicester City U21,12940,England,2013-14,60.0,,,0.0,,30.0,,109.0,17.0,17.0,141.0,597.0,,,41.0,2.0,,1455.0,19.0,77.0,6.0,,33.0,55.0,444.0,,,4.0,,5.0,34.0,32.0,41.0,200.0,,16.0,0.0,137.0,,251.0,54.0,17.0,,,4.0,,10.0,270.0,26.0,18.0,96.0,22.0,0.0,,581.0,242.0,26.0,9.0,,,40.0,20.0,12.0,1015.0,29.0,188.0,6.0,,3.0,32.0,49.0,2.0,,1.0,6.0,,2.0,,28.0,,,2.0,,,7.0,32.0,4.0,,15.0,,28.0,,1.0,5.0,6.0,15.0,106.0,161.0,6.0,,,,1.0,3.0,,,,,,,,,,,1.0,,1.0,,,,,,,,,,,,
154936,Janoi Donacien,Defender,Chesterfield,98,St Lucia,2013-14,,,,0.0,,,,,,,,,,,,,,,,,,,,,,,,,,,,,,,,,,,,,,,,,,,,,,,,,0.0,,,,,,,,,,,,,,,,0.0,,,,,,,,,,,,,,,,,,,,,,,,,,,,,,,,,,,,,,,,,,,,,,,,,,,,,,,,,,,,
68983,Matthew Lowton,Defender,Burnley,90,England,2013-14,75.0,,1.488,0.0,,39.0,,111.0,23.0,18.0,157.0,678.0,,,31.0,2.0,,1663.0,16.0,67.0,4.0,,19.0,52.0,475.0,,,2.0,29.6665,7.0,56.0,36.0,59.0,34.0,,9.0,0.0,142.0,,281.0,68.0,23.0,,,10.0,,8.0,297.0,32.0,16.0,111.0,15.0,0.0,,667.0,257.0,29.0,5.0,,,246.0,15.0,46.0,1117.0,39.0,230.0,7.0,,4.0,46.0,42.0,6.0,,,4.0,,2.0,3.0,33.0,5.0,,6.0,,,8.0,32.0,12.0,,12.0,,33.0,,2.0,6.0,6.0,31.0,117.0,157.0,3.0,0.0647,,,3.0,,,,,,,,,,,,,,1.0,,,1.0,,,,,,,,,
56206,Jordan Bowery,Defender,Mansfield Town,77,St Kitts & Nevis,2013-14,52.0,,0.1792,0.0,,3.0,,24.0,9.0,2.0,24.0,90.0,,,53.0,,,234.0,34.0,24.0,1.0,,3.0,5.0,65.0,,,1.0,5.595,,1.0,6.0,18.0,17.0,,2.0,0.0,76.0,,19.0,7.0,9.0,,,,,1.0,54.0,5.0,14.0,23.0,19.0,0.0,,85.0,44.0,3.0,,,,19.0,6.0,1.0,133.0,,13.0,1.0,,0.0,,3.0,1.0,,4.0,2.0,0.5951,7.0,1.0,1.0,7.0,,1.0,4.0,4.0,10.0,,1.0,,2.0,,1.0,,3.0,5.0,,1.0,35.0,1.0,2.0,0.344,,,,9.0,,,,,,,,,,,,,1.0,,,,,,,1.0,,,,,
18145,Andrew Taylor,Defender,Bolton Wanderers,30,England,2013-14,39.0,,0.6447,0.0,,12.0,,90.0,18.0,18.0,131.0,629.0,,,38.0,4.0,,1573.0,15.0,43.0,11.0,,16.0,20.0,456.0,,,,29.1443,6.0,58.0,33.0,24.0,248.0,,10.0,0.0,82.0,,248.0,69.0,18.0,,,1.0,,5.0,231.0,22.0,16.0,44.0,23.0,0.0,,605.0,207.0,11.0,2.0,,,37.0,3.0,42.0,986.0,25.0,279.0,,,0.0,41.0,40.0,11.0,2.0,2.0,,0.0147,3.0,,14.0,,,12.0,2.0,2.0,8.0,35.0,10.0,,5.0,,16.0,,1.0,6.0,9.0,22.0,96.0,123.0,3.0,0.1494,,,,2.0,,,2.0,1.0,,,,,2.0,,,,1.0,,,,3.0,1.0,2.0,,,,,,
54771,Fábio,Defender,Nantes,430,Brazil,2013-14,81.0,,0.2405,0.0,,46.0,,80.0,14.0,14.0,93.0,402.0,,,24.0,1.0,,1092.0,12.0,85.0,3.0,,32.0,73.0,299.0,,,2.0,20.7351,4.0,31.0,23.0,69.0,42.0,,16.0,0.0,166.0,,193.0,65.0,14.0,,,13.0,,12.0,173.0,20.0,32.0,142.0,12.0,0.0,,397.0,195.0,33.0,12.0,,,114.0,18.0,10.0,779.0,8.0,138.0,6.0,,2.0,13.0,31.0,2.0,4.0,3.0,4.0,0.2434,6.0,,31.0,,1.0,2.0,2.0,2.0,11.0,22.0,7.0,2.0,15.0,1.0,32.0,2.0,3.0,5.0,3.0,18.0,53.0,111.0,9.0,0.4239,,,1.0,4.0,,,2.0,,,,,,2.0,,3.0,,2.0,,,,,,,,,,,,
68815,Steven Caulker,Defender,Wigan Athletic,111,Sierra Leone,2013-14,120.0,,0.8489,0.0,,44.0,,231.0,38.0,38.0,339.0,1326.0,,,244.0,7.0,,3420.0,100.0,196.0,12.0,,31.0,52.0,917.0,,,2.0,73.8044,8.0,327.0,74.0,20.0,215.0,,8.0,2.0,316.0,,665.0,116.0,38.0,,,13.0,1.0,2.0,307.0,62.0,6.0,72.0,144.0,0.0,,1312.0,365.0,31.0,2.0,,,336.0,7.0,70.0,1921.0,45.0,680.0,2.0,,1.0,108.0,83.0,,6.0,9.0,,2.228,28.0,,5.0,,,,4.0,4.0,66.0,,9.0,5.0,13.0,,5.0,5.0,19.0,6.0,59.0,47.0,110.0,2.0,,4.4254,,,,1.0,5.0,2.0,1.0,2.0,3.0,4.0,,,1.0,,3.0,2.0,,1.0,,1.0,,,,,,,,,
55412,Juan Cala,Defender,Cádiz,1737,Spain,2013-14,26.0,,0.0644,1.0,,19.0,,33.0,7.0,7.0,52.0,176.0,,,30.0,1.0,,585.0,12.0,42.0,2.0,1.0,2.0,24.0,99.0,,,1.0,14.4954,5.0,38.0,15.0,14.0,48.0,,4.0,1.0,68.0,,88.0,27.0,7.0,,,6.0,1.0,,34.0,13.0,1.0,38.0,18.0,1.0,,171.0,63.0,13.0,1.0,,,24.0,8.0,25.0,288.0,4.0,91.0,2.0,,3.0,19.0,19.0,1.0,3.0,2.0,1.0,1.1113,4.0,,2.0,,,1.0,,,6.0,1.0,1.0,2.0,1.0,,2.0,2.0,2.0,1.0,4.0,19.0,16.0,3.0,,0.6511,,,,,2.0,2.0,1.0,,0.0,,,,1.0,,3.0,,,,,,,,,,,,1.0,,1.0
7638,Mark Hudson,Defender,Huddersfield Town,38,England,2013-14,6.0,,0.004,0.0,,,,13.0,2.0,2.0,17.0,93.0,,,17.0,,,147.0,4.0,15.0,1.0,,,2.0,66.0,,,,2.7463,,21.0,3.0,2.0,31.0,,2.0,0.0,21.0,,46.0,4.0,2.0,,,,,,11.0,2.0,,4.0,13.0,0.0,,90.0,17.0,,,,,13.0,1.0,10.0,128.0,1.0,65.0,1.0,,0.0,4.0,6.0,,1.0,,,,2.0,,,,,,,,3.0,,,1.0,,,,1.0,2.0,,2.0,5.0,3.0,,2.0,0.1812,,,,,,,,,,,,,,,,,,,,,,,,,,,,,
36956,Ben Turner,Defender,Buxton,3145,England,2013-14,106.0,,0.8232,0.0,,37.0,,190.0,31.0,30.0,299.0,1044.0,,,190.0,6.0,,2720.0,71.0,162.0,9.0,,18.0,43.0,664.0,,,,55.3689,14.0,290.0,53.0,35.0,279.0,,7.0,0.0,268.0,,542.0,50.0,31.0,,,9.0,1.0,1.0,164.0,44.0,2.0,78.0,119.0,0.0,,1034.0,313.0,28.0,2.0,,,126.0,26.0,81.0,1507.0,65.0,583.0,5.0,,5.0,109.0,79.0,2.0,1.0,2.0,,0.4212,7.0,1.0,2.0,1.0,,2.0,2.0,2.0,37.0,,6.0,1.0,4.0,,2.0,1.0,5.0,1.0,33.0,38.0,97.0,8.0,1.0,0.5315,,,,,,,,2.0,,,,,,,5.0,1.0,,,,1.0,,,,,,,,,
27698,Matthew Connolly,Defender,Cardiff City U21,8949,England,2013-14,15.0,,0.0586,0.0,,6.0,,25.0,3.0,3.0,32.0,97.0,,,10.0,1.0,,270.0,5.0,14.0,1.0,,8.0,9.0,61.0,,,,3.3123,3.0,17.0,4.0,10.0,2.0,,1.0,0.0,29.0,,47.0,7.0,3.0,,,1.0,,1.0,39.0,3.0,1.0,19.0,5.0,0.0,,97.0,51.0,5.0,2.0,,,37.0,5.0,4.0,180.0,4.0,28.0,,,2.0,7.0,10.0,2.0,,1.0,,0.109,2.0,,3.0,,,2.0,1.0,1.0,4.0,12.0,1.0,,3.0,,3.0,,1.0,2.0,3.0,5.0,11.0,21.0,,0.1061,,,,,,,,,,,,,,,,,,,,,,,,,,,,,
65972,Declan John,Defender,Salford City,3448,Wales,2013-14,55.0,,0.2922,0.0,,26.0,,72.0,20.0,16.0,97.0,465.0,,,36.0,2.0,,1487.0,24.0,56.0,1.0,,14.0,44.0,348.0,,,,33.4969,2.0,30.0,31.0,31.0,171.0,,4.0,0.0,111.0,,179.0,55.0,20.0,,,6.0,,8.0,201.0,30.0,17.0,75.0,12.0,0.0,,459.0,177.0,20.0,15.0,,,26.0,3.0,20.0,781.0,18.0,171.0,2.0,,0.0,25.0,43.0,4.0,1.0,3.0,7.0,0.3765,4.0,,20.0,4.0,1.0,4.0,2.0,2.0,6.0,30.0,5.0,,5.0,1.0,20.0,,1.0,7.0,1.0,10.0,89.0,116.0,1.0,0.1777,,,,,,,1.0,,,,,,1.0,,,,,,,,,,,,,,,,
2368,Kevin McNaughton,Defender,Wigan Athletic,111,Scotland,2013-14,7.0,,0.2681,0.0,,6.0,,15.0,5.0,3.0,22.0,112.0,,,1.0,,,281.0,,8.0,1.0,,6.0,7.0,87.0,,,,8.9876,,10.0,8.0,7.0,4.0,,,0.0,15.0,,52.0,13.0,5.0,,,2.0,,1.0,37.0,7.0,2.0,14.0,1.0,0.0,,111.0,32.0,4.0,1.0,,,38.0,,3.0,176.0,5.0,55.0,,,0.0,7.0,10.0,2.0,,,,,,,3.0,2.0,,2.0,,,,4.0,3.0,,2.0,,3.0,,,,,7.0,18.0,19.0,1.0,,,,,1.0,,,,,,,,,,,1.0,,,,,,,,,,,,,,
58636,Kévin Théophile-Catherine,Defender,Dinamo Zagreb,394,France,2013-14,150.0,,1.1875,0.0,,62.0,,223.0,28.0,26.0,296.0,870.0,,,111.0,6.0,,2356.0,52.0,166.0,8.0,,51.0,107.0,548.0,,,2.0,51.5074,11.0,119.0,51.0,98.0,37.0,,25.0,0.0,316.0,,479.0,121.0,28.0,,,15.0,,6.0,346.0,43.0,50.0,205.0,59.0,0.0,,863.0,523.0,47.0,21.0,,,227.0,30.0,26.0,1706.0,55.0,249.0,3.0,,3.0,73.0,78.0,21.0,4.0,2.0,5.0,0.2385,6.0,,66.0,2.0,1.0,21.0,1.0,1.0,8.0,75.0,11.0,,16.0,1.0,66.0,,4.0,14.0,13.0,51.0,127.0,245.0,,0.3443,1.0,,1.0,2.0,,,4.0,,,,,,4.0,,,,2.0,,,,,,,,,,,,
182908,Tom James,Defender,Leyton Orient,85,Wales,2013-14,,,,0.0,,,,1.0,1.0,,1.0,4.0,,,,,,1.0,,,,,,,3.0,,,,0.1312,,,,,,,,0.0,,,1.0,1.0,1.0,,,,,,,,,,,0.0,,4.0,1.0,,,,,2.0,,,4.0,1.0,3.0,,,0.0,,1.0,,,,,,,,,1.0,,,,,,,,,,,,,,,,,1.0,,,,,,,,,,,,,,,,,,,,,,,,,,,,,,,,
41135,Branislav Ivanovic,Defender,West Bromwich Albion,35,Serbia,2013-14,143.0,,,0.0,,65.0,,201.0,36.0,36.0,275.0,1522.0,,,173.0,16.0,,3180.0,53.0,228.0,2.0,,39.0,108.0,1169.0,,,1.0,,7.0,179.0,27.0,90.0,78.0,,26.0,2.0,371.0,,572.0,170.0,36.0,,,11.0,,16.0,711.0,25.0,31.0,198.0,120.0,0.0,,1483.0,491.0,54.0,19.0,,,601.0,47.0,78.0,2442.0,36.0,559.0,17.0,,8.0,74.0,46.0,23.0,6.0,10.0,3.0,,32.0,1.0,92.0,,,23.0,,,78.0,70.0,28.0,,18.0,,92.0,,22.0,20.0,8.0,38.0,271.0,256.0,1.0,,,,,9.0,3.0,2.0,,,1.0,1.0,,1.0,,,7.0,2.0,1.0,1.0,,,,,,,,,1.0,,
3785,Ashley Cole,Defender,Derby County,24,England,2013-14,64.0,,,0.0,,39.0,,58.0,17.0,15.0,70.0,699.0,,,26.0,8.0,,1386.0,18.0,72.0,,,23.0,64.0,600.0,,,,,4.0,29.0,8.0,46.0,300.0,,16.0,0.0,136.0,,226.0,71.0,17.0,,,12.0,2.0,14.0,330.0,8.0,22.0,110.0,8.0,0.0,,689.0,145.0,27.0,9.0,,,50.0,14.0,29.0,1072.0,9.0,303.0,4.0,,1.0,12.0,20.0,4.0,2.0,1.0,,,2.0,2.0,13.0,2.0,,4.0,,,12.0,22.0,15.0,,15.0,,13.0,,1.0,6.0,3.0,20.0,123.0,140.0,2.0,,,,,3.0,,,,,,,,,,,1.0,,1.0,,,,,,,,,,,,
41270,David Luiz,Defender,Pafos,11097,Brazil,2013-14,79.0,,,0.0,,22.0,,77.0,19.0,15.0,152.0,819.0,,,67.0,4.0,,1358.0,26.0,98.0,,,17.0,57.0,563.0,,,,,6.0,87.0,10.0,53.0,167.0,,23.0,0.0,177.0,,335.0,83.0,19.0,,,5.0,,7.0,260.0,10.0,12.0,110.0,41.0,0.0,,786.0,186.0,17.0,12.0,,,237.0,26.0,104.0,1083.0,44.0,409.0,7.0,,6.0,75.0,16.0,2.0,7.0,7.0,1.0,,24.0,1.0,5.0,4.0,,2.0,,,13.0,,2.0,,12.0,,5.0,,17.0,7.0,6.0,25.0,80.0,2.0,2.0,,,,2.0,6.0,,,,,,,,9.0,,,,1.0,1.0,,,,,,,,,,,,
126184,Nathan Aké,Defender,Manchester City,43,Netherlands,2013-14,,,,0.0,,,,,1.0,,,4.0,,,,,,11.0,,,,,,,4.0,,,,,,1.0,,,1.0,,,0.0,,,3.0,,1.0,,,,,,3.0,,,,,0.0,,4.0,,,,,,,,,6.0,,1.0,,,0.0,,,,,,,,,,,1.0,,,,,,,,,,,,,,,,,,,,,,,,,,,,,,,,,,,,,,,,,,,,,,,,,
19419,Gary Cahill,Defender,Bournemouth,91,England,2013-14,71.0,,,0.0,,34.0,,106.0,30.0,29.0,154.0,1310.0,,,152.0,16.0,,2623.0,46.0,161.0,2.0,,15.0,55.0,1062.0,,,1.0,,9.0,205.0,19.0,25.0,223.0,,20.0,0.0,232.0,,569.0,142.0,30.0,,,7.0,1.0,1.0,292.0,17.0,9.0,80.0,106.0,0.0,,1273.0,175.0,27.0,6.0,,,444.0,12.0,94.0,1695.0,47.0,865.0,2.0,,2.0,48.0,42.0,1.0,3.0,5.0,,,15.0,1.0,2.0,1.0,,1.0,,,45.0,,7.0,,10.0,,2.0,,10.0,3.0,21.0,29.0,74.0,4.0,,,,,,1.0,1.0,0.0,,,1.0,1.0,,,,,,1.0,1.0,,,,,,,,,,,,
1718,John Terry,Defender,Aston Villa,7,England,2013-14,72.0,,,0.0,,29.0,,108.0,34.0,34.0,169.0,1709.0,,,156.0,16.0,,3060.0,53.0,145.0,2.0,,11.0,42.0,1419.0,,,1.0,,17.0,224.0,25.0,19.0,518.0,,21.0,1.0,217.0,,713.0,140.0,34.0,,,11.0,,1.0,439.0,23.0,3.0,61.0,103.0,0.0,,1658.0,185.0,18.0,2.0,,,365.0,14.0,121.0,2104.0,52.0,1101.0,1.0,,3.0,61.0,41.0,,4.0,8.0,,,22.0,1.0,,,,,,,47.0,,4.0,,4.0,,,,14.0,4.0,20.0,36.0,113.0,4.0,,,,,,3.0,2.0,1.0,,1.0,1.0,2.0,,,,,2.0,2.0,2.0,,,1.0,,,,1.0,,,,,
41328,César Azpilicueta,Defender,Atlético de Madrid,175,Spain,2013-14,108.0,,,0.0,,98.0,,164.0,29.0,26.0,232.0,1193.0,,,71.0,12.0,,2325.0,29.0,169.0,2.0,1.0,49.0,127.0,895.0,,,1.0,,24.0,135.0,19.0,79.0,378.0,,24.0,0.0,277.0,,553.0,142.0,29.0,,,24.0,1.0,12.0,495.0,17.0,20.0,206.0,42.0,0.0,,1167.0,378.0,74.0,8.0,,,93.0,30.0,66.0,1997.0,61.0,477.0,13.0,,1.0,68.0,64.0,11.0,1.0,2.0,6.0,,4.0,,23.0,3.0,,11.0,,,13.0,75.0,12.0,,32.0,,23.0,,2.0,8.0,9.0,53.0,169.0,242.0,2.0,,,,,4.0,,,,,,,,,,,1.0,1.0,,,,1.0,,,,1.0,,,,,
84482,Tomás Kalas,Defender,Bristol City,113,Czech Republic,2013-14,2.0,,,0.0,,,,2.0,2.0,2.0,2.0,44.0,,,2.0,1.0,,180.0,1.0,2.0,,,,1.0,35.0,,,,,1.0,12.0,1.0,1.0,20.0,,,0.0,4.0,,11.0,11.0,2.0,,,,,,10.0,1.0,,2.0,1.0,0.0,,44.0,2.0,,1.0,,,13.0,,7.0,64.0,,32.0,,,0.0,,1.0,,,,,,1.0,,,,,,,,1.0,,,,,,,,1.0,,3.0,3.0,,,,,,,,,,,,,,,,,,,,,,,,,,,,,,,,,
40146,Ryan Bertrand,Defender,Leicester City U21,12940,England,2013-14,60.0,,,0.0,,30.0,,109.0,17.0,17.0,141.0,597.0,,,41.0,2.0,,1455.0,19.0,77.0,6.0,,33.0,55.0,444.0,,,4.0,,5.0,34.0,32.0,41.0,200.0,,16.0,0.0,137.0,,251.0,54.0,17.0,,,4.0,,10.0,270.0,26.0,18.0,96.0,22.0,0.0,,581.0,242.0,26.0,9.0,,,40.0,20.0,12.0,1015.0,29.0,188.0,6.0,,3.0,32.0,49.0,2.0,,1.0,6.0,,2.0,,28.0,,,2.0,,,7.0,32.0,4.0,,15.0,,28.0,,1.0,5.0,6.0,15.0,106.0,161.0,6.0,,,,1.0,3.0,,,,,,,,,,,1.0,,1.0,,,,,,,,,,,,
18146,Peter Ramage,Defender,Coventry City,9,England,2013-14,,,,0.0,,,,,,,,,,,,,,,,,,,,,,,,,,,,,,,,,,,,,,,,,,,,,,,,,0.0,,,,,,,,,,,,,,,,0.0,,,,,,,,,,,,,,,,,,,,,,,,,,,,,,,,,,,,,,,,,,,,,,,,,,,,,,,,,,,,
55494,Joel Ward,Defender,Crystal Palace,31,England,2013-14,157.0,,,0.0,,114.0,,194.0,36.0,36.0,259.0,1058.0,1.0,,114.0,12.0,,3240.0,42.0,254.0,6.0,,64.0,182.0,760.0,,,5.0,,25.0,168.0,44.0,115.0,151.0,,41.0,0.0,411.0,,465.0,199.0,36.0,,,12.0,,31.0,481.0,38.0,61.0,297.0,72.0,0.0,1.0,1039.0,533.0,102.0,31.0,,,251.0,31.0,39.0,2134.0,66.0,334.0,11.0,,3.0,65.0,70.0,9.0,8.0,5.0,5.0,,11.0,2.0,59.0,,,16.0,,,29.0,104.0,18.0,,31.0,,81.0,,6.0,22.0,12.0,88.0,191.0,244.0,,,,,,8.0,,,,,,,,,,,2.0,1.0,1.0,,,1.0,26.0,7.0,18.0,,,,,,
20145,Adrian Mariappa,Defender,Wealdstone,3096,Jamaica,2013-14,89.0,,,0.0,,49.0,,105.0,24.0,23.0,149.0,585.0,,,85.0,8.0,,2113.0,33.0,120.0,6.0,,24.0,68.0,411.0,,,3.0,,18.0,112.0,31.0,56.0,34.0,,17.0,0.0,209.0,,334.0,82.0,24.0,,,13.0,1.0,15.0,246.0,25.0,20.0,124.0,52.0,0.0,,580.0,312.0,36.0,6.0,,,153.0,16.0,25.0,1164.0,46.0,198.0,4.0,,6.0,44.0,33.0,8.0,1.0,1.0,3.0,,4.0,1.0,38.0,1.0,,8.0,,,13.0,87.0,6.0,,11.0,,38.0,,3.0,6.0,8.0,57.0,64.0,115.0,1.0,,,,,2.0,1.0,0.0,,1.0,1.0,1.0,,,,,1.0,,1.0,,,1.0,,,,,,,,,
62023,Jonathan Parr,Defender,Ipswich Town,40,Norway,2013-14,26.0,,,0.0,,19.0,,35.0,15.0,7.0,49.0,183.0,,,18.0,2.0,,756.0,11.0,33.0,,1.0,6.0,26.0,129.0,,,2.0,,11.0,32.0,10.0,15.0,54.0,,6.0,0.0,59.0,,92.0,37.0,15.0,,,3.0,,5.0,84.0,10.0,7.0,41.0,7.0,0.0,,182.0,95.0,16.0,1.0,,,10.0,4.0,5.0,380.0,18.0,55.0,1.0,,0.0,14.0,15.0,5.0,1.0,,1.0,,1.0,,14.0,8.0,,5.0,,,6.0,22.0,5.0,,1.0,,14.0,,1.0,6.0,,19.0,27.0,54.0,1.0,,,,,,,,,,,,,,,,,,,,,,,,,,,,,,
15274,Paddy McCarthy,Defender,Crystal Palace,31,Ireland,2013-14,,,,0.0,,,,2.0,1.0,,2.0,6.0,,,1.0,,,26.0,,1.0,,,,,4.0,,,,,,3.0,,,,,,0.0,1.0,,2.0,,1.0,,,,,,,,,,1.0,0.0,,6.0,2.0,,,,,4.0,,,10.0,,4.0,,,0.0,,1.0,,,,,,1.0,,,1.0,,,,,1.0,,,,,,,,1.0,,,,,,,,,,,,,,,,,,,,,,,,,,,,,,,,,,,,
19188,Scott Dann,Defender,Reading,108,England,2013-14,30.0,,,0.0,,16.0,,40.0,14.0,14.0,80.0,253.0,,,46.0,5.0,,1260.0,21.0,46.0,2.0,,7.0,21.0,140.0,,,1.0,,14.0,108.0,15.0,9.0,23.0,,4.0,0.0,76.0,,169.0,40.0,14.0,,,7.0,1.0,2.0,87.0,13.0,2.0,30.0,25.0,0.0,,229.0,85.0,9.0,1.0,,,46.0,5.0,33.0,454.0,32.0,86.0,3.0,,4.0,40.0,9.0,,1.0,2.0,,,3.0,,,,,,,,9.0,,,,4.0,,,,1.0,1.0,13.0,34.0,15.0,,,,,,,2.0,1.0,1.0,,,0.0,1.0,,,,,,,,,,,,,,,,,,,
1059,Danny Gabbidon,Defender,Cardiff City,97,Wales,2013-14,53.0,,,0.0,,33.0,,55.0,23.0,22.0,112.0,464.0,,,95.0,6.0,,1974.0,31.0,105.0,4.0,,15.0,41.0,306.0,,,4.0,,37.0,200.0,26.0,22.0,62.0,,5.0,0.0,158.0,,205.0,87.0,23.0,,,9.0,2.0,2.0,62.0,22.0,4.0,63.0,64.0,0.0,,443.0,127.0,24.0,4.0,,,131.0,10.0,46.0,808.0,56.0,290.0,2.0,,0.0,57.0,35.0,,1.0,1.0,,,2.0,,,1.0,,,,,3.0,,1.0,,8.0,,,,1.0,,16.0,39.0,66.0,1.0,1.0,,,,,,1.0,0.0,,,1.0,,,,,,,,,,,1.0,,,,1.0,,,1.0,,
19635,Dean Moxey,Defender,Torquay United,79,England,2013-14,41.0,,,0.0,,51.0,,93.0,20.0,18.0,146.0,454.0,,,20.0,4.0,,1518.0,5.0,86.0,4.0,2.0,32.0,71.0,286.0,,,4.0,,19.0,63.0,25.0,36.0,138.0,,12.0,0.0,127.0,,236.0,81.0,20.0,,,11.0,1.0,8.0,159.0,21.0,13.0,107.0,15.0,0.0,,448.0,255.0,40.0,10.0,,,24.0,12.0,22.0,920.0,54.0,151.0,5.0,,2.0,53.0,38.0,2.0,2.0,2.0,5.0,,7.0,1.0,19.0,2.0,,2.0,,,10.0,63.0,5.0,,15.0,,19.0,,5.0,5.0,3.0,29.0,56.0,127.0,2.0,,,,,2.0,,,,,,,,,,,2.0,,2.0,,,,,,,,,,,,
7906,Damien Delaney,Defender,Crystal Palace,31,Ireland,2013-14,111.0,,,0.0,,70.0,,141.0,37.0,37.0,300.0,803.0,,,153.0,12.0,,3285.0,50.0,184.0,6.0,,21.0,81.0,410.0,,,6.0,,78.0,337.0,45.0,61.0,148.0,,13.0,0.0,295.0,,520.0,115.0,37.0,,,23.0,1.0,8.0,194.0,39.0,11.0,142.0,103.0,0.0,,735.0,333.0,47.0,,,,92.0,27.0,93.0,1431.0,169.0,311.0,15.0,,9.0,159.0,62.0,2.0,,6.0,2.0,,14.0,1.0,3.0,,,2.0,,,26.0,,4.0,,10.0,,3.0,,8.0,2.0,35.0,85.0,43.0,3.0,1.0,,,,,1.0,1.0,0.0,,,1.0,,,,,,1.0,,,,,,,,,1.0,,,1.0,,
114536,Ryan Inniss,Defender,Forest Green Rovers,302,England,2013-14,,,,0.0,,,,,,,,,,,,,,,,,,,,,,,,,,,,,,,,,,,,,,,,,,,,,,,,,0.0,,,,,,,,,,,,,,,,0.0,,,,,,,,,,,,,,,,,,,,,,,,,,,,,,,,,,,,,,,,,,,,,,,,,,,,,,,,,,,,
9007,Tony Hibbert,Defender,Everton PL2,7592,England,2013-14,1.0,,0.0001,0.0,,,,2.0,1.0,,2.0,4.0,,,1.0,,,3.0,1.0,,,,1.0,,1.0,,,,,,,,,,,,0.0,1.0,,2.0,,1.0,,,,,,,,,,,0.0,,4.0,2.0,,,,,,,1.0,6.0,,2.0,,,0.0,,1.0,,,,,,,,,1.0,,,,,,,,,,,,,,,,,2.0,1.0,,,,,,,,,,,,,,,,,,,,,,,,,,,,,,,
12745,Leighton Baines,Defender,Everton,11,England,2013-14,111.0,,4.4897,0.0,,94.0,,159.0,32.0,32.0,216.0,1521.0,,,34.0,13.0,,2839.0,20.0,196.0,8.0,,83.0,182.0,1248.0,,,1.0,30.7751,11.0,76.0,34.0,91.0,700.0,,56.0,1.0,307.0,,523.0,118.0,32.0,,,18.0,,27.0,844.0,26.0,50.0,273.0,14.0,0.0,,1457.0,559.0,76.0,33.0,,,32.0,25.0,57.0,2641.0,32.0,500.0,12.0,,6.0,57.0,47.0,17.0,6.0,5.0,8.0,3.8791,15.0,4.0,80.0,,,39.0,,,44.0,57.0,45.0,3.0,34.0,,189.0,3.0,10.0,35.0,7.0,35.0,266.0,328.0,2.0,3.3645,,0.5113,2.0,18.0,5.0,3.0,3.0,,2.0,,7.0,7.0,3.0,,10.0,1.0,1.0,,,,100.0,14.0,73.0,,3.0,3.0,5.0,2.0,
97299,John Stones,Defender,Manchester City,43,England,2013-14,38.0,,0.16,0.0,,26.0,,50.0,21.0,15.0,80.0,776.0,,,47.0,6.0,,1368.0,16.0,77.0,3.0,,10.0,46.0,606.0,,,,17.3735,5.0,87.0,19.0,22.0,113.0,,8.0,0.0,115.0,,258.0,66.0,21.0,,,9.0,1.0,3.0,262.0,16.0,11.0,68.0,31.0,0.0,,761.0,107.0,17.0,15.0,,,321.0,3.0,90.0,1029.0,14.0,435.0,2.0,,1.0,30.0,25.0,1.0,,,2.0,,1.0,,4.0,6.0,,1.0,,,5.0,1.0,6.0,,4.0,,4.0,,1.0,3.0,19.0,19.0,84.0,26.0,1.0,0.0426,,,,5.0,,,,,,,,,,,1.0,,,,,1.0,,,,,,,,,
7645,Phil Jagielka,Defender,Stoke City,110,England,2013-14,80.0,,0.5735,0.0,,44.0,,89.0,26.0,26.0,187.0,1415.0,,,124.0,10.0,,2316.0,52.0,135.0,5.0,,23.0,63.0,1009.0,,,3.0,32.0733,23.0,232.0,28.0,28.0,245.0,,19.0,0.0,215.0,,528.0,144.0,26.0,,,11.0,3.0,1.0,326.0,23.0,4.0,91.0,72.0,0.0,,1346.0,203.0,33.0,4.0,,,545.0,10.0,219.0,1839.0,78.0,903.0,2.0,,2.0,98.0,49.0,1.0,3.0,3.0,,0.2076,12.0,1.0,5.0,,,1.0,3.0,3.0,28.0,,5.0,3.0,10.0,,5.0,3.0,9.0,2.0,10.0,49.0,97.0,6.0,1.0,0.6843,,,1.0,1.0,,,,,,,,,,,,1.0,,,,,,,,,,,,,
6219,Sylvain Distin,Defender,Bournemouth,91,France,2013-14,87.0,,0.5307,0.0,,53.0,,140.0,33.0,33.0,237.0,1571.0,,,138.0,13.0,,2925.0,53.0,165.0,6.0,,33.0,80.0,1181.0,,,3.0,32.7941,23.0,274.0,29.0,34.0,428.0,,12.0,0.0,252.0,,763.0,139.0,33.0,,,10.0,3.0,4.0,417.0,23.0,9.0,114.0,85.0,0.0,,1513.0,265.0,43.0,16.0,,,268.0,10.0,153.0,2095.0,78.0,918.0,5.0,,3.0,97.0,56.0,1.0,1.0,2.0,,0.1935,11.0,,4.0,,,1.0,2.0,2.0,24.0,1.0,3.0,1.0,15.0,,4.0,1.0,9.0,1.0,18.0,56.0,112.0,9.0,1.0,1.7415,,,,,,,,1.0,,,,,,,4.0,,,,,,,,,,,,,,
77762,Bryan Oviedo,Defender,FC København,569,Costa Rica,2013-14,34.0,,1.3745,0.0,,29.0,,36.0,9.0,8.0,43.0,287.0,,,10.0,2.0,,718.0,7.0,49.0,,,18.0,46.0,236.0,,,3.0,11.1525,1.0,15.0,6.0,27.0,118.0,,10.0,1.0,83.0,,92.0,32.0,9.0,,,4.0,,1.0,167.0,6.0,12.0,73.0,3.0,0.0,,280.0,108.0,25.0,7.0,,,17.0,12.0,8.0,521.0,3.0,92.0,4.0,,1.0,7.0,11.0,12.0,4.0,5.0,1.0,0.8994,11.0,2.0,26.0,1.0,3.0,15.0,,,13.0,11.0,7.0,1.0,7.0,3.0,32.0,1.0,6.0,8.0,,8.0,60.0,50.0,2.0,0.7431,,,1.0,6.0,2.0,1.0,3.0,,1.0,,,,3.0,,1.0,,,1.0,,,8.0,3.0,4.0,1.0,,,1.0,,
59949,Séamus Coleman,Defender,Everton,11,Ireland,2013-14,134.0,,2.0827,0.0,,72.0,,123.0,36.0,36.0,160.0,1395.0,,,27.0,15.0,,3229.0,12.0,180.0,7.0,2.0,40.0,165.0,1193.0,,,3.0,36.4275,9.0,86.0,34.0,122.0,51.0,,31.0,2.0,314.0,,388.0,187.0,36.0,,,14.0,1.0,43.0,697.0,27.0,80.0,287.0,15.0,0.0,,1375.0,390.0,58.0,64.0,,,623.0,25.0,42.0,2365.0,26.0,565.0,3.0,,3.0,37.0,43.0,27.0,7.0,13.0,14.0,4.8835,23.0,2.0,61.0,,3.0,27.0,4.0,4.0,78.0,46.0,43.0,3.0,17.0,3.0,61.0,3.0,10.0,17.0,9.0,47.0,333.0,297.0,1.0,2.2728,,,2.0,21.0,6.0,2.0,4.0,,4.0,,,,4.0,,2.0,1.0,1.0,3.0,,,,,,1.0,,,3.0,,
149468,Tyias Browning,Defender,Everton PL2,7592,England,2013-14,,,,0.0,,,,,,,,,,,,,,,,,,,,,,,,,,,,,,,,,,,,,,,,,,,,,,,,,0.0,,,,,,,,,,,,,,,,0.0,,,,,,,,,,,,,,,,,,,,,,,,,,,,,,,,,,,,,,,,,,,,,,,,,,,,,,,,,,,,
80183,Luke Garbutt,Defender,Salford City,3448,England,2013-14,,,,0.0,,1.0,,1.0,1.0,,1.0,2.0,,,,,,1.0,,1.0,,,,1.0,1.0,,,,0.0548,,,,,1.0,,,0.0,1.0,,1.0,,1.0,,,,,,,,,1.0,,0.0,,2.0,1.0,1.0,,,,,,,3.0,,1.0,,,0.0,,1.0,,,,,,,,,1.0,,,,,,,,,,,,,,,,,,,,,,,,,,,,,,,,,,,,,,,,,,,,,,,,,
43035,Antolin Alcaraz,Defender,Everton,11,Paraguay,2013-14,22.0,,0.0757,0.0,,14.0,,27.0,6.0,5.0,43.0,261.0,,,36.0,,,495.0,16.0,41.0,3.0,,13.0,21.0,194.0,,,,6.9317,1.0,53.0,11.0,6.0,75.0,,3.0,0.0,63.0,,132.0,36.0,6.0,,,4.0,,,83.0,8.0,1.0,27.0,20.0,0.0,,246.0,48.0,10.0,6.0,,,39.0,3.0,24.0,381.0,13.0,135.0,1.0,,0.0,16.0,11.0,,,1.0,1.0,0.195,2.0,,1.0,1.0,,,1.0,1.0,5.0,,,,3.0,,1.0,,1.0,,6.0,16.0,15.0,3.0,,0.0864,,,,1.0,,,,,,,,,,,,,,,,,,,,1.0,,,,,
4098,John Arne Riise,Defender,APOEL Nicosia,479,Norway,2013-14,60.0,,1.2742,0.0,,32.0,,86.0,20.0,17.0,144.0,556.0,,,34.0,1.0,,1486.0,11.0,73.0,11.0,,17.0,50.0,358.0,,,4.0,40.6966,20.0,88.0,47.0,49.0,216.0,,6.0,0.0,133.0,,243.0,63.0,20.0,,,8.0,,13.0,228.0,36.0,23.0,99.0,23.0,0.0,,518.0,268.0,24.0,13.0,,,16.0,13.0,54.0,1028.0,55.0,195.0,5.0,,2.0,58.0,31.0,9.0,3.0,4.0,5.0,0.5757,15.0,,30.0,3.0,2.0,11.0,2.0,2.0,16.0,43.0,15.0,1.0,10.0,2.0,32.0,1.0,11.0,10.0,9.0,32.0,81.0,96.0,2.0,0.715,,0.145,,6.0,,,2.0,,,,2.0,2.0,2.0,,2.0,1.0,1.0,,,,5.0,1.0,2.0,,,,,,
10466,John Heitinga,Defender,Ajax,215,Netherlands,2013-14,48.0,,0.1376,0.0,,20.0,,46.0,15.0,14.0,90.0,402.0,,,41.0,2.0,,1250.0,27.0,37.0,4.0,,11.0,23.0,269.0,,,3.0,30.7944,4.0,95.0,32.0,21.0,45.0,,3.0,0.0,85.0,,178.0,56.0,15.0,,,8.0,,1.0,82.0,28.0,1.0,44.0,14.0,0.0,,377.0,110.0,12.0,1.0,,,133.0,15.0,43.0,628.0,22.0,230.0,4.0,,3.0,44.0,16.0,,4.0,2.0,,0.7716,5.0,1.0,4.0,1.0,,,1.0,1.0,8.0,11.0,4.0,1.0,6.0,,4.0,1.0,3.0,1.0,15.0,19.0,46.0,27.0,2.0,0.9093,,,,,1.0,0.0,3.0,,1.0,,,,3.0,,,1.0,,,,,,,,,,,1.0,,
16854,Philippe Senderos,Defender,Aston Villa,7,Switzerland,2013-14,33.0,,0.1731,0.0,,10.0,,35.0,12.0,12.0,54.0,420.0,,,38.0,2.0,,1027.0,17.0,36.0,5.0,1.0,8.0,15.0,335.0,,,1.0,17.1763,8.0,88.0,23.0,16.0,92.0,,4.0,0.0,69.0,,176.0,53.0,12.0,,,2.0,,,79.0,18.0,2.0,31.0,21.0,0.0,,404.0,64.0,8.0,1.0,,,113.0,10.0,31.0,589.0,22.0,288.0,2.0,,3.0,19.0,18.0,1.0,1.0,2.0,,0.4246,4.0,1.0,1.0,,,1.0,1.0,1.0,10.0,,1.0,1.0,5.0,,1.0,1.0,2.0,1.0,14.0,25.0,39.0,1.0,1.0,0.3102,,,,1.0,1.0,1.0,,,0.0,,,,,,,,,1.0,,,,,,,,,,,
15284,Brede Hangeland,Defender,Crystal Palace,31,Norway,2013-14,55.0,,0.159,0.0,,24.0,,96.0,23.0,23.0,144.0,818.0,,,84.0,3.0,,1906.0,27.0,97.0,6.0,,11.0,40.0,578.0,,,2.0,35.7351,6.0,183.0,41.0,28.0,224.0,,6.0,0.0,152.0,,378.0,84.0,23.0,,,4.0,,3.0,177.0,35.0,9.0,68.0,57.0,0.0,,799.0,162.0,20.0,11.0,,,171.0,9.0,96.0,1136.0,25.0,497.0,1.0,,0.0,48.0,34.0,,,1.0,,0.1273,4.0,,1.0,,,,1.0,1.0,8.0,,2.0,,4.0,,1.0,,3.0,1.0,16.0,37.0,45.0,2.0,3.0,0.339,,,,,,,,,,,,,,,,,,,,1.0,,,,,,,,,
52582,Elsad Zverotic,Defender,Sion,1414,Montenegro,2013-14,18.0,,0.1792,0.0,,12.0,,29.0,6.0,5.0,40.0,175.0,,,9.0,,,405.0,3.0,27.0,4.0,,9.0,21.0,129.0,,,,12.3483,7.0,13.0,16.0,15.0,2.0,,8.0,0.0,45.0,,78.0,16.0,6.0,,,5.0,,,86.0,12.0,1.0,36.0,6.0,0.0,,172.0,58.0,7.0,1.0,,,57.0,5.0,6.0,297.0,10.0,55.0,,,0.0,11.0,12.0,6.0,,1.0,,0.0694,4.0,,11.0,1.0,1.0,6.0,,,2.0,5.0,3.0,,3.0,1.0,11.0,,3.0,1.0,,4.0,38.0,49.0,2.0,0.1304,,0.0398,,9.0,,,,,,,1.0,1.0,,,,,,,,,,,,,,,,,
42425,Matthew Briggs,Defender,Barnet,34,Guyana,2013-14,3.0,,0.005,0.0,,8.0,,5.0,2.0,,5.0,30.0,,,1.0,,,87.0,,11.0,1.0,,2.0,10.0,24.0,,,,1.6943,1.0,2.0,1.0,3.0,11.0,,1.0,0.0,14.0,,11.0,2.0,2.0,,,1.0,,1.0,10.0,,2.0,13.0,1.0,0.0,,29.0,11.0,7.0,1.0,,,3.0,2.0,1.0,62.0,,15.0,1.0,,0.0,,1.0,,1.0,,,,,,1.0,2.0,,,,,1.0,2.0,,,1.0,,1.0,,,,,,5.0,9.0,,0.0204,,,,,,,1.0,,,,,,1.0,,,,1.0,,,,,,,,,,,,
17160,Sascha Riether,Defender,FC Schalke 04,167,Germany,2013-14,55.0,,1.1781,0.0,,40.0,,174.0,31.0,30.0,255.0,1247.0,,,33.0,4.0,,2646.0,17.0,76.0,12.0,1.0,37.0,60.0,910.0,,,4.0,48.4881,14.0,97.0,60.0,38.0,36.0,,11.0,0.0,131.0,,497.0,115.0,31.0,,,7.0,1.0,1.0,518.0,48.0,12.0,98.0,16.0,0.0,,1220.0,425.0,33.0,9.0,,,523.0,13.0,82.0,1940.0,83.0,483.0,5.0,,3.0,81.0,54.0,7.0,,1.0,2.0,0.2178,2.0,2.0,83.0,1.0,,9.0,1.0,1.0,15.0,49.0,25.0,,12.0,,85.0,,1.0,16.0,17.0,30.0,191.0,265.0,2.0,0.1604,,,1.0,9.0,,,,,,,,,,,,,,,,4.0,7.0,2.0,1.0,1.0,,,,,
78916,Dan Burn,Defender,Newcastle United,4,England,2013-14,34.0,,0.1218,0.0,,6.0,,39.0,9.0,6.0,64.0,205.0,,,36.0,,,605.0,15.0,28.0,4.0,,6.0,7.0,125.0,,,1.0,15.5611,1.0,81.0,18.0,19.0,48.0,,1.0,0.0,62.0,,102.0,17.0,9.0,,,1.0,,2.0,26.0,14.0,5.0,26.0,21.0,0.0,,205.0,79.0,5.0,,,,38.0,6.0,16.0,338.0,16.0,115.0,1.0,,0.0,25.0,18.0,,2.0,,,,2.0,,,3.0,,,,,11.0,6.0,1.0,2.0,5.0,,,2.0,2.0,1.0,6.0,7.0,17.0,3.0,1.0,0.1526,,,,,,,,,,,,,,,,,,,,1.0,,,,,,,,,
20599,Fernando Amorebieta,Defender,Fulham,54,Venezuela,2013-14,79.0,,0.4605,1.0,,23.0,,85.0,23.0,20.0,163.0,679.0,,,112.0,3.0,,1846.0,42.0,107.0,8.0,2.0,19.0,37.0,435.0,,,2.0,34.6375,13.0,190.0,43.0,37.0,219.0,,12.0,0.0,186.0,,345.0,51.0,23.0,,,4.0,,3.0,174.0,35.0,7.0,74.0,70.0,1.0,,661.0,202.0,19.0,7.0,,,59.0,25.0,81.0,1073.0,48.0,343.0,5.0,,5.0,78.0,36.0,1.0,1.0,4.0,,1.2417,10.0,,6.0,3.0,,1.0,3.0,3.0,15.0,17.0,5.0,1.0,7.0,,6.0,1.0,6.0,5.0,17.0,44.0,56.0,20.0,1.0,0.6684,,,,2.0,1.0,0.0,,,1.0,1.0,,,,,1.0,,,,,2.0,,,,1.0,,,,,
112060,Josh Passley,Defender,Bromley,2050,England,2013-14,,,,0.0,,,,,,,,,,,,,,,,,,,,,,,,,,,,,,,,,,,,,,,,,,,,,,,,,0.0,,,,,,,,,,,,,,,,0.0,,,,,,,,,,,,,,,,,,,,,,,,,,,,,,,,,,,,,,,,,,,,,,,,,,,,,,,,,,,,
15073,Kieran Richardson,Defender,Cardiff City,97,England,2013-14,108.0,,1.7008,0.0,,60.0,,140.0,31.0,28.0,189.0,854.0,,,64.0,2.0,,2381.0,32.0,123.0,8.0,,34.0,91.0,614.0,,,2.0,45.603,15.0,91.0,52.0,76.0,314.0,,16.0,0.0,231.0,,331.0,135.0,31.0,,,12.0,1.0,10.0,350.0,44.0,40.0,167.0,32.0,0.0,,826.0,363.0,48.0,16.0,,,61.0,17.0,51.0,1466.0,36.0,336.0,3.0,,5.0,49.0,55.0,14.0,6.0,6.0,2.0,3.4749,21.0,3.0,47.0,3.0,,21.0,2.0,2.0,30.0,42.0,19.0,1.0,16.0,,58.0,1.0,15.0,13.0,5.0,40.0,148.0,114.0,9.0,3.6195,,0.3214,,10.0,4.0,2.0,5.0,,2.0,,4.0,4.0,5.0,,4.0,,3.0,2.0,,1.0,11.0,4.0,5.0,,,,2.0,,
15137,Liam Rosenior,Defender,Brighton and Hove Albion U23,8951,England,2013-14,83.0,,1.6232,0.0,,73.0,,211.0,29.0,22.0,268.0,967.0,,,49.0,6.0,,1986.0,26.0,129.0,2.0,,62.0,106.0,660.0,,,2.0,23.4527,12.0,70.0,28.0,57.0,213.0,,15.0,1.0,212.0,,456.0,104.0,29.0,,,19.0,,11.0,450.0,26.0,28.0,163.0,23.0,0.0,,963.0,435.0,54.0,20.0,,,153.0,14.0,39.0,1623.0,55.0,265.0,8.0,,5.0,57.0,64.0,16.0,2.0,2.0,2.0,0.6536,7.0,2.0,51.0,7.0,1.0,16.0,,,15.0,60.0,18.0,1.0,24.0,1.0,51.0,1.0,5.0,6.0,10.0,36.0,145.0,193.0,7.0,1.1354,,,,11.0,1.0,0.0,1.0,,1.0,1.0,,,1.0,,,,,,,1.0,,,,,,,,,
34285,Maynor Figueroa,Defender,Hull City,88,Honduras,2013-14,129.0,,1.2794,0.0,,68.0,,183.0,32.0,31.0,300.0,1145.0,,,79.0,8.0,,2715.0,31.0,167.0,7.0,,36.0,119.0,777.0,,,3.0,38.1931,24.0,112.0,42.0,98.0,385.0,,39.0,0.0,296.0,,545.0,133.0,32.0,,,16.0,,13.0,440.0,35.0,29.0,217.0,48.0,0.0,,1106.0,487.0,52.0,14.0,,,74.0,43.0,68.0,1917.0,71.0,418.0,15.0,,6.0,117.0,64.0,13.0,6.0,6.0,2.0,0.9992,15.0,,38.0,1.0,6.0,13.0,,,9.0,82.0,11.0,3.0,22.0,6.0,38.0,3.0,9.0,5.0,16.0,79.0,141.0,167.0,6.0,0.5369,,0.0514,1.0,1.0,,,3.0,,,,1.0,1.0,3.0,,,,1.0,,,,,,,,,,,,
19687,Alex Bruce,Defender,Wigan Athletic,111,Northern Ireland,2013-14,52.0,,0.2959,0.0,,33.0,,64.0,20.0,19.0,97.0,460.0,,,76.0,,,1594.0,34.0,76.0,5.0,,8.0,34.0,321.0,,,1.0,25.6516,11.0,109.0,29.0,18.0,88.0,,2.0,0.0,128.0,,201.0,54.0,20.0,,,12.0,1.0,,80.0,24.0,1.0,52.0,42.0,0.0,,444.0,104.0,21.0,,,,135.0,12.0,42.0,679.0,25.0,284.0,2.0,,2.0,33.0,26.0,1.0,1.0,2.0,,1.0424,9.0,,1.0,1.0,,1.0,2.0,2.0,17.0,,3.0,1.0,6.0,,1.0,1.0,7.0,,17.0,26.0,36.0,1.0,6.0,1.6995,,,,,,,,,,,,,,,,1.0,2.0,,,,,,,,,,,,
43252,James Chester,Defender,Salford City,3448,Wales,2013-14,85.0,,0.2346,0.0,,43.0,,104.0,24.0,22.0,136.0,707.0,,,91.0,5.0,,1868.0,45.0,107.0,7.0,,24.0,61.0,525.0,,,1.0,24.7967,4.0,105.0,30.0,40.0,147.0,,10.0,0.0,192.0,,314.0,109.0,24.0,,,13.0,,2.0,195.0,23.0,11.0,101.0,46.0,0.0,,695.0,164.0,30.0,10.0,,,191.0,14.0,46.0,1017.0,27.0,377.0,6.0,,0.0,32.0,43.0,1.0,1.0,2.0,,1.4608,9.0,,2.0,2.0,,1.0,1.0,1.0,19.0,3.0,4.0,1.0,19.0,,2.0,1.0,7.0,3.0,21.0,47.0,55.0,3.0,3.0,1.7805,,,,3.0,1.0,0.0,,1.0,1.0,,,,,,,,,,,,,,,2.0,,,1.0,,
19115,Curtis Davies,Defender,Cheltenham Town,87,Sierra Leone,2013-14,157.0,,0.6017,0.0,,73.0,,179.0,37.0,37.0,232.0,1101.0,,,267.0,10.0,,3326.0,96.0,273.0,8.0,,19.0,102.0,814.0,,,3.0,43.9924,11.0,326.0,50.0,61.0,299.0,,26.0,0.0,430.0,,489.0,140.0,37.0,,,17.0,2.0,3.0,202.0,42.0,10.0,163.0,171.0,0.0,,1093.0,260.0,56.0,11.0,,,243.0,25.0,55.0,1761.0,59.0,667.0,9.0,,6.0,53.0,92.0,,3.0,5.0,1.0,1.2153,23.0,1.0,4.0,,,,3.0,3.0,50.0,,3.0,3.0,15.0,,4.0,3.0,18.0,2.0,32.0,104.0,70.0,2.0,1.0,2.1519,,,,2.0,2.0,0.0,,,2.0,2.0,,,,,,1.0,1.0,,,1.0,,,,,,,,,
17506,Paul McShane,Defender,Manchester United U21,15988,Ireland,2013-14,31.0,,0.0396,0.0,,13.0,,42.0,10.0,9.0,58.0,300.0,,,39.0,2.0,,686.0,17.0,39.0,,,5.0,17.0,221.0,,,2.0,9.9312,4.0,25.0,9.0,14.0,82.0,,6.0,0.0,70.0,,128.0,40.0,10.0,,,2.0,,,88.0,9.0,2.0,31.0,22.0,0.0,,297.0,72.0,11.0,,,,74.0,9.0,21.0,392.0,8.0,154.0,1.0,,0.0,16.0,28.0,,1.0,,2.0,,2.0,,3.0,1.0,,,,,5.0,2.0,1.0,1.0,2.0,,3.0,1.0,2.0,1.0,3.0,13.0,16.0,4.0,3.0,0.1596,,,,,,,,,,,,,,,,,,,,,,,,,,,,,
14055,Abdoulaye Faye,Defender,Hull City,88,Senegal,2013-14,10.0,,0.3876,0.0,,4.0,,11.0,3.0,3.0,21.0,62.0,,,19.0,2.0,,270.0,7.0,16.0,,,1.0,4.0,38.0,,,,2.3096,1.0,18.0,2.0,3.0,15.0,,,0.0,26.0,,31.0,8.0,3.0,,,3.0,,,11.0,2.0,,7.0,12.0,0.0,,58.0,21.0,1.0,,,,12.0,,3.0,95.0,7.0,30.0,,,0.0,10.0,4.0,,,,,,2.0,,,,,,,,4.0,,1.0,,1.0,,,,2.0,1.0,3.0,3.0,4.0,,,0.2633,,,,,,,,1.0,,,,,,,,,,,,,,,,,,,,,
37339,Ahmed El Mohamady,Defender,Aston Villa,7,Egypt,2013-14,178.0,,3.465,0.0,,67.0,,264.0,38.0,38.0,377.0,1751.0,,,147.0,8.0,,3329.0,73.0,212.0,8.0,1.0,70.0,138.0,1291.0,,,3.0,45.9136,18.0,69.0,51.0,105.0,76.0,,29.0,1.0,390.0,,636.0,235.0,38.0,,,13.0,,32.0,806.0,43.0,60.0,243.0,74.0,0.0,,1731.0,743.0,54.0,42.0,,,742.0,34.0,83.0,2807.0,99.0,618.0,8.0,,3.0,113.0,90.0,48.0,3.0,9.0,11.0,2.7151,16.0,2.0,193.0,,3.0,50.0,4.0,4.0,35.0,56.0,40.0,1.0,29.0,3.0,193.0,1.0,7.0,32.0,3.0,70.0,297.0,282.0,5.0,1.1933,,,,39.0,2.0,1.0,2.0,1.0,1.0,1.0,,,2.0,,3.0,2.0,2.0,1.0,,2.0,2.0,2.0,,,,,,,
9047,Glen Johnson,Defender,Stoke City,110,England,2013-14,159.0,,2.5041,0.0,,64.0,,183.0,29.0,29.0,232.0,1457.0,1.0,,92.0,7.0,,2521.0,50.0,189.0,8.0,,50.0,147.0,1168.0,,,1.0,29.2685,5.0,71.0,38.0,109.0,105.0,,38.0,0.0,348.0,,489.0,148.0,29.0,,,12.0,,31.0,631.0,30.0,65.0,256.0,42.0,0.0,,1424.0,431.0,52.0,46.0,1.0,,565.0,23.0,57.0,2267.0,24.0,599.0,6.0,,3.0,49.0,56.0,5.0,9.0,5.0,7.0,0.6523,11.0,2.0,46.0,,4.0,5.0,1.0,1.0,55.0,41.0,26.0,2.0,14.0,4.0,46.0,2.0,6.0,22.0,8.0,49.0,298.0,262.0,5.0,1.1131,,,3.0,17.0,,,7.0,1.0,,,,,7.0,,1.0,,,,,,,,,1.0,,,,,
40784,Mamadou Sakho,Defender,Crystal Palace,31,France,2013-14,61.0,,0.1651,0.0,,27.0,,57.0,18.0,17.0,70.0,921.0,,,85.0,1.0,,1480.0,37.0,87.0,6.0,,10.0,39.0,808.0,,,1.0,19.9343,2.0,136.0,25.0,24.0,377.0,,8.0,1.0,148.0,,442.0,108.0,18.0,,,2.0,1.0,1.0,278.0,19.0,11.0,63.0,48.0,0.0,,903.0,106.0,25.0,6.0,,,70.0,10.0,43.0,1221.0,9.0,574.0,2.0,,0.0,13.0,27.0,1.0,2.0,1.0,,0.4694,8.0,,4.0,1.0,,1.0,,,14.0,9.0,2.0,2.0,8.0,,4.0,2.0,7.0,2.0,7.0,27.0,32.0,24.0,3.0,1.6741,,,,1.0,1.0,0.0,,,1.0,,,,,,,2.0,1.0,,,,,,,,,,1.0,,
26725,José Enrique,Defender,Liverpool PL2,7139,Spain,2013-14,20.0,,0.747,0.0,,11.0,,47.0,8.0,6.0,64.0,326.0,,,9.0,3.0,,602.0,7.0,20.0,,,7.0,18.0,237.0,,,,8.3805,1.0,20.0,4.0,13.0,141.0,,1.0,0.0,40.0,,123.0,44.0,8.0,,,3.0,,2.0,138.0,4.0,7.0,31.0,2.0,0.0,,318.0,104.0,8.0,6.0,,,5.0,4.0,25.0,476.0,9.0,127.0,2.0,,0.0,17.0,14.0,3.0,1.0,1.0,1.0,0.8292,2.0,2.0,18.0,2.0,,3.0,1.0,1.0,12.0,6.0,7.0,,2.0,,18.0,,1.0,2.0,1.0,9.0,57.0,47.0,,0.5731,,,1.0,,,,1.0,,,,,,1.0,,1.0,,,,,,,,,,,,,,
12450,Kolo Touré,Defender,Celtic,61,Cote d’Ivoire,2013-14,67.0,,0.7038,0.0,,33.0,,62.0,20.0,15.0,96.0,707.0,,,85.0,3.0,,1439.0,42.0,86.0,5.0,,16.0,43.0,568.0,,,2.0,19.0937,9.0,147.0,20.0,25.0,115.0,,1.0,0.0,153.0,,357.0,78.0,20.0,,,5.0,,7.0,209.0,15.0,9.0,68.0,43.0,0.0,,700.0,129.0,28.0,10.0,,,187.0,11.0,43.0,1014.0,30.0,402.0,3.0,,2.0,34.0,27.0,,2.0,1.0,1.0,0.4988,5.0,2.0,1.0,5.0,1.0,,,,18.0,10.0,5.0,2.0,6.0,1.0,1.0,2.0,4.0,2.0,13.0,15.0,48.0,31.0,,0.4052,,,1.0,,,,,,,,,,,,1.0,1.0,,,,1.0,,,,1.0,,,,,
21094,Daniel Agger,Defender,Liverpool,14,Denmark,2013-14,39.0,,0.1321,0.0,,27.0,,59.0,20.0,16.0,87.0,796.0,,,70.0,8.0,,1420.0,25.0,85.0,2.0,1.0,9.0,40.0,672.0,,,1.0,19.0988,4.0,114.0,16.0,14.0,280.0,,11.0,1.0,124.0,,374.0,65.0,20.0,,,7.0,,,195.0,14.0,1.0,54.0,45.0,0.0,,772.0,102.0,20.0,2.0,,,104.0,10.0,37.0,1028.0,24.0,514.0,4.0,,0.0,28.0,24.0,,1.0,3.0,1.0,0.3374,6.0,1.0,1.0,4.0,,,1.0,1.0,14.0,4.0,1.0,1.0,7.0,,1.0,1.0,3.0,,8.0,20.0,38.0,9.0,2.0,1.0944,,,1.0,,2.0,0.0,,,2.0,1.0,,,,,,,1.0,,,,,,,,,,1.0,,
44354,Aly Cissokho,Defender,Aston Villa,7,France,2013-14,56.0,,0.3258,0.0,,34.0,,68.0,15.0,12.0,86.0,435.0,,,49.0,2.0,,1089.0,21.0,81.0,4.0,1.0,27.0,53.0,339.0,,,2.0,13.2889,4.0,54.0,16.0,35.0,182.0,,9.0,0.0,137.0,,163.0,46.0,15.0,,,13.0,1.0,15.0,214.0,12.0,20.0,88.0,28.0,0.0,,429.0,168.0,21.0,11.0,,,6.0,10.0,10.0,777.0,19.0,137.0,3.0,,2.0,18.0,24.0,2.0,2.0,,1.0,,3.0,1.0,27.0,3.0,,2.0,,,12.0,22.0,7.0,,16.0,,27.0,,3.0,7.0,3.0,17.0,84.0,87.0,2.0,0.199,,,,2.0,,,2.0,,,,,,2.0,,1.0,,,,,,,,,,,,,,
102548,Tiago Ilori,Defender,Sporting CP,255,Portugal,2013-14,,,,0.0,,,,,,,,,,,,,,,,,,,,,,,,,,,,,,,,,,,,,,,,,,,,,,,,,0.0,,,,,,,,,,,,,,,,0.0,,,,,,,,,,,,,,,,,,,,,,,,,,,,,,,,,,,,,,,,,,,,,,,,,,,,,,,,,,,,
58786,Martin Kelly,Defender,Salford City,3448,England,2013-14,9.0,,0.0124,0.0,,4.0,,9.0,5.0,,10.0,51.0,,,6.0,,,107.0,5.0,5.0,,,6.0,4.0,40.0,,,1.0,1.6557,,5.0,2.0,4.0,6.0,,,0.0,14.0,,17.0,10.0,5.0,,,1.0,,,18.0,2.0,1.0,8.0,1.0,0.0,,51.0,15.0,3.0,,,,15.0,2.0,1.0,87.0,3.0,23.0,,,0.0,1.0,4.0,,,,,,,,3.0,5.0,,,,,1.0,1.0,,,4.0,,3.0,,,,,3.0,13.0,14.0,,,,,,,,,,,,,,,,,,,,,,,,,,,,,,,
26793,Martin Skrtel,Defender,Istanbul Basaksehir,2133,Slovakia,2013-14,97.0,,0.5481,0.0,,50.0,,101.0,36.0,36.0,162.0,1760.0,,,185.0,8.0,,3222.0,56.0,197.0,10.0,1.0,16.0,68.0,1485.0,,,3.0,40.658,11.0,409.0,50.0,41.0,287.0,,12.0,1.0,294.0,,741.0,165.0,36.0,,,13.0,1.0,2.0,379.0,40.0,4.0,109.0,129.0,0.0,,1708.0,182.0,37.0,10.0,,,597.0,28.0,113.0,2432.0,58.0,1220.0,8.0,,6.0,61.0,47.0,1.0,1.0,8.0,,4.1766,14.0,1.0,3.0,,,1.0,1.0,1.0,34.0,,6.0,1.0,5.0,,3.0,1.0,6.0,2.0,38.0,62.0,135.0,11.0,1.0,2.579,,,,1.0,7.0,3.0,,,4.0,4.0,,,,,1.0,,,1.0,,2.0,,,,4.0,,,2.0,,
91979,Jon Flanagan,Defender,Rangers,67,England,2013-14,130.0,,0.7098,0.0,,79.0,,120.0,23.0,23.0,144.0,886.0,,,62.0,4.0,,1898.0,33.0,142.0,6.0,,19.0,113.0,708.0,,,2.0,23.5157,2.0,75.0,30.0,97.0,309.0,,20.0,0.0,272.0,,297.0,114.0,23.0,,,20.0,,11.0,354.0,24.0,35.0,210.0,29.0,0.0,,869.0,245.0,59.0,15.0,,,108.0,25.0,34.0,1416.0,18.0,390.0,10.0,,3.0,24.0,42.0,2.0,1.0,3.0,3.0,0.6762,6.0,1.0,14.0,,,2.0,2.0,2.0,21.0,27.0,12.0,,7.0,,14.0,,3.0,3.0,4.0,40.0,172.0,159.0,8.0,0.3036,,,2.0,1.0,1.0,1.0,1.0,,0.0,,,,1.0,1.0,1.0,1.0,1.0,1.0,,,,,,,,,,,
120447,Brad Smith,Defender,Bournemouth,91,Australia,2013-14,5.0,,0.0011,0.0,,,,2.0,1.0,,2.0,3.0,,,1.0,,,30.0,1.0,,,,,,1.0,,,,0.136,,,,4.0,2.0,,,0.0,5.0,,1.0,,1.0,,,,,1.0,1.0,,1.0,4.0,,0.0,,3.0,7.0,,,,,,3.0,,11.0,,,,,0.0,,,,,,,,,,1.0,1.0,,,,,1.0,,,,,,1.0,,,,,1.0,,1.0,,,,,,,,,,,,,,,,,,,,,,,,,,,,,,,
89088,Andre Wisdom,Defender,Birmingham City U21,8942,England,2013-14,8.0,,0.009,0.0,,3.0,,6.0,2.0,1.0,10.0,32.0,,,4.0,,,81.0,3.0,5.0,,,1.0,4.0,22.0,,,,1.9024,,5.0,2.0,5.0,,,,0.0,13.0,,18.0,6.0,2.0,,,,,,11.0,2.0,3.0,9.0,1.0,0.0,,31.0,19.0,3.0,1.0,,,9.0,2.0,,60.0,3.0,11.0,1.0,,1.0,4.0,5.0,,,1.0,,0.5291,2.0,,,1.0,,,1.0,1.0,3.0,4.0,,,1.0,,,,1.0,,,,5.0,7.0,1.0,0.2295,,,,,,,,,,,,,,,,,,,,,,,,,,,,,
20492,Micah Richards,Defender,Aston Villa,7,England,2013-14,8.0,,0.0243,0.0,,5.0,,7.0,2.0,2.0,7.0,71.0,,,7.0,,,161.0,1.0,13.0,,,,7.0,62.0,,,,0.9709,,5.0,2.0,7.0,4.0,,,0.0,21.0,,25.0,4.0,2.0,,,1.0,,4.0,41.0,2.0,5.0,14.0,6.0,0.0,,70.0,15.0,4.0,2.0,,,33.0,2.0,2.0,107.0,,23.0,1.0,,0.0,,2.0,,1.0,1.0,,0.0293,1.0,,1.0,,1.0,,,,4.0,2.0,,1.0,,1.0,1.0,1.0,,1.0,,4.0,9.0,9.0,1.0,0.0703,,,,,,,,,,,,,,,,,,,,,,,,,,,,,
17476,Vincent Kompany,Defender,Manchester City,43,Belgium,2013-14,64.0,,0.8829,1.0,,65.0,,84.0,28.0,28.0,136.0,1140.0,,,49.0,8.0,,2365.0,12.0,124.0,7.0,,17.0,87.0,888.0,,,1.0,26.7692,11.0,142.0,30.0,52.0,197.0,,10.0,0.0,188.0,,488.0,159.0,28.0,,,19.0,3.0,5.0,319.0,23.0,14.0,139.0,37.0,1.0,,1127.0,167.0,46.0,17.0,,,426.0,22.0,116.0,1513.0,38.0,685.0,11.0,,6.0,52.0,38.0,,4.0,7.0,,1.826,14.0,1.0,2.0,,1.0,,2.0,2.0,24.0,,4.0,4.0,9.0,1.0,2.0,4.0,7.0,3.0,14.0,56.0,29.0,2.0,2.0,2.1932,,,2.0,,4.0,2.0,,,2.0,1.0,,,,,,,,3.0,,,,,,1.0,,,,,
20658,Pablo Zabaleta,Defender,West Ham United,21,Argentina,2013-14,167.0,,5.2658,0.0,,120.0,,205.0,35.0,34.0,250.0,1633.0,,,97.0,15.0,,3079.0,51.0,201.0,7.0,1.0,45.0,155.0,1321.0,,,1.0,33.0879,3.0,84.0,33.0,116.0,87.0,,32.0,0.0,368.0,,662.0,160.0,35.0,,,28.0,1.0,9.0,847.0,26.0,33.0,271.0,46.0,0.0,,1609.0,402.0,92.0,7.0,,,680.0,53.0,62.0,2459.0,25.0,546.0,24.0,,11.0,45.0,48.0,10.0,9.0,2.0,1.0,0.8134,12.0,6.0,67.0,1.0,,10.0,1.0,1.0,83.0,28.0,27.0,6.0,25.0,,67.0,6.0,10.0,30.0,10.0,70.0,204.0,255.0,,1.289,,,2.0,4.0,1.0,0.0,3.0,,1.0,1.0,,,3.0,1.0,,1.0,3.0,,,,1.0,,,,,,,,
7551,Joleon Lescott,Defender,Sunderland,56,England,2013-14,20.0,,0.0418,0.0,,16.0,,40.0,10.0,8.0,45.0,427.0,,,20.0,4.0,,784.0,6.0,32.0,,,5.0,18.0,365.0,,,,8.3175,3.0,45.0,6.0,14.0,125.0,,1.0,0.0,52.0,,159.0,48.0,10.0,,,5.0,,1.0,102.0,6.0,3.0,32.0,14.0,0.0,,415.0,50.0,11.0,1.0,,,113.0,5.0,17.0,529.0,6.0,280.0,1.0,,0.0,5.0,18.0,,,1.0,,0.1302,6.0,,,2.0,,,1.0,1.0,8.0,,,,3.0,,,,5.0,2.0,5.0,17.0,30.0,1.0,,0.5468,,,,,,,,1.0,,,,,,,,,,,,,,,,,,,,,
42593,Aleksandar Kolarov,Defender,Internazionale,127,Serbia,2013-14,73.0,,3.9088,0.0,,51.0,,146.0,30.0,21.0,192.0,1020.0,,,53.0,8.0,,1970.0,15.0,145.0,5.0,,46.0,107.0,778.0,,,1.0,18.7473,8.0,61.0,21.0,58.0,446.0,,36.0,1.0,218.0,,344.0,140.0,30.0,,,10.0,2.0,16.0,510.0,16.0,30.0,165.0,38.0,0.0,,1005.0,362.0,41.0,22.0,,,35.0,13.0,50.0,1686.0,28.0,344.0,4.0,,2.0,46.0,43.0,22.0,11.0,13.0,6.0,1.835,42.0,7.0,75.0,9.0,5.0,26.0,7.0,7.0,56.0,26.0,28.0,2.0,18.0,5.0,81.0,2.0,29.0,32.0,3.0,31.0,195.0,170.0,1.0,1.9489,,0.2978,3.0,4.0,1.0,1.0,9.0,,0.0,,6.0,6.0,9.0,1.0,2.0,1.0,3.0,1.0,,,10.0,4.0,4.0,,,,,,
17336,Gaël Clichy,Defender,Istanbul Basaksehir,2133,France,2013-14,50.0,,1.0447,0.0,,57.0,,122.0,20.0,18.0,147.0,1040.0,,,39.0,8.0,,1660.0,17.0,99.0,2.0,,39.0,77.0,842.0,,,,20.9555,3.0,64.0,20.0,33.0,444.0,,10.0,0.0,149.0,,411.0,113.0,20.0,,,13.0,,2.0,541.0,18.0,9.0,110.0,22.0,0.0,,1035.0,219.0,44.0,11.0,,,60.0,8.0,51.0,1465.0,21.0,359.0,3.0,,1.0,25.0,31.0,7.0,1.0,,1.0,,,,31.0,2.0,,7.0,,,5.0,15.0,13.0,1.0,26.0,,31.0,1.0,,7.0,3.0,40.0,125.0,113.0,,0.0942,,,,6.0,,,,,,,,,,,,,,,,,,,,,,,,,
15312,Martín Demichelis,Defender,Manchester City,43,Argentina,2013-14,88.0,,0.587,0.0,,55.0,,106.0,27.0,27.0,144.0,1423.0,,,97.0,12.0,,2430.0,36.0,123.0,3.0,,11.0,62.0,1208.0,,,1.0,25.108,5.0,183.0,25.0,52.0,399.0,,5.0,0.0,211.0,,651.0,145.0,27.0,,,13.0,,2.0,576.0,22.0,5.0,114.0,61.0,0.0,,1398.0,157.0,42.0,3.0,,,301.0,19.0,71.0,1802.0,46.0,703.0,9.0,,6.0,38.0,45.0,,1.0,6.0,,1.0932,15.0,1.0,1.0,,,,4.0,4.0,27.0,,4.0,,9.0,,1.0,,9.0,,7.0,69.0,72.0,2.0,,1.843,,,,2.0,2.0,0.0,1.0,,2.0,,,,1.0,,,1.0,,2.0,,,,,,,,,,,
84702,Matija Nastasic,Defender,Leganés,957,Serbia,2013-14,42.0,,0.0719,0.0,,21.0,,33.0,13.0,11.0,48.0,603.0,,,46.0,4.0,,1027.0,20.0,52.0,5.0,,5.0,26.0,519.0,,,,9.931,2.0,87.0,10.0,22.0,196.0,,5.0,0.0,94.0,,228.0,53.0,13.0,,,5.0,2.0,,169.0,5.0,2.0,48.0,26.0,0.0,,592.0,54.0,16.0,,,,132.0,20.0,36.0,757.0,11.0,386.0,5.0,,4.0,15.0,14.0,,,1.0,,0.0411,5.0,,,2.0,,,1.0,1.0,8.0,,1.0,,4.0,,,,4.0,,5.0,14.0,47.0,,1.0,0.3759,,,,3.0,,,,,,,,,,,,,,,,,,,,,,,,,
80235,Dedryck Boyata,Defender,Club Brugge,413,Belgium,2013-14,3.0,,0.0649,0.0,,1.0,,2.0,1.0,1.0,2.0,48.0,,,2.0,,,55.0,2.0,1.0,,,,1.0,44.0,,,,0.8088,,1.0,,1.0,5.0,,,0.0,4.0,,13.0,5.0,1.0,,,,,,33.0,,,2.0,,0.0,,48.0,4.0,1.0,,,,24.0,2.0,2.0,56.0,,13.0,,,0.0,,,,1.0,,,,,,2.0,,,,,,2.0,,2.0,1.0,,,2.0,1.0,,2.0,,,6.0,3.0,1.0,0.0975,,,,,,,,,,,,,,,,,,,,,,,,,,,,,
17740,Jesús Navas,Defender,Sevilla,179,Spain,2013-14,76.0,,7.1486,0.0,,38.0,,131.0,30.0,18.0,146.0,1025.0,,,27.0,5.0,,1774.0,22.0,83.0,3.0,,55.0,78.0,826.0,,,1.0,17.3911,,14.0,17.0,54.0,111.0,,15.0,2.0,159.0,,240.0,97.0,30.0,,,10.0,,17.0,655.0,14.0,40.0,132.0,5.0,0.0,,1011.0,340.0,28.0,25.0,,,383.0,5.0,53.0,1461.0,4.0,270.0,1.0,,0.0,15.0,35.0,22.0,13.0,9.0,2.0,3.7217,21.0,7.0,102.0,12.0,1.0,46.0,4.0,4.0,96.0,,52.0,5.0,22.0,1.0,127.0,5.0,12.0,34.0,,19.0,291.0,14.0,8.0,3.7992,,,7.0,44.0,4.0,1.0,8.0,2.0,3.0,,,,8.0,,2.0,1.0,1.0,4.0,,,50.0,22.0,22.0,,,,,,
54772,Rafael,Defender,Botafogo,1419,Brazil,2013-14,85.0,,1.4314,0.0,,42.0,,120.0,19.0,18.0,141.0,666.0,,,37.0,4.0,,1418.0,19.0,102.0,3.0,1.0,32.0,84.0,510.0,,,2.0,18.142,3.0,76.0,19.0,66.0,30.0,,24.0,0.0,187.0,,285.0,78.0,19.0,,,6.0,,22.0,311.0,16.0,33.0,150.0,18.0,0.0,,652.0,254.0,36.0,19.0,,,242.0,19.0,15.0,1188.0,22.0,224.0,9.0,,5.0,21.0,46.0,10.0,1.0,2.0,3.0,0.1333,6.0,1.0,50.0,1.0,1.0,10.0,1.0,1.0,24.0,16.0,16.0,,6.0,1.0,50.0,,4.0,5.0,6.0,35.0,109.0,170.0,9.0,0.2151,,,,4.0,,,1.0,,,,,,1.0,,1.0,1.0,2.0,,,,,,,,,,,,
14075,Patrice Evra,Defender,West Ham United,21,France,2013-14,159.0,,3.0714,0.0,,79.0,,182.0,33.0,33.0,207.0,1255.0,,,126.0,10.0,,2884.0,58.0,203.0,6.0,,56.0,135.0,1016.0,,,2.0,37.1481,4.0,181.0,36.0,101.0,447.0,,31.0,0.0,362.0,,526.0,124.0,33.0,,,25.0,1.0,22.0,698.0,30.0,47.0,236.0,68.0,0.0,,1225.0,427.0,54.0,26.0,,,84.0,35.0,32.0,2186.0,24.0,378.0,10.0,,2.0,25.0,51.0,28.0,3.0,9.0,3.0,1.2579,16.0,3.0,102.0,,1.0,28.0,7.0,7.0,65.0,41.0,35.0,1.0,22.0,1.0,102.0,1.0,7.0,15.0,5.0,50.0,198.0,235.0,4.0,1.6326,1.0,,,13.0,1.0,1.0,2.0,,0.0,1.0,,,2.0,1.0,12.0,2.0,4.0,,,,,,,,,,,,
76359,Phil Jones,Defender,Manchester United,1,England,2013-14,102.0,,1.6986,0.0,,61.0,,101.0,26.0,26.0,126.0,1076.0,,,93.0,8.0,,2174.0,39.0,146.0,7.0,2.0,23.0,92.0,886.0,,,3.0,29.2075,7.0,149.0,27.0,63.0,223.0,,25.0,1.0,248.0,,338.0,114.0,26.0,,,16.0,1.0,7.0,438.0,20.0,18.0,155.0,54.0,0.0,,1051.0,182.0,45.0,8.0,,,380.0,29.0,64.0,1549.0,22.0,519.0,7.0,,5.0,25.0,20.0,7.0,2.0,4.0,,0.4509,10.0,2.0,19.0,,2.0,7.0,1.0,1.0,22.0,6.0,13.0,1.0,8.0,2.0,19.0,1.0,6.0,3.0,13.0,55.0,135.0,57.0,3.0,0.6325,,,2.0,9.0,1.0,1.0,1.0,,0.0,1.0,,,1.0,,,,1.0,,,,,,,,,,,,
2034,Rio Ferdinand,Defender,Queens Park Rangers,52,England,2013-14,22.0,,0.072,0.0,,10.0,,41.0,14.0,12.0,63.0,576.0,,,28.0,4.0,,1128.0,12.0,29.0,1.0,,6.0,13.0,449.0,,,,14.8804,6.0,87.0,15.0,10.0,104.0,,3.0,0.0,51.0,,222.0,64.0,14.0,,,1.0,,1.0,164.0,14.0,6.0,23.0,16.0,0.0,,560.0,71.0,9.0,3.0,,,205.0,,64.0,722.0,17.0,349.0,,,0.0,22.0,14.0,,,,,,,,,2.0,,,,,1.0,,,,4.0,,,,,,7.0,19.0,45.0,2.0,,,,,,2.0,,,,,,,,,,,,,,,,,,,,,,,,,
37642,Jonny Evans,Defender,Manchester United,1,Northern Ireland,2013-14,21.0,,0.4748,0.0,,19.0,,59.0,17.0,17.0,101.0,805.0,,,51.0,4.0,,1377.0,16.0,67.0,5.0,,12.0,32.0,623.0,,,1.0,19.1263,11.0,132.0,20.0,5.0,291.0,,11.0,0.0,88.0,,333.0,100.0,17.0,,,2.0,,,232.0,15.0,1.0,37.0,35.0,0.0,,777.0,114.0,17.0,4.0,,,148.0,2.0,81.0,1041.0,24.0,472.0,1.0,,0.0,42.0,24.0,,1.0,1.0,,,6.0,,2.0,,,,1.0,1.0,15.0,,3.0,1.0,6.0,,2.0,1.0,5.0,2.0,11.0,25.0,33.0,2.0,3.0,1.0155,,,,,,,,,,,,,,,,,,,,,,,,,,,,,
55909,Chris Smalling,Defender,Roma,121,England,2013-14,58.0,,0.8111,0.0,,43.0,,135.0,25.0,21.0,171.0,988.0,,,93.0,8.0,,1938.0,29.0,135.0,6.0,,26.0,71.0,747.0,,,1.0,24.3763,9.0,180.0,25.0,29.0,133.0,,16.0,0.0,193.0,,381.0,105.0,25.0,,,13.0,1.0,5.0,395.0,19.0,9.0,100.0,64.0,0.0,,974.0,225.0,30.0,14.0,,,362.0,19.0,70.0,1497.0,32.0,432.0,4.0,,2.0,36.0,41.0,10.0,2.0,3.0,2.0,0.4212,11.0,,15.0,4.0,,10.0,2.0,2.0,30.0,14.0,11.0,2.0,8.0,,15.0,2.0,8.0,7.0,16.0,27.0,112.0,107.0,2.0,1.2719,,,,4.0,1.0,1.0,,1.0,0.0,1.0,,,,,4.0,,2.0,,,,,,,,,,,,
14965,Nemanja Vidic,Defender,Internazionale,127,Serbia,2013-14,77.0,,0.5433,2.0,,30.0,,103.0,25.0,23.0,151.0,1042.0,,,151.0,7.0,,2082.0,44.0,146.0,6.0,1.0,13.0,39.0,762.0,,,2.0,23.7235,9.0,264.0,25.0,33.0,365.0,,13.0,0.0,223.0,,382.0,129.0,25.0,,,8.0,,,256.0,19.0,1.0,72.0,107.0,1.0,,1011.0,161.0,22.0,2.0,,,204.0,32.0,129.0,1477.0,40.0,635.0,8.0,,5.0,48.0,38.0,,3.0,2.0,2.0,0.1258,13.0,,,2.0,,,2.0,2.0,32.0,,5.0,3.0,10.0,,,3.0,11.0,3.0,13.0,47.0,91.0,8.0,1.0,2.1985,,,,3.0,,,,,,,,,,,,,1.0,,1.0,,,,,,,,,,
20695,Antonio Valencia,Defender,Manchester United,1,Ecuador,2013-14,168.0,,2.8592,1.0,,50.0,,136.0,29.0,20.0,155.0,1054.0,,,90.0,7.0,,1940.0,56.0,132.0,5.0,,42.0,98.0,876.0,,,,18.7496,2.0,23.0,22.0,112.0,70.0,,23.0,1.0,300.0,,297.0,125.0,29.0,,,14.0,,33.0,634.0,17.0,59.0,210.0,34.0,0.0,,1048.0,348.0,36.0,28.0,,,441.0,38.0,23.0,1563.0,13.0,282.0,16.0,,6.0,19.0,21.0,17.0,3.0,6.0,9.0,1.9673,13.0,3.0,85.0,9.0,2.0,17.0,2.0,2.0,54.0,6.0,24.0,2.0,21.0,2.0,85.0,2.0,7.0,24.0,7.0,39.0,246.0,72.0,3.0,1.934,1.0,,3.0,50.0,2.0,1.0,1.0,3.0,1.0,,,,1.0,,5.0,2.0,,2.0,1.0,1.0,,,,,,,,,
50004,Alexander Büttner,Defender,Vitesse,232,Netherlands,2013-14,31.0,,0.2327,0.0,,16.0,,18.0,8.0,5.0,30.0,259.0,,,20.0,1.0,,497.0,11.0,38.0,3.0,,7.0,29.0,225.0,,,1.0,6.782,1.0,21.0,7.0,20.0,108.0,,8.0,0.0,69.0,,83.0,30.0,8.0,,,4.0,,4.0,127.0,4.0,10.0,49.0,9.0,0.0,,250.0,71.0,12.0,5.0,,,9.0,7.0,4.0,412.0,14.0,106.0,5.0,,2.0,12.0,16.0,4.0,3.0,,1.0,,2.0,,19.0,3.0,,4.0,,,6.0,5.0,3.0,2.0,1.0,,19.0,2.0,2.0,2.0,2.0,7.0,59.0,38.0,,0.2188,,,,1.0,,,1.0,,,,,,1.0,,,,,,,,,,,,,,,,
106611,Michael Keane,Defender,Everton,11,England,2013-14,,,,0.0,,,,,,,,,,,,,,,,,,,,,,,,,,,,,,,,,,,,,,,,,,,,,,,,,0.0,,,,,,,,,,,,,,,,0.0,,,,,,,,,,,,,,,,,,,,,,,,,,,,,,,,,,,,,,,,,,,,,,,,,,,,,,,,,,,,
18892,Ashley Young,Defender,Everton,11,England,2013-14,66.0,,1.8441,0.0,,13.0,,81.0,20.0,13.0,94.0,455.0,,,20.0,3.0,,1030.0,9.0,55.0,3.0,,36.0,44.0,335.0,,,,10.1228,1.0,12.0,16.0,57.0,116.0,,19.0,0.0,121.0,,142.0,51.0,20.0,,,4.0,,20.0,280.0,13.0,39.0,101.0,11.0,0.0,,440.0,258.0,9.0,13.0,,,69.0,18.0,26.0,759.0,6.0,97.0,6.0,,4.0,13.0,18.0,6.0,1.0,6.0,11.0,1.3048,16.0,1.0,72.0,7.0,2.0,16.0,2.0,2.0,36.0,,15.0,,18.0,2.0,92.0,,10.0,29.0,1.0,10.0,128.0,11.0,8.0,0.7011,,,2.0,19.0,2.0,0.0,1.0,1.0,2.0,,,,1.0,1.0,7.0,,2.0,2.0,,,39.0,9.0,17.0,,,,,,
7933,Fabricio Coloccini,Defender,Newcastle United,4,Argentina,2013-14,68.0,,0.2243,0.0,,43.0,,104.0,27.0,27.0,157.0,1126.0,,,76.0,7.0,,2405.0,35.0,103.0,7.0,,18.0,62.0,866.0,,,1.0,34.5421,11.0,96.0,40.0,33.0,344.0,,12.0,0.0,171.0,,474.0,150.0,27.0,,,15.0,2.0,3.0,288.0,33.0,6.0,95.0,41.0,0.0,,1104.0,178.0,28.0,7.0,,,219.0,6.0,103.0,1426.0,47.0,681.0,2.0,,2.0,53.0,41.0,,1.0,,,,2.0,,2.0,,,,,,13.0,,4.0,1.0,14.0,,2.0,1.0,2.0,2.0,13.0,63.0,89.0,4.0,1.0,0.1502,,,1.0,,,,,1.0,,,,,,,,,,,,1.0,,,,,,,,,
55604,Davide Santon,Defender,Roma,121,Italy,2013-14,101.0,,1.3286,0.0,,44.0,,143.0,27.0,26.0,202.0,988.0,,,66.0,7.0,,2223.0,20.0,130.0,3.0,,35.0,84.0,726.0,,,4.0,35.3177,17.0,97.0,35.0,81.0,362.0,,16.0,0.0,231.0,,388.0,136.0,27.0,,,11.0,,9.0,386.0,32.0,36.0,165.0,46.0,0.0,,969.0,343.0,33.0,26.0,,,102.0,20.0,60.0,1677.0,38.0,414.0,11.0,,1.0,59.0,54.0,11.0,13.0,4.0,3.0,0.8196,16.0,,50.0,1.0,4.0,14.0,,,16.0,23.0,23.0,,19.0,4.0,61.0,,12.0,10.0,6.0,60.0,136.0,207.0,6.0,0.8962,,0.3311,5.0,1.0,,,13.0,,,,6.0,6.0,13.0,,1.0,,,,,1.0,14.0,2.0,8.0,,,,,,
106618,Paul Dummett,Defender,Newcastle United,4,Wales,2013-14,46.0,,0.7326,1.0,,36.0,,84.0,18.0,11.0,117.0,490.0,,,49.0,2.0,,1139.0,23.0,74.0,5.0,,18.0,48.0,359.0,,,2.0,24.5389,7.0,78.0,24.0,23.0,181.0,,3.0,0.0,120.0,,223.0,45.0,18.0,,,7.0,,5.0,186.0,19.0,6.0,71.0,26.0,1.0,,478.0,197.0,29.0,9.0,,,19.0,9.0,14.0,882.0,37.0,203.0,1.0,,1.0,33.0,28.0,8.0,4.0,2.0,5.0,0.7103,8.0,,30.0,7.0,1.0,16.0,,,10.0,11.0,10.0,1.0,9.0,1.0,51.0,1.0,6.0,5.0,4.0,20.0,67.0,107.0,1.0,0.8253,,0.3141,,3.0,1.0,0.0,3.0,,1.0,,5.0,5.0,3.0,,,,,,,,25.0,7.0,16.0,,,,1.0,,
11378,Mike Williamson,Defender,Gateshead,447,England,2013-14,101.0,,1.3034,0.0,,51.0,,172.0,33.0,32.0,228.0,1064.0,,,217.0,8.0,,2912.0,71.0,207.0,6.0,,22.0,61.0,811.0,,,5.0,49.2956,13.0,259.0,47.0,30.0,163.0,,13.0,0.0,308.0,,506.0,126.0,33.0,,,14.0,1.0,,189.0,41.0,5.0,91.0,146.0,0.0,,1053.0,244.0,37.0,4.0,,,308.0,16.0,25.0,1516.0,59.0,647.0,2.0,,0.0,56.0,67.0,,4.0,1.0,,0.2975,6.0,,5.0,1.0,,,1.0,1.0,40.0,,12.0,3.0,9.0,,5.0,3.0,5.0,7.0,18.0,40.0,87.0,4.0,1.0,0.5277,,,,3.0,,,1.0,,,,,,1.0,,,,,,,,,,,,,,,,
44488,Mapou Yanga-Mbiwa,Defender,Lyon,143,France,2013-14,71.0,,0.7637,1.0,,33.0,,89.0,23.0,17.0,111.0,624.0,,,36.0,5.0,,1497.0,21.0,72.0,4.0,2.0,23.0,57.0,490.0,,,2.0,25.5103,4.0,118.0,22.0,50.0,84.0,,11.0,0.0,143.0,,299.0,94.0,23.0,,,9.0,4.0,11.0,205.0,18.0,19.0,107.0,15.0,1.0,,619.0,163.0,24.0,13.0,,,183.0,19.0,23.0,994.0,14.0,310.0,9.0,,5.0,22.0,29.0,2.0,1.0,,3.0,,3.0,,14.0,6.0,,2.0,,,4.0,10.0,3.0,,11.0,,14.0,,3.0,2.0,6.0,37.0,58.0,74.0,4.0,0.1424,,,2.0,1.0,,,1.0,,,,,,1.0,,,,,,,,,,,,,,,,
92170,Massadio Haïdara,Defender,Brest,862,Mali,2013-14,29.0,,0.0543,0.0,,10.0,,26.0,11.0,3.0,33.0,170.0,,,13.0,,,426.0,4.0,31.0,3.0,,10.0,22.0,136.0,,,1.0,10.6316,,27.0,14.0,25.0,71.0,,6.0,0.0,60.0,,62.0,16.0,11.0,,,3.0,,8.0,74.0,11.0,16.0,47.0,9.0,0.0,,167.0,85.0,7.0,6.0,,,7.0,6.0,1.0,345.0,5.0,65.0,2.0,,2.0,7.0,11.0,2.0,2.0,1.0,4.0,0.0149,1.0,,22.0,8.0,1.0,2.0,,,7.0,4.0,1.0,,7.0,1.0,22.0,,,5.0,1.0,14.0,30.0,39.0,,0.1206,,0.0726,,,,,2.0,,,,1.0,1.0,2.0,,,,,,,,,,,,,,,,
27334,Mathieu Debuchy,Defender,St Etienne,152,France,2013-14,139.0,,1.8142,1.0,,95.0,,222.0,29.0,28.0,279.0,1014.0,,,168.0,8.0,,2494.0,52.0,245.0,5.0,,46.0,129.0,702.0,,,3.0,40.8075,7.0,135.0,40.0,87.0,83.0,,23.0,0.0,384.0,,516.0,124.0,29.0,,,24.0,6.0,14.0,439.0,35.0,29.0,216.0,116.0,1.0,,1002.0,469.0,71.0,16.0,,,326.0,42.0,33.0,1933.0,40.0,311.0,9.0,,8.0,57.0,54.0,15.0,6.0,13.0,4.0,2.3462,29.0,3.0,81.0,1.0,5.0,15.0,7.0,7.0,36.0,35.0,20.0,2.0,26.0,5.0,81.0,2.0,16.0,12.0,12.0,69.0,89.0,271.0,4.0,1.657,,,6.0,4.0,1.0,1.0,4.0,,0.0,,,,4.0,,5.0,2.0,1.0,1.0,,1.0,,,,1.0,,,,,
17974,Steven Taylor,Defender,Peterborough United,73,England,2013-14,15.0,,0.0194,1.0,,7.0,,12.0,10.0,9.0,16.0,209.0,,,15.0,1.0,,730.0,8.0,17.0,3.0,,4.0,10.0,189.0,,,2.0,17.6725,,43.0,18.0,7.0,63.0,,1.0,0.0,32.0,,76.0,25.0,10.0,,,1.0,,,41.0,15.0,1.0,17.0,7.0,1.0,,208.0,22.0,6.0,2.0,,,46.0,6.0,4.0,300.0,3.0,152.0,2.0,,0.0,4.0,6.0,,2.0,1.0,,0.9631,1.0,,2.0,1.0,,,,,10.0,,,2.0,4.0,,2.0,2.0,,,6.0,9.0,24.0,1.0,2.0,1.1171,,,,,1.0,0.0,,,1.0,1.0,,,,,,,,,,,,,,,,,,,
77816,James Tavernier,Defender,Rangers,67,England,2013-14,,,,0.0,,,,,,,,,,,,,,,,,,,,,,,,,,,,,,,,,,,,,,,,,,,,,,,,,0.0,,,,,,,,,,,,,,,,0.0,,,,,,,,,,,,,,,,,,,,,,,,,,,,,,,,,,,,,,,,,,,,,,,,,,,,,,,,,,,,
156257,Lubomír Satka,Defender,Samsunspor,1391,Slovakia,2013-14,,,,0.0,,,,,,,,,,,,,,,,,,,,,,,,,,,,,,,,,,,,,,,,,,,,,,,,,0.0,,,,,,,,,,,,,,,,0.0,,,,,,,,,,,,,,,,,,,,,,,,,,,,,,,,,,,,,,,,,,,,,,,,,,,,,,,,,,,,
13164,Steven Whittaker,Defender,Norwich City PL2,6920,Scotland,2013-14,83.0,,0.7375,0.0,,44.0,,111.0,20.0,16.0,170.0,633.0,,,50.0,3.0,,1421.0,20.0,100.0,8.0,1.0,31.0,70.0,413.0,,,3.0,25.6697,10.0,57.0,29.0,63.0,36.0,,15.0,0.0,183.0,,354.0,68.0,20.0,,,13.0,1.0,15.0,270.0,21.0,32.0,133.0,30.0,0.0,,619.0,259.0,31.0,13.0,,,179.0,17.0,50.0,1057.0,33.0,199.0,6.0,,3.0,59.0,47.0,6.0,3.0,1.0,1.0,0.6606,7.0,1.0,24.0,4.0,,6.0,,,15.0,22.0,13.0,,20.0,,24.0,,6.0,6.0,5.0,41.0,64.0,108.0,2.0,0.6019,1.0,,2.0,4.0,1.0,0.0,3.0,,1.0,,,,3.0,,,1.0,,1.0,,,,,,,,,,,
28654,Martin Olsson,Defender,Malmö FF,993,Sweden,2013-14,89.0,,1.7035,0.0,,45.0,,200.0,34.0,33.0,303.0,1157.0,,,82.0,11.0,,2965.0,38.0,136.0,11.0,,44.0,92.0,809.0,,,3.0,53.2951,23.0,113.0,56.0,51.0,381.0,,33.0,0.0,225.0,,575.0,142.0,34.0,,,7.0,,16.0,465.0,45.0,34.0,143.0,44.0,0.0,,1129.0,500.0,38.0,17.0,,,58.0,8.0,45.0,2003.0,82.0,413.0,,,2.0,103.0,87.0,24.0,5.0,2.0,3.0,0.302,9.0,1.0,89.0,1.0,1.0,24.0,1.0,1.0,10.0,42.0,14.0,1.0,20.0,1.0,89.0,1.0,7.0,17.0,21.0,40.0,143.0,278.0,1.0,0.4835,1.0,,,4.0,,,4.0,2.0,,,,,4.0,,1.0,1.0,,,,5.0,,,,,,,,,
19341,Russell Martin,Defender,MK Dons,22,Scotland,2013-14,85.0,,1.3016,0.0,,37.0,,210.0,31.0,29.0,299.0,1321.0,,,59.0,9.0,,2616.0,24.0,93.0,8.0,,35.0,58.0,942.0,,,3.0,48.5375,11.0,104.0,50.0,61.0,94.0,,13.0,0.0,178.0,,639.0,105.0,31.0,,,7.0,,10.0,566.0,42.0,20.0,119.0,35.0,0.0,,1279.0,434.0,30.0,8.0,,,459.0,19.0,80.0,1986.0,62.0,469.0,2.0,,2.0,89.0,71.0,13.0,4.0,2.0,3.0,0.2517,11.0,,51.0,2.0,,13.0,2.0,2.0,38.0,47.0,11.0,4.0,11.0,,51.0,4.0,9.0,19.0,24.0,28.0,129.0,237.0,,1.066,,,1.0,6.0,,,,,,,,,,,3.0,,1.0,,,2.0,,,,1.0,,,,,
42744,Sebastien Bassong,Defender,Peterborough United,73,Cameroon,2013-14,69.0,,0.9861,0.0,,28.0,,111.0,27.0,27.0,139.0,821.0,,,110.0,10.0,,2378.0,42.0,105.0,9.0,1.0,15.0,37.0,631.0,,,2.0,37.6967,2.0,195.0,42.0,27.0,283.0,,10.0,0.0,174.0,,302.0,117.0,27.0,,,6.0,,2.0,149.0,33.0,8.0,64.0,68.0,0.0,,806.0,165.0,22.0,4.0,,,160.0,12.0,51.0,1206.0,32.0,537.0,3.0,,1.0,28.0,61.0,4.0,2.0,4.0,,0.454,16.0,,2.0,,,4.0,4.0,4.0,38.0,1.0,10.0,2.0,4.0,,2.0,2.0,12.0,3.0,19.0,44.0,76.0,5.0,1.0,1.9801,,,1.0,2.0,,,,1.0,,,,,,,4.0,,,,,1.0,,,,1.0,,,,,
17271,Javier Garrido,Defender,Norwich City,45,Spain,2013-14,19.0,,0.3992,0.0,,10.0,,25.0,6.0,6.0,40.0,193.0,,,2.0,1.0,,516.0,1.0,13.0,3.0,,7.0,12.0,146.0,,,1.0,8.0865,,14.0,8.0,18.0,84.0,,2.0,0.0,32.0,,74.0,21.0,6.0,,,6.0,1.0,3.0,75.0,5.0,5.0,30.0,1.0,0.0,,179.0,71.0,4.0,,,,10.0,7.0,7.0,315.0,5.0,80.0,1.0,,2.0,15.0,11.0,2.0,,,,,,,12.0,,,2.0,,,2.0,10.0,4.0,,2.0,,12.0,,,,2.0,10.0,25.0,38.0,1.0,,,,,2.0,,,,,,,,,,,1.0,,,,,,,,,,,,,,
41727,Ryan Bennett,Defender,Cambridge United,101,England,2013-14,41.0,,0.3115,0.0,,10.0,,74.0,16.0,14.0,114.0,474.0,,,86.0,5.0,,1348.0,26.0,73.0,5.0,,8.0,13.0,325.0,,,,22.4674,10.0,130.0,22.0,15.0,129.0,,6.0,1.0,114.0,,211.0,48.0,16.0,,,3.0,,,90.0,17.0,1.0,28.0,60.0,0.0,,466.0,128.0,7.0,,,,100.0,9.0,35.0,692.0,29.0,270.0,5.0,,6.0,40.0,35.0,,,3.0,,0.8671,6.0,,2.0,2.0,,,2.0,2.0,17.0,7.0,2.0,,5.0,,2.0,,3.0,2.0,15.0,19.0,34.0,3.0,,1.1409,,,,,1.0,0.0,,,1.0,1.0,,,,,,1.0,,,,,,,,,,,,,
10594,Joseph Yobo,Defender,Norwich City,45,Nigeria,2013-14,16.0,,0.0671,0.0,,17.0,,24.0,8.0,8.0,41.0,219.0,,,21.0,3.0,,720.0,9.0,35.0,1.0,,4.0,23.0,155.0,,,1.0,9.7772,2.0,63.0,12.0,7.0,43.0,,5.0,0.0,51.0,,79.0,31.0,8.0,,,2.0,1.0,,33.0,11.0,,30.0,12.0,0.0,,214.0,44.0,15.0,1.0,,,87.0,3.0,23.0,329.0,9.0,145.0,1.0,,0.0,17.0,19.0,,,1.0,,0.4542,2.0,,,,,,1.0,1.0,5.0,,1.0,,3.0,,,,1.0,,3.0,7.0,10.0,,,0.3393,,,,,,,,,,,,,,,,,,,,,,,,,,,,,
15864,Michael Turner,Defender,Southend United,81,England,2013-14,79.0,,0.4807,0.0,,44.0,,82.0,22.0,22.0,119.0,676.0,,,99.0,6.0,,1944.0,42.0,107.0,6.0,1.0,17.0,50.0,515.0,,,3.0,40.57,5.0,161.0,37.0,37.0,159.0,,10.0,0.0,186.0,,267.0,61.0,22.0,,,12.0,1.0,1.0,109.0,31.0,3.0,87.0,57.0,0.0,,663.0,129.0,32.0,2.0,,,199.0,24.0,42.0,993.0,28.0,448.0,10.0,,7.0,37.0,31.0,,1.0,,,,1.0,,1.0,,,,,,19.0,,6.0,1.0,13.0,,1.0,1.0,1.0,4.0,23.0,38.0,51.0,,1.0,0.1267,,,1.0,,,,,,,,,,,,1.0,1.0,,,,,,,,,,,,,
57328,Nathaniel Clyne,Defender,Crystal Palace,31,England,2013-14,88.0,,1.691,0.0,,56.0,,156.0,25.0,20.0,179.0,969.0,,,33.0,10.0,,1861.0,23.0,96.0,5.0,,40.0,86.0,763.0,,,1.0,19.6133,12.0,70.0,18.0,65.0,79.0,,10.0,0.0,184.0,,353.0,69.0,25.0,,,13.0,,18.0,468.0,13.0,41.0,151.0,10.0,0.0,,963.0,324.0,43.0,20.0,,,366.0,17.0,27.0,1563.0,36.0,337.0,6.0,,3.0,23.0,47.0,15.0,1.0,3.0,7.0,1.1624,3.0,4.0,47.0,5.0,1.0,15.0,2.0,2.0,25.0,28.0,24.0,1.0,21.0,1.0,47.0,1.0,,19.0,5.0,28.0,171.0,200.0,3.0,0.5464,1.0,,2.0,2.0,,,,,,,,,,,,,2.0,,,,,,,,,,,,
80447,Maya Yoshida,Defender,Southampton,20,Japan,2013-14,14.0,,0.0463,0.0,,9.0,,42.0,8.0,7.0,69.0,363.0,,,38.0,3.0,,632.0,10.0,41.0,3.0,,2.0,13.0,261.0,,,,8.4749,7.0,48.0,10.0,4.0,106.0,,4.0,0.0,55.0,,169.0,40.0,8.0,,,2.0,,,73.0,7.0,,17.0,28.0,0.0,,355.0,70.0,7.0,,,,69.0,3.0,33.0,454.0,24.0,221.0,,,0.0,27.0,22.0,,1.0,1.0,,0.7612,2.0,,,1.0,,,,,4.0,,1.0,1.0,2.0,,,1.0,1.0,1.0,1.0,16.0,19.0,1.0,,0.3805,,,1.0,,1.0,1.0,,,0.0,1.0,,,,,,,,,,,,,,,,,,,
38454,Dejan Lovren,Defender,PAOK Salonika,237,Croatia,2013-14,111.0,,0.2116,0.0,,61.0,,192.0,31.0,31.0,291.0,1625.0,,,166.0,12.0,,2788.0,65.0,188.0,8.0,,33.0,87.0,1148.0,,,2.0,35.5658,22.0,239.0,37.0,46.0,539.0,,22.0,1.0,299.0,,684.0,159.0,31.0,,,13.0,3.0,,349.0,29.0,9.0,133.0,101.0,0.0,,1583.0,321.0,48.0,7.0,,,294.0,26.0,186.0,2155.0,77.0,985.0,7.0,,7.0,99.0,106.0,,6.0,4.0,1.0,0.4411,16.0,1.0,3.0,,1.0,,1.0,1.0,34.0,,1.0,5.0,14.0,1.0,3.0,5.0,12.0,2.0,9.0,85.0,108.0,8.0,1.0,1.5561,,0.1204,,2.0,2.0,2.0,1.0,1.0,0.0,1.0,2.0,2.0,1.0,,1.0,,,1.0,,,,,,,,,,,
38580,José Fonte,Defender,Sporting Braga,372,Portugal,2013-14,109.0,,0.5049,0.0,,68.0,,195.0,36.0,35.0,337.0,1929.0,,,138.0,15.0,,3181.0,52.0,171.0,10.0,3.0,20.0,85.0,1415.0,,,3.0,40.9367,32.0,297.0,41.0,57.0,304.0,,16.0,1.0,280.0,,773.0,165.0,36.0,,,16.0,1.0,2.0,378.0,31.0,5.0,142.0,86.0,0.0,,1866.0,364.0,52.0,3.0,,,651.0,33.0,177.0,2502.0,116.0,1218.0,10.0,,7.0,142.0,92.0,4.0,7.0,6.0,,1.8593,13.0,,10.0,1.0,,4.0,3.0,3.0,33.0,,3.0,7.0,10.0,,10.0,7.0,7.0,3.0,19.0,74.0,201.0,3.0,,1.8346,1.0,,,3.0,3.0,1.0,,,2.0,2.0,,,,,,,,1.0,,,,,,,,,,,
18421,Daniel Fox,Defender,Wigan Athletic,111,Scotland,2013-14,10.0,,0.0463,0.0,,4.0,,16.0,3.0,3.0,31.0,116.0,,,9.0,1.0,,258.0,4.0,10.0,1.0,,2.0,5.0,80.0,,,,3.979,1.0,10.0,4.0,6.0,41.0,,1.0,0.0,20.0,,52.0,19.0,3.0,,,1.0,,2.0,36.0,3.0,2.0,11.0,5.0,0.0,,113.0,47.0,3.0,,,,3.0,3.0,5.0,187.0,9.0,50.0,2.0,,0.0,15.0,8.0,1.0,1.0,,,,,1.0,4.0,,,1.0,,,1.0,5.0,1.0,,1.0,,5.0,,,1.0,1.0,3.0,20.0,28.0,1.0,0.0409,,,,,,,1.0,,,,,,1.0,,,,,,,,,,,,,,,,
101184,Calum Chambers,Defender,Cardiff City,97,England,2013-14,107.0,,1.2424,0.0,,45.0,,158.0,22.0,18.0,177.0,861.0,,,73.0,4.0,,1641.0,32.0,113.0,5.0,,44.0,72.0,659.0,,,2.0,26.3683,7.0,71.0,29.0,75.0,18.0,,11.0,0.0,220.0,,337.0,93.0,22.0,,,7.0,,27.0,373.0,24.0,43.0,147.0,41.0,0.0,,853.0,353.0,38.0,17.0,,,328.0,21.0,25.0,1481.0,28.0,329.0,3.0,,0.0,19.0,65.0,18.0,,1.0,7.0,0.3227,5.0,,69.0,4.0,1.0,18.0,,,12.0,30.0,12.0,,24.0,1.0,69.0,,4.0,12.0,5.0,37.0,178.0,186.0,3.0,0.2844,1.0,,,7.0,,,,,,,,,,,,,1.0,,,1.0,,,,,,,,,
106760,Luke Shaw,Defender,Manchester United,1,England,2013-14,183.0,,2.3371,0.0,,72.0,,229.0,35.0,35.0,293.0,1402.0,,,109.0,13.0,,2992.0,48.0,232.0,8.0,,74.0,171.0,1069.0,,,2.0,36.3331,7.0,122.0,38.0,135.0,599.0,,45.0,0.0,415.0,,481.0,175.0,35.0,,,11.0,,44.0,659.0,30.0,90.0,306.0,61.0,0.0,,1372.0,592.0,61.0,56.0,,,40.0,27.0,40.0,2490.0,48.0,479.0,10.0,,4.0,64.0,76.0,29.0,7.0,10.0,11.0,1.9928,17.0,1.0,113.0,,6.0,29.0,4.0,4.0,42.0,47.0,34.0,2.0,42.0,6.0,113.0,2.0,7.0,25.0,4.0,37.0,282.0,308.0,5.0,0.8649,,0.0687,2.0,4.0,,,5.0,,,,1.0,1.0,5.0,1.0,,1.0,2.0,,,,,,,,,,,,
15976,Jos Hooiveld,Defender,Southampton,20,Netherlands,2013-14,15.0,,0.0084,0.0,,8.0,,18.0,3.0,3.0,27.0,164.0,,,17.0,,,270.0,8.0,19.0,,,2.0,10.0,118.0,,,1.0,4.2933,2.0,22.0,6.0,7.0,60.0,,2.0,0.0,34.0,,60.0,11.0,3.0,,,2.0,,,25.0,6.0,1.0,17.0,9.0,0.0,,155.0,31.0,6.0,,,,27.0,3.0,19.0,209.0,11.0,112.0,,,1.0,9.0,8.0,,1.0,,,,,,2.0,,,,,,2.0,,,1.0,,,2.0,1.0,,1.0,,5.0,17.0,,,0.0617,,,,,,,,,,,,,,,,,,,,,,,,1.0,,,,,
169359,Matt Targett,Defender,Newcastle United U21,12970,England,2013-14,,,,0.0,,,,,,,,,,,,,,,,,,,,,,,,,,,,,,,,,,,,,,,,,,,,,,,,,0.0,,,,,,,,,,,,,,,,0.0,,,,,,,,,,,,,,,,,,,,,,,,,,,,,,,,,,,,,,,,,,,,,,,,,,,,,,,,,,,,
40145,Jack Cork,Defender,Burnley U21,19587,England,2013-14,114.0,,0.9174,0.0,,65.0,,152.0,28.0,21.0,185.0,1332.0,,,72.0,4.0,,1736.0,41.0,124.0,6.0,,26.0,93.0,1036.0,,,1.0,23.685,2.0,48.0,26.0,73.0,418.0,,16.0,0.0,238.0,,375.0,144.0,28.0,,,18.0,,7.0,589.0,20.0,31.0,166.0,31.0,0.0,,1309.0,249.0,47.0,16.0,,,369.0,23.0,111.0,1630.0,12.0,561.0,8.0,,5.0,33.0,39.0,3.0,7.0,4.0,2.0,0.2385,11.0,1.0,12.0,7.0,4.0,3.0,,,6.0,,14.0,,16.0,4.0,12.0,,7.0,6.0,2.0,29.0,170.0,4.0,11.0,0.52,1.0,,2.0,26.0,,,7.0,,,,,,7.0,1.0,1.0,1.0,,,,,,,,,,,,,
81012,Ryan Fredericks,Defender,Bournemouth,91,England,2013-14,,,,0.0,,,,,,,,,,,,,,,,,,,,,,,,,,,,,,,,,,,,,,,,,,,,,,,,,0.0,,,,,,,,,,,,,,,,0.0,,,,,,,,,,,,,,,,,,,,,,,,,,,,,,,,,,,,,,,,,,,,,,,,,,,,,,,,,,,,
58621,Kyle Walker,Defender,Burnley,90,England,2013-14,129.0,,1.4242,0.0,,53.0,,183.0,26.0,26.0,249.0,1395.0,,,80.0,9.0,,2298.0,31.0,151.0,3.0,,34.0,102.0,1046.0,,,3.0,41.5131,7.0,68.0,36.0,98.0,135.0,,31.0,0.0,280.0,,527.0,147.0,26.0,,,9.0,,12.0,677.0,33.0,46.0,200.0,49.0,0.0,,1350.0,472.0,44.0,22.0,,,556.0,26.0,100.0,2151.0,55.0,487.0,7.0,,5.0,66.0,55.0,12.0,5.0,5.0,10.0,0.2396,12.0,2.0,48.0,,4.0,18.0,,,20.0,75.0,29.0,,17.0,4.0,71.0,,7.0,21.0,5.0,57.0,177.0,216.0,1.0,0.6854,1.0,0.4509,1.0,8.0,1.0,0.0,5.0,,1.0,,7.0,7.0,5.0,,1.0,1.0,,1.0,,,22.0,4.0,18.0,,,,,1.0,
38290,Danny Rose,Defender,Watford,57,England,2013-14,111.0,,1.2913,1.0,,57.0,,139.0,22.0,22.0,191.0,908.0,,,51.0,5.0,,1902.0,23.0,150.0,7.0,1.0,42.0,122.0,671.0,,,,25.1117,11.0,68.0,23.0,88.0,352.0,,43.0,1.0,261.0,,427.0,128.0,22.0,,,11.0,,19.0,401.0,16.0,45.0,210.0,28.0,1.0,,881.0,398.0,46.0,23.0,,,30.0,30.0,46.0,1593.0,49.0,331.0,12.0,,4.0,52.0,53.0,15.0,1.0,3.0,6.0,1.1296,14.0,2.0,71.0,,,15.0,2.0,2.0,30.0,67.0,14.0,1.0,15.0,,71.0,1.0,11.0,14.0,8.0,44.0,99.0,174.0,4.0,0.9745,,,1.0,3.0,1.0,1.0,,,0.0,1.0,,,,1.0,1.0,,1.0,,,1.0,,,,,,,,,
37742,Younes Kaboul,Defender,Watford,57,France,2013-14,35.0,,1.1899,2.0,,25.0,,93.0,13.0,11.0,148.0,541.0,,,43.0,2.0,,943.0,14.0,63.0,5.0,1.0,17.0,34.0,355.0,,,,18.4777,10.0,82.0,19.0,21.0,108.0,,4.0,0.0,98.0,,290.0,53.0,13.0,,,8.0,,2.0,169.0,14.0,8.0,55.0,29.0,2.0,,521.0,167.0,17.0,5.0,,,104.0,9.0,38.0,728.0,47.0,224.0,2.0,,1.0,55.0,24.0,,1.0,4.0,,1.8585,7.0,1.0,6.0,2.0,,,3.0,3.0,17.0,,5.0,,7.0,,6.0,,3.0,2.0,2.0,25.0,39.0,4.0,,1.8287,,,,2.0,1.0,0.0,1.0,,1.0,,,,1.0,,,,,1.0,,1.0,,,,1.0,,,,,
39194,Jan Vertonghen,Defender,Anderlecht,241,Belgium,2013-14,78.0,,0.6439,0.0,,32.0,,110.0,23.0,23.0,170.0,994.0,,,75.0,10.0,,2004.0,18.0,123.0,2.0,,41.0,66.0,750.0,,,2.0,28.3454,5.0,106.0,25.0,60.0,401.0,,24.0,0.0,201.0,,377.0,150.0,23.0,,,4.0,,7.0,344.0,23.0,34.0,126.0,57.0,0.0,,957.0,266.0,28.0,17.0,,,128.0,12.0,74.0,1450.0,57.0,485.0,3.0,,4.0,60.0,49.0,5.0,2.0,3.0,3.0,0.3895,11.0,,21.0,,3.0,5.0,,,16.0,15.0,9.0,1.0,20.0,3.0,21.0,1.0,8.0,7.0,6.0,42.0,88.0,70.0,1.0,0.6464,,0.1609,1.0,3.0,,,1.0,1.0,,,3.0,3.0,1.0,,2.0,1.0,,,,,,,,,,,,,
62305,Vlad Chiriches,Defender,FCSB,265,Romania,2013-14,69.0,,0.4404,0.0,,37.0,,60.0,17.0,16.0,85.0,763.0,,,52.0,6.0,,1412.0,27.0,88.0,4.0,,10.0,63.0,579.0,,,2.0,21.75,2.0,74.0,19.0,42.0,276.0,,15.0,0.0,157.0,,276.0,112.0,17.0,,,8.0,1.0,4.0,205.0,15.0,15.0,105.0,25.0,0.0,,743.0,118.0,29.0,13.0,,,179.0,13.0,99.0,1002.0,24.0,473.0,3.0,,1.0,25.0,30.0,,,1.0,2.0,0.2903,4.0,,2.0,1.0,,,,,3.0,,5.0,,5.0,,2.0,,3.0,,4.0,39.0,32.0,2.0,2.0,0.1239,,,1.0,,1.0,1.0,,,0.0,,,,,,,,,,,,,,,,,,1.0,,
49539,Kyle Naughton,Defender,Swansea City,80,England,2013-14,96.0,,1.0999,0.0,,59.0,,123.0,22.0,19.0,172.0,1020.0,,,51.0,6.0,,1744.0,26.0,106.0,6.0,,26.0,81.0,813.0,,,1.0,27.6078,8.0,51.0,28.0,70.0,171.0,,13.0,0.0,202.0,,416.0,87.0,22.0,,,12.0,,5.0,545.0,22.0,30.0,151.0,25.0,0.0,,1004.0,335.0,47.0,9.0,,,307.0,23.0,35.0,1537.0,40.0,312.0,12.0,,6.0,49.0,37.0,6.0,2.0,1.0,2.0,0.185,7.0,,45.0,3.0,1.0,9.0,,,8.0,67.0,14.0,,11.0,1.0,50.0,,6.0,7.0,4.0,32.0,126.0,144.0,2.0,0.2363,,,,1.0,,,2.0,,,,,,2.0,,,,1.0,,,,7.0,2.0,4.0,,,,,,
12679,Michael Dawson,Defender,Nottingham Forest,17,England,2013-14,111.0,,0.4239,0.0,,47.0,,166.0,32.0,31.0,289.0,1572.0,,,201.0,13.0,,2838.0,69.0,189.0,7.0,,16.0,57.0,1085.0,,,3.0,44.4774,22.0,250.0,40.0,42.0,303.0,,14.0,0.0,300.0,,662.0,107.0,32.0,,,13.0,,,401.0,33.0,5.0,99.0,132.0,0.0,,1509.0,311.0,34.0,2.0,,,542.0,29.0,198.0,2048.0,92.0,882.0,13.0,,7.0,123.0,61.0,,3.0,2.0,,0.485,14.0,,,1.0,,,2.0,2.0,35.0,,7.0,3.0,4.0,,,3.0,12.0,3.0,23.0,68.0,65.0,4.0,1.0,1.0183,,,,1.0,,,,,,,,,,,1.0,,,,,1.0,,,,,,,,,
106603,Ezekiel Fryers,Defender,Swindon Town,46,England,2013-14,13.0,,0.217,0.0,,11.0,,45.0,7.0,3.0,60.0,239.0,,,11.0,2.0,,399.0,6.0,21.0,1.0,,12.0,16.0,163.0,,,,6.8977,5.0,10.0,6.0,7.0,85.0,,5.0,0.0,34.0,,121.0,26.0,7.0,,,3.0,,1.0,92.0,5.0,4.0,23.0,5.0,0.0,,233.0,93.0,8.0,1.0,,,14.0,1.0,16.0,351.0,18.0,92.0,,,0.0,15.0,16.0,5.0,1.0,,,,1.0,,7.0,4.0,,5.0,,,3.0,13.0,2.0,1.0,4.0,,7.0,1.0,1.0,2.0,2.0,7.0,19.0,27.0,,0.0865,,,,,,,,,,,,,,,,,,,,,,,,,,,,,
153265,Milos Veljkovic,Defender,Crvena zvezda,214,Serbia,2013-14,1.0,,0.0056,0.0,,,,6.0,2.0,,7.0,43.0,,,,,,30.0,,,,,1.0,,35.0,,,,0.3078,,,,1.0,10.0,,,0.0,1.0,,11.0,1.0,2.0,,,,,,11.0,,,1.0,,0.0,,43.0,7.0,,,,,15.0,,1.0,46.0,1.0,25.0,,,0.0,1.0,3.0,,,,,,,,,2.0,,,,,,,1.0,,1.0,,,,,,,2.0,7.0,,,,,,,5.0,,,,,,,,,,,,,,,,,,,,,,,,,
39487,Erik Pieters,Defender,Derby County,24,Netherlands,2013-14,191.0,,1.9625,0.0,,119.0,,223.0,36.0,34.0,299.0,1212.0,,,123.0,7.0,,2902.0,49.0,240.0,8.0,1.0,89.0,166.0,864.0,,,4.0,53.0837,14.0,126.0,46.0,142.0,395.0,,36.0,1.0,431.0,,536.0,146.0,36.0,,,30.0,1.0,19.0,455.0,38.0,38.0,308.0,74.0,0.0,,1173.0,488.0,89.0,13.0,,,85.0,57.0,49.0,2161.0,49.0,469.0,25.0,,5.0,76.0,97.0,11.0,1.0,1.0,4.0,0.7858,9.0,2.0,50.0,2.0,,11.0,,,15.0,69.0,14.0,1.0,41.0,,50.0,1.0,8.0,6.0,14.0,56.0,196.0,275.0,5.0,0.2787,,,,10.0,1.0,0.0,,,1.0,,,,,,2.0,,,,,1.0,,,,,,,1.0,,
12413,Robert Huth,Defender,Leicester City,13,Germany,2013-14,53.0,,0.2495,0.0,,25.0,,48.0,12.0,12.0,70.0,360.0,,,59.0,3.0,,1067.0,20.0,73.0,2.0,,7.0,34.0,270.0,,,,16.7077,12.0,63.0,14.0,33.0,108.0,,7.0,0.0,126.0,,141.0,37.0,12.0,,,7.0,,,46.0,12.0,8.0,67.0,39.0,0.0,,355.0,86.0,18.0,3.0,,,74.0,24.0,20.0,531.0,21.0,244.0,4.0,,4.0,22.0,23.0,,2.0,2.0,,,9.0,1.0,,,,,2.0,2.0,19.0,,2.0,2.0,6.0,,,2.0,7.0,3.0,8.0,24.0,37.0,,1.0,0.8458,,,1.0,2.0,,,,,,,,,,,1.0,1.0,1.0,,,,,,,,,,,,
61595,Marc Muniesa,Defender,Stoke City U23,6927,Spain,2013-14,51.0,,0.0938,0.0,,34.0,,47.0,13.0,7.0,57.0,352.0,,,33.0,,,827.0,20.0,62.0,5.0,,13.0,49.0,277.0,,,2.0,14.7154,3.0,39.0,13.0,31.0,124.0,,6.0,0.0,113.0,,150.0,43.0,13.0,,,9.0,1.0,2.0,122.0,8.0,7.0,80.0,13.0,0.0,,343.0,96.0,25.0,10.0,,,32.0,5.0,18.0,573.0,8.0,173.0,3.0,,0.0,10.0,23.0,,1.0,,,,2.0,,12.0,6.0,,,,,3.0,13.0,2.0,,7.0,,12.0,,2.0,4.0,5.0,16.0,46.0,47.0,1.0,0.113,,,,3.0,,,1.0,,,,,,1.0,,,,1.0,,,,,,,,,,,,
37869,Ryan Shawcross,Defender,Stoke City U23,6927,England,2013-14,105.0,,0.5954,1.0,,37.0,,211.0,37.0,37.0,326.0,1269.0,,,219.0,9.0,,3292.0,64.0,209.0,10.0,1.0,16.0,54.0,811.0,,,5.0,58.2601,46.0,318.0,51.0,41.0,126.0,,27.0,1.0,314.0,,711.0,106.0,37.0,,,14.0,1.0,3.0,337.0,41.0,8.0,95.0,155.0,0.0,,1234.0,354.0,23.0,4.0,,,341.0,29.0,132.0,1829.0,75.0,606.0,6.0,,5.0,115.0,83.0,,2.0,4.0,,1.0848,18.0,,5.0,,,,3.0,3.0,44.0,,8.0,2.0,10.0,,5.0,2.0,14.0,4.0,44.0,37.0,91.0,2.0,,2.3675,,,,3.0,1.0,0.0,,,1.0,,,,,,6.0,2.0,1.0,1.0,1.0,1.0,,,,1.0,,,,,
19714,Andy Wilkinson,Defender,Stoke City,110,England,2013-14,16.0,,0.0206,0.0,,7.0,,13.0,5.0,2.0,20.0,86.0,,,10.0,1.0,,274.0,3.0,16.0,3.0,1.0,5.0,9.0,60.0,,,2.0,11.1168,2.0,16.0,9.0,13.0,5.0,,2.0,0.0,32.0,,31.0,7.0,5.0,,,3.0,,,30.0,6.0,1.0,22.0,7.0,0.0,,86.0,40.0,4.0,,,,32.0,6.0,6.0,164.0,5.0,36.0,2.0,,1.0,7.0,5.0,,,1.0,,0.4473,1.0,,6.0,3.0,,,1.0,1.0,1.0,8.0,,,5.0,,6.0,,,,1.0,3.0,18.0,21.0,1.0,0.039,,,,,,,,,,,,,,,,,,,,,,,,,,,,,
45158,Ryan Shotton,Defender,Middlesbrough PL2,7138,England,2013-14,,,,0.0,,,,,,,,,,,,,,,,,,,,,,,,,,,,,,,,,,,,,,,,,,,,,,,,,0.0,,,,,,,,,,,,,,,,0.0,,,,,,,,,,,,,,,,,,,,,,,,,,,,,,,,,,,,,,,,,,,,,,,,,,,,,,,,,,,,
52828,Valentin Roberge,Defender,AEK Larnaca,3014,France,2013-14,27.0,,0.1575,0.0,,22.0,,29.0,9.0,7.0,45.0,319.0,,,22.0,1.0,,668.0,13.0,37.0,2.0,,4.0,28.0,252.0,,,1.0,11.4042,4.0,36.0,14.0,14.0,108.0,,7.0,0.0,64.0,,134.0,37.0,9.0,,,9.0,,,113.0,12.0,1.0,42.0,9.0,0.0,,309.0,53.0,13.0,1.0,,,59.0,8.0,22.0,419.0,17.0,161.0,2.0,,1.0,16.0,15.0,,,1.0,,0.1625,2.0,1.0,1.0,2.0,,,1.0,1.0,3.0,,2.0,,2.0,,1.0,,1.0,1.0,6.0,7.0,18.0,,1.0,0.0899,,,,1.0,,,,,,,,,,,1.0,,,,,,,,,,,,,,
17997,Phil Bardsley,Defender,Stockport County,48,Scotland,2013-14,105.0,,1.4569,0.0,,59.0,,144.0,26.0,26.0,209.0,874.0,,,75.0,6.0,,2248.0,37.0,140.0,7.0,,31.0,102.0,615.0,,,1.0,45.4755,15.0,62.0,41.0,68.0,150.0,,20.0,1.0,245.0,,366.0,92.0,26.0,,,8.0,,9.0,391.0,34.0,31.0,170.0,38.0,0.0,,853.0,359.0,51.0,24.0,,,192.0,24.0,50.0,1526.0,57.0,283.0,10.0,,9.0,65.0,40.0,9.0,7.0,8.0,5.0,1.8514,24.0,,54.0,,5.0,9.0,1.0,1.0,28.0,39.0,19.0,2.0,6.0,5.0,54.0,2.0,16.0,11.0,21.0,23.0,166.0,203.0,4.0,1.4658,,,3.0,7.0,2.0,0.0,5.0,,2.0,,,,5.0,1.0,4.0,1.0,,1.0,,1.0,2.0,,,2.0,,,1.0,,
11958,Andrea Dossena,Defender,Leyton Orient,85,Italy,2013-14,18.0,,0.5299,1.0,,13.0,,59.0,7.0,6.0,73.0,206.0,,,6.0,,,490.0,1.0,20.0,3.0,,12.0,15.0,121.0,,,,6.9045,2.0,7.0,10.0,17.0,64.0,,2.0,0.0,38.0,,111.0,20.0,7.0,,,4.0,,,69.0,7.0,1.0,32.0,5.0,1.0,,201.0,105.0,9.0,,,,7.0,6.0,12.0,325.0,9.0,68.0,1.0,,1.0,14.0,23.0,4.0,1.0,,1.0,,3.0,,19.0,1.0,,4.0,,,2.0,7.0,5.0,,3.0,,19.0,,3.0,3.0,,11.0,24.0,39.0,2.0,0.1655,,0.0816,,3.0,,,1.0,,,,1.0,1.0,1.0,,,,,,,,,,,,,,,,
1841,Wes Brown,Defender,Blackburn Rovers U23,7590,England,2013-14,71.0,,0.635,3.0,,26.0,,130.0,25.0,24.0,177.0,892.0,,,81.0,9.0,,2064.0,30.0,97.0,5.0,,23.0,46.0,619.0,,,,35.2311,12.0,129.0,28.0,41.0,271.0,,17.0,0.0,168.0,,435.0,96.0,25.0,,,1.0,1.0,2.0,237.0,23.0,8.0,87.0,51.0,3.0,,860.0,194.0,25.0,6.0,,,128.0,18.0,96.0,1186.0,40.0,478.0,6.0,,2.0,47.0,51.0,,3.0,1.0,,0.1626,13.0,1.0,,1.0,,,1.0,1.0,27.0,,5.0,3.0,11.0,,,3.0,12.0,,24.0,29.0,58.0,4.0,,2.0444,,,,7.0,,,,1.0,,,,,,,,1.0,1.0,,,,,,,1.0,,,,,
51955,Ondrej Celustka,Defender,Sparta Prague,206,Czech Republic,2013-14,61.0,,0.7221,0.0,,33.0,,106.0,21.0,14.0,132.0,554.0,,,43.0,4.0,,1332.0,19.0,67.0,2.0,,23.0,43.0,406.0,,,2.0,22.7692,2.0,48.0,22.0,42.0,25.0,,7.0,0.0,128.0,,255.0,36.0,21.0,,,7.0,,10.0,234.0,20.0,22.0,85.0,24.0,0.0,,545.0,241.0,26.0,4.0,,,189.0,12.0,16.0,916.0,23.0,193.0,2.0,,1.0,26.0,34.0,5.0,1.0,3.0,1.0,0.5836,6.0,,43.0,7.0,2.0,5.0,1.0,1.0,14.0,27.0,3.0,,11.0,2.0,43.0,,3.0,8.0,3.0,12.0,85.0,101.0,3.0,0.2333,,,,7.0,,,1.0,,,,,,1.0,,,,,,,,,,,,,,,,
3736,John O'Shea,Defender,Reading,108,Ireland,2013-14,81.0,,0.7857,1.0,,42.0,,142.0,33.0,33.0,204.0,1268.0,,,121.0,10.0,,2922.0,48.0,127.0,5.0,1.0,13.0,54.0,956.0,,,1.0,52.2493,15.0,170.0,47.0,33.0,232.0,,12.0,0.0,208.0,,528.0,132.0,33.0,,,8.0,1.0,,324.0,42.0,1.0,87.0,73.0,1.0,,1239.0,225.0,34.0,2.0,,,391.0,21.0,108.0,1625.0,49.0,740.0,5.0,,2.0,62.0,68.0,,1.0,1.0,,0.0871,6.0,,3.0,,,,,,26.0,,5.0,,5.0,,3.0,,5.0,1.0,21.0,51.0,117.0,4.0,2.0,1.2297,,,,,1.0,0.0,1.0,1.0,1.0,,,,1.0,,,,1.0,1.0,,,,,,1.0,,,,,
39453,Modibo Diakité,Defender,Sunderland,56,France,2013-14,26.0,,0.0085,0.0,,13.0,,39.0,7.0,7.0,49.0,271.0,,,37.0,1.0,,630.0,14.0,46.0,2.0,,3.0,23.0,211.0,,,1.0,13.9839,,42.0,13.0,12.0,59.0,,10.0,0.0,72.0,,118.0,25.0,7.0,,,1.0,,1.0,41.0,11.0,1.0,35.0,23.0,0.0,,266.0,54.0,12.0,2.0,,,79.0,9.0,11.0,364.0,11.0,181.0,3.0,,0.0,10.0,19.0,,1.0,,,,2.0,,,,,,,,3.0,1.0,,1.0,1.0,,,1.0,2.0,3.0,6.0,10.0,15.0,,,0.472,,,,,,,,,,,,,,,1.0,1.0,,,,,,,,,,,,,
17468,Carlos Cuellar,Defender,Norwich City,45,Spain,2013-14,7.0,,0.0217,0.0,,9.0,,14.0,4.0,4.0,26.0,97.0,,,10.0,,,342.0,3.0,20.0,,,4.0,13.0,65.0,,,,8.7811,5.0,36.0,7.0,4.0,18.0,,3.0,0.0,27.0,,42.0,7.0,4.0,,,1.0,,,13.0,7.0,,17.0,7.0,0.0,,92.0,29.0,8.0,1.0,,,21.0,2.0,6.0,168.0,9.0,58.0,,,0.0,12.0,6.0,,,,,,,,1.0,,,,,,2.0,1.0,1.0,,3.0,,1.0,,,,7.0,3.0,16.0,2.0,1.0,,,,,,,,,,,,,,,,,,1.0,,,,,,,1.0,,,,,
88372,Santiago Vergini,Defender,Sunderland,56,Argentina,2013-14,52.0,,0.2204,0.0,,27.0,,65.0,11.0,10.0,96.0,443.0,,,27.0,3.0,,978.0,15.0,51.0,2.0,,18.0,39.0,333.0,,,,22.6148,,40.0,21.0,37.0,35.0,,3.0,0.0,103.0,,177.0,54.0,11.0,,,6.0,,5.0,135.0,19.0,12.0,76.0,12.0,0.0,,433.0,127.0,21.0,9.0,,,155.0,13.0,14.0,652.0,22.0,212.0,5.0,,2.0,31.0,26.0,,,,,,4.0,,4.0,1.0,,,,,5.0,10.0,2.0,,11.0,,4.0,,4.0,1.0,4.0,15.0,76.0,53.0,,0.3659,,,,2.0,,,,,,,,,,,,,1.0,,,,,,,,,,,,
82263,Marcos Alonso,Defender,Celta de Vigo,176,Spain,2013-14,86.0,,1.0602,1.0,,53.0,,124.0,16.0,16.0,174.0,619.0,,,48.0,6.0,,1439.0,19.0,120.0,3.0,,49.0,91.0,409.0,,,,31.8054,14.0,67.0,22.0,67.0,210.0,,25.0,0.0,206.0,,299.0,109.0,16.0,,,9.0,,11.0,246.0,19.0,25.0,158.0,29.0,0.0,,594.0,286.0,44.0,16.0,,,26.0,21.0,36.0,1145.0,72.0,212.0,9.0,,4.0,50.0,52.0,13.0,8.0,7.0,2.0,1.0012,17.0,1.0,34.0,,5.0,13.0,2.0,2.0,20.0,32.0,17.0,1.0,26.0,5.0,34.0,1.0,10.0,14.0,2.0,39.0,84.0,116.0,,1.0809,,,,3.0,,,7.0,,,,,,7.0,,1.0,,1.0,,1.0,,,,,,,,,,
84933,Daniel Alfei,Defender,Yeovil Town,283,Wales,2013-14,,,,0.0,,,,,,,,,,,,,,,,,,,,,,,,,,,,,,,,,,,,,,,,,,,,,,,,,0.0,,,,,,,,,,,,,,,,0.0,,,,,,,,,,,,,,,,,,,,,,,,,,,,,,,,,,,,,,,,,,,,,,,,,,,,,,,,,,,,
80789,Jordi Amat,Defender,Johor Darul Ta'zim,10981,Indonesia,2013-14,72.0,,0.0976,0.0,,32.0,,71.0,17.0,13.0,106.0,677.0,,,59.0,1.0,,1246.0,37.0,65.0,4.0,,18.0,43.0,508.0,,,1.0,18.0915,8.0,77.0,21.0,35.0,197.0,,8.0,0.0,137.0,,249.0,58.0,17.0,,,9.0,,,166.0,17.0,6.0,78.0,22.0,0.0,,658.0,117.0,23.0,4.0,,,189.0,18.0,63.0,868.0,22.0,405.0,9.0,,3.0,35.0,44.0,,,1.0,1.0,0.103,4.0,,,4.0,,,1.0,1.0,7.0,,4.0,,5.0,,,,3.0,,9.0,29.0,42.0,1.0,1.0,0.3213,,,,2.0,,,,,,,,,,,,,,,,,,,,,,,,,
47390,Neil Taylor,Defender,Middlesbrough,25,Wales,2013-14,16.0,,0.1349,0.0,,11.0,,33.0,10.0,6.0,42.0,283.0,,,10.0,1.0,,590.0,5.0,23.0,1.0,,9.0,18.0,231.0,,,,10.5078,2.0,18.0,9.0,11.0,113.0,,4.0,0.0,39.0,,97.0,32.0,10.0,,,3.0,,1.0,100.0,8.0,5.0,29.0,5.0,0.0,,276.0,63.0,8.0,3.0,,,22.0,5.0,10.0,423.0,8.0,144.0,2.0,,1.0,9.0,19.0,3.0,2.0,,1.0,,1.0,1.0,5.0,4.0,,3.0,,,5.0,5.0,4.0,,3.0,,6.0,,1.0,2.0,3.0,13.0,51.0,45.0,1.0,0.0776,,,,5.0,,,2.0,1.0,,,,,2.0,,,,,,,,1.0,,1.0,,,,,,
53138,Chico Flores,Defender,Swansea City,80,Spain,2013-14,162.0,,0.315,2.0,,78.0,,130.0,31.0,30.0,185.0,1827.0,,,164.0,8.0,,2690.0,77.0,194.0,7.0,2.0,39.0,107.0,1525.0,,,3.0,42.2644,19.0,202.0,44.0,85.0,316.0,,22.0,0.0,356.0,,758.0,159.0,31.0,,,21.0,2.0,7.0,506.0,37.0,17.0,192.0,87.0,1.0,,1768.0,222.0,57.0,16.0,,,667.0,39.0,117.0,2353.0,46.0,1137.0,15.0,,5.0,55.0,68.0,1.0,8.0,8.0,,1.3482,17.0,,8.0,1.0,2.0,1.0,4.0,4.0,34.0,,5.0,8.0,18.0,2.0,8.0,8.0,9.0,5.0,14.0,94.0,86.0,3.0,,2.0005,,,,2.0,2.0,1.0,,,1.0,1.0,,,,,,1.0,,,1.0,,,,,1.0,,,,,1.0
19159,Ashley Williams,Defender,Bristol City,113,Wales,2013-14,124.0,,0.3549,0.0,,53.0,,133.0,34.0,34.0,263.0,1936.0,,,201.0,7.0,,3040.0,84.0,173.0,11.0,,28.0,56.0,1479.0,,,3.0,45.7967,17.0,312.0,48.0,40.0,690.0,,8.0,0.0,297.0,,693.0,146.0,34.0,,,15.0,2.0,,404.0,37.0,5.0,96.0,117.0,0.0,,1911.0,288.0,38.0,,,,467.0,30.0,194.0,2515.0,91.0,1270.0,7.0,,5.0,130.0,91.0,1.0,2.0,2.0,,0.8527,11.0,1.0,,,,1.0,1.0,1.0,25.0,,4.0,1.0,17.0,,,1.0,9.0,5.0,36.0,80.0,86.0,5.0,1.0,1.6364,,,1.0,,1.0,1.0,1.0,,0.0,1.0,,,1.0,,5.0,,,,,3.0,,,,,,,,,
39221,Dwight Tiendalli,Defender,Oxford United,106,Netherlands,2013-14,35.0,,0.217,0.0,,19.0,,38.0,10.0,9.0,41.0,452.0,,,17.0,1.0,,751.0,12.0,33.0,3.0,,14.0,28.0,399.0,,,,11.041,3.0,20.0,12.0,23.0,30.0,,5.0,0.0,68.0,,141.0,36.0,10.0,,,1.0,,5.0,203.0,9.0,9.0,51.0,5.0,0.0,,445.0,91.0,18.0,4.0,,,206.0,11.0,12.0,661.0,7.0,208.0,4.0,,0.0,3.0,9.0,,2.0,,2.0,,1.0,,24.0,1.0,,,,,6.0,9.0,5.0,1.0,10.0,,24.0,1.0,1.0,5.0,3.0,15.0,75.0,77.0,3.0,0.1408,,,,2.0,,,1.0,,,,,,1.0,,2.0,,,,,,,,,,,,,,
42996,Angel Rangel,Defender,Queens Park Rangers,52,Spain,2013-14,137.0,,2.7312,0.0,,84.0,,220.0,30.0,29.0,294.0,1935.0,1.0,,78.0,7.0,,2632.0,41.0,156.0,8.0,,57.0,119.0,1523.0,,,4.0,39.1174,15.0,86.0,41.0,96.0,98.0,1.0,23.0,0.0,293.0,,734.0,161.0,30.0,,,24.0,1.0,10.0,911.0,33.0,22.0,215.0,37.0,0.0,1.0,1913.0,435.0,60.0,14.0,,,913.0,41.0,118.0,2782.0,44.0,749.0,12.0,,8.0,74.0,77.0,19.0,1.0,3.0,3.0,0.2735,8.0,1.0,63.0,1.0,2.0,19.0,1.0,1.0,37.0,26.0,26.0,,35.0,2.0,63.0,,5.0,12.0,10.0,93.0,190.0,290.0,1.0,0.3392,,,2.0,17.0,,,1.0,1.0,,,,,1.0,,1.0,,2.0,,,1.0,,,,,,,,,
59940,Kyle Bartley,Defender,West Bromwich Albion,35,England,2013-14,4.0,,0.0029,0.0,,3.0,,2.0,2.0,1.0,2.0,36.0,,,2.0,,,91.0,,5.0,,,,3.0,31.0,,,,0.5862,1.0,10.0,1.0,4.0,8.0,,,0.0,9.0,,16.0,3.0,2.0,,,1.0,1.0,,10.0,1.0,,7.0,2.0,0.0,,36.0,2.0,2.0,,,,9.0,4.0,3.0,53.0,,24.0,1.0,,0.0,,2.0,,,,,,,,,1.0,,,,,,,,,,,,,,,2.0,2.0,3.0,,,,,,,,,,,,,,,,,,,,,,,,,,,,,,,,
73459,Jazz Richards,Defender,Cardiff City U21,8949,Wales,2013-14,,,,0.0,,,,,,,,,,,,,,,,,,,,,,,,,,,,,,,,,,,,,,,,,,,,,,,,,0.0,,,,,,,,,,,,,,,,0.0,,,,,,,,,,,,,,,,,,,,,,,,,,,,,,,,,,,,,,,,,,,,,,,,,,,,,,,,,,,,
115556,Ben Davies,Defender,Tottenham Hotspur,6,Wales,2013-14,190.0,,1.5914,0.0,,76.0,,195.0,34.0,32.0,260.0,1653.0,,,139.0,6.0,,2873.0,83.0,169.0,10.0,,55.0,113.0,1341.0,,,4.0,41.9205,8.0,109.0,46.0,107.0,693.0,,25.0,1.0,359.0,,646.0,157.0,34.0,,,17.0,,14.0,696.0,36.0,32.0,220.0,56.0,0.0,,1617.0,441.0,59.0,15.0,,,95.0,23.0,52.0,2472.0,39.0,717.0,10.0,,3.0,65.0,84.0,14.0,2.0,3.0,,0.7688,7.0,1.0,61.0,2.0,1.0,20.0,,,29.0,35.0,30.0,1.0,27.0,1.0,84.0,1.0,4.0,12.0,11.0,63.0,219.0,249.0,1.0,0.8348,,,1.0,10.0,2.0,1.0,1.0,1.0,1.0,,,,1.0,,,,,,,,28.0,6.0,19.0,,,,2.0,,
3332,Steven Reid,Defender,Burnley,90,Ireland,2013-14,46.0,,0.627,0.0,,24.0,,81.0,16.0,16.0,142.0,508.0,,,35.0,1.0,,1306.0,13.0,61.0,3.0,1.0,20.0,39.0,323.0,,,3.0,25.1682,20.0,71.0,27.0,33.0,15.0,,13.0,0.0,107.0,,249.0,56.0,16.0,,,6.0,,,199.0,24.0,5.0,72.0,22.0,0.0,,476.0,239.0,18.0,3.0,,,202.0,17.0,43.0,873.0,59.0,175.0,4.0,,3.0,61.0,24.0,7.0,3.0,4.0,,0.5794,7.0,,29.0,,3.0,8.0,1.0,1.0,5.0,51.0,5.0,1.0,8.0,3.0,31.0,1.0,3.0,2.0,3.0,27.0,42.0,81.0,4.0,0.4388,,0.2642,1.0,3.0,,,2.0,,,,5.0,5.0,2.0,,,,,,,,,,,,,,,,
39253,Jonas Olsson,Defender,Wigan Athletic,111,Sweden,2013-14,88.0,,0.7704,0.0,,21.0,,147.0,32.0,32.0,226.0,1006.0,,,164.0,7.0,,2819.0,56.0,148.0,9.0,,17.0,40.0,677.0,,,4.0,39.7187,33.0,298.0,45.0,32.0,266.0,,20.0,0.0,236.0,,510.0,95.0,32.0,,,6.0,,3.0,289.0,36.0,6.0,72.0,108.0,0.0,,966.0,249.0,15.0,4.0,,,182.0,19.0,103.0,1492.0,77.0,491.0,4.0,,10.0,79.0,63.0,,3.0,2.0,1.0,0.7311,11.0,,2.0,,,,1.0,1.0,33.0,,7.0,2.0,8.0,,2.0,2.0,9.0,1.0,15.0,56.0,48.0,1.0,2.0,1.3788,,,,4.0,1.0,1.0,1.0,,0.0,,,,1.0,,1.0,1.0,,,,,,,,1.0,,,1.0,,
32388,Goran Popov,Defender,Vardar,2447,North Macedonia,2013-14,3.0,,0.0326,0.0,,,,9.0,2.0,1.0,16.0,64.0,,,2.0,,,83.0,2.0,2.0,1.0,,1.0,2.0,46.0,,,1.0,1.9939,,9.0,3.0,1.0,19.0,,,0.0,5.0,,39.0,4.0,2.0,,,,,1.0,24.0,2.0,1.0,3.0,,0.0,,64.0,19.0,,2.0,,,,,2.0,87.0,6.0,25.0,,,0.0,7.0,8.0,1.0,,,,,,,1.0,1.0,,1.0,,,,1.0,,,,,1.0,,,,,1.0,6.0,7.0,1.0,,,,,,,,,,,,,,,,,,,,,,,,,,,,,,
14278,Liam Ridgewell,Defender,Southend United,81,England,2013-14,128.0,,1.689,0.0,,69.0,,218.0,33.0,33.0,315.0,1204.0,,,91.0,6.0,,2868.0,30.0,187.0,9.0,,62.0,126.0,846.0,,,4.0,45.258,23.0,115.0,50.0,98.0,455.0,,57.0,0.0,315.0,,577.0,120.0,33.0,,,11.0,,9.0,512.0,41.0,33.0,224.0,61.0,0.0,,1164.0,530.0,58.0,8.0,,,26.0,24.0,43.0,2031.0,100.0,388.0,7.0,,6.0,97.0,74.0,11.0,,1.0,3.0,0.4237,2.0,2.0,60.0,,,11.0,,,11.0,81.0,14.0,,22.0,,61.0,,1.0,11.0,13.0,45.0,146.0,245.0,3.0,0.9785,,,1.0,16.0,1.0,0.0,,,1.0,,,,,,3.0,,,,,,,,,,,,1.0,,
28434,Diego Lugano,Defender,West Bromwich Albion,35,Uruguay,2013-14,28.0,,0.0296,0.0,,10.0,,39.0,9.0,7.0,47.0,172.0,,,35.0,,,659.0,13.0,34.0,3.0,1.0,7.0,12.0,113.0,,,1.0,12.1053,5.0,56.0,14.0,15.0,40.0,,2.0,0.0,62.0,,80.0,14.0,9.0,,,3.0,,,30.0,11.0,1.0,27.0,22.0,0.0,,167.0,50.0,7.0,,,,35.0,11.0,12.0,270.0,11.0,95.0,3.0,,2.0,8.0,15.0,,1.0,1.0,,0.4579,4.0,,,2.0,,,,,11.0,,1.0,1.0,3.0,,,1.0,3.0,1.0,2.0,13.0,17.0,,1.0,0.5487,,,,2.0,1.0,0.0,,,1.0,1.0,,,,,,,,,,,,,,,,,,,
146339,Donervon Daniels,Defender,Oldham Athletic,105,Montserrat,2013-14,,,,0.0,,,,,,,,,,,,,,,,,,,,,,,,,,,,,,,,,,,,,,,,,,,,,,,,,0.0,,,,,,,,,,,,,,,,0.0,,,,,,,,,,,,,,,,,,,,,,,,,,,,,,,,,,,,,,,,,,,,,,,,,,,,,,,,,,,,
19272,Gareth McAuley,Defender,Rangers,67,Northern Ireland,2013-14,118.0,,0.4919,0.0,,41.0,,129.0,32.0,32.0,199.0,910.0,,,192.0,6.0,,2860.0,66.0,201.0,9.0,,17.0,75.0,656.0,,,4.0,44.3789,17.0,248.0,49.0,52.0,125.0,,30.0,0.0,319.0,,448.0,144.0,32.0,,,13.0,1.0,5.0,179.0,40.0,20.0,127.0,126.0,0.0,,889.0,235.0,28.0,10.0,,,274.0,21.0,55.0,1414.0,70.0,533.0,4.0,,4.0,70.0,42.0,1.0,2.0,7.0,2.0,0.9109,17.0,,1.0,,,1.0,5.0,5.0,43.0,,6.0,2.0,7.0,,1.0,2.0,10.0,3.0,23.0,58.0,63.0,7.0,2.0,2.1984,,,,2.0,2.0,1.0,,1.0,1.0,2.0,,,,,3.0,,,,,,,,,1.0,,,,,
60232,Craig Dawson,Defender,Wolverhampton Wanderers,39,England,2013-14,30.0,,0.3515,0.0,,21.0,,41.0,12.0,10.0,63.0,263.0,,,39.0,1.0,,950.0,13.0,52.0,3.0,1.0,8.0,26.0,187.0,,,1.0,14.6763,4.0,69.0,17.0,17.0,54.0,,6.0,0.0,82.0,,109.0,53.0,12.0,,,5.0,,,68.0,14.0,2.0,43.0,26.0,0.0,,261.0,87.0,16.0,,,,72.0,10.0,13.0,479.0,18.0,133.0,3.0,,1.0,22.0,26.0,1.0,3.0,1.0,,,11.0,2.0,7.0,2.0,,1.0,1.0,1.0,21.0,9.0,2.0,2.0,4.0,,7.0,2.0,10.0,3.0,13.0,32.0,28.0,21.0,1.0,1.4939,,,,3.0,,,1.0,,,,,,1.0,,1.0,,,,,,,,,,,,,,
11467,Billy Jones,Defender,Crewe Alexandra,51,England,2013-14,74.0,,0.9827,0.0,,42.0,,93.0,21.0,21.0,125.0,676.0,,,57.0,4.0,,1740.0,23.0,112.0,7.0,,30.0,78.0,523.0,,,2.0,22.083,10.0,74.0,27.0,51.0,28.0,,17.0,0.0,186.0,,285.0,71.0,21.0,,,6.0,,14.0,316.0,20.0,25.0,129.0,34.0,0.0,,658.0,241.0,36.0,22.0,,,257.0,17.0,28.0,1189.0,32.0,245.0,6.0,,5.0,32.0,28.0,10.0,5.0,6.0,3.0,0.8632,8.0,,36.0,,3.0,10.0,3.0,3.0,32.0,37.0,8.0,4.0,15.0,3.0,36.0,4.0,2.0,16.0,11.0,26.0,106.0,140.0,3.0,0.8516,,,,11.0,,,1.0,,,,,,1.0,1.0,2.0,,,,,,,,,,,,,,
48717,Winston Reid,Defender,West Ham United U23,7238,New Zealand,2013-14,69.0,,0.1782,0.0,,24.0,,72.0,22.0,18.0,122.0,520.0,,,89.0,7.0,,1674.0,38.0,89.0,4.0,,11.0,38.0,348.0,,,4.0,28.0329,14.0,167.0,22.0,31.0,147.0,,18.0,1.0,158.0,,253.0,60.0,22.0,,,5.0,2.0,,110.0,18.0,5.0,69.0,51.0,0.0,,517.0,132.0,19.0,,,,85.0,23.0,50.0,823.0,51.0,288.0,7.0,,2.0,50.0,36.0,,3.0,2.0,,0.7389,7.0,,1.0,4.0,,,1.0,1.0,20.0,,2.0,3.0,10.0,,1.0,3.0,5.0,,16.0,40.0,35.0,,,1.2556,,,,,1.0,1.0,,,0.0,,,,,,,,,1.0,,,,,,,,,,,
5609,George McCartney,Defender,West Ham United,21,Northern Ireland,2013-14,55.0,,0.5623,0.0,,36.0,,84.0,22.0,20.0,138.0,654.0,,,54.0,6.0,,1840.0,20.0,99.0,4.0,,16.0,65.0,469.0,,,1.0,29.5701,26.0,109.0,27.0,35.0,161.0,,23.0,0.0,154.0,,311.0,98.0,22.0,,,9.0,,11.0,279.0,23.0,18.0,100.0,34.0,0.0,,643.0,238.0,27.0,6.0,,,79.0,10.0,47.0,1181.0,58.0,243.0,2.0,,4.0,54.0,20.0,6.0,1.0,,3.0,,1.0,,34.0,2.0,,6.0,,,4.0,36.0,10.0,,8.0,,34.0,,1.0,4.0,16.0,21.0,103.0,161.0,1.0,0.0892,1.0,,,1.0,,,1.0,,,,,,1.0,,1.0,,,,,,,,,,,,,,
49413,James Tomkins,Defender,Crystal Palace,31,England,2013-14,84.0,,0.5099,1.0,,53.0,,127.0,31.0,31.0,224.0,854.0,,,168.0,10.0,,2601.0,43.0,199.0,5.0,1.0,27.0,74.0,541.0,,,6.0,44.8022,44.0,277.0,37.0,41.0,190.0,,25.0,0.0,283.0,,417.0,85.0,31.0,,,8.0,4.0,3.0,189.0,32.0,5.0,115.0,125.0,0.0,,802.0,243.0,45.0,2.0,,,181.0,25.0,89.0,1338.0,99.0,441.0,12.0,,5.0,97.0,41.0,,2.0,5.0,,0.5259,9.0,,2.0,,,,5.0,5.0,27.0,,4.0,2.0,21.0,,2.0,2.0,4.0,3.0,20.0,45.0,66.0,4.0,3.0,1.2007,,,,1.0,,,,,,,,,,,1.0,,1.0,,1.0,,,,,,,,,,
50369,Pablo Armero,Defender,West Ham United,21,Colombia,2013-14,19.0,,0.2561,0.0,,7.0,,21.0,5.0,3.0,27.0,110.0,,,6.0,,,322.0,3.0,14.0,,1.0,7.0,11.0,81.0,,,3.0,8.7957,,12.0,7.0,16.0,32.0,,3.0,0.0,33.0,,49.0,19.0,5.0,,,2.0,,5.0,49.0,7.0,6.0,27.0,3.0,0.0,,109.0,49.0,5.0,1.0,,,15.0,5.0,2.0,210.0,10.0,38.0,3.0,,1.0,6.0,7.0,4.0,,,1.0,,1.0,,8.0,2.0,,4.0,,,1.0,5.0,3.0,,4.0,,8.0,,1.0,,2.0,7.0,14.0,33.0,,0.0274,,,,1.0,,,,,,,,,,,,,,,,,,,,,,,,,
19575,Joey O'Brien,Defender,West Ham United U23,7238,Ireland,2013-14,50.0,,0.4416,0.0,,24.0,,65.0,17.0,13.0,92.0,448.0,,,34.0,3.0,,1234.0,17.0,65.0,6.0,1.0,15.0,48.0,339.0,,,2.0,20.7875,6.0,60.0,19.0,33.0,78.0,,18.0,0.0,115.0,,198.0,49.0,17.0,,,6.0,1.0,6.0,183.0,13.0,13.0,81.0,17.0,0.0,,448.0,153.0,18.0,7.0,,,79.0,14.0,17.0,786.0,24.0,178.0,5.0,,4.0,27.0,22.0,5.0,1.0,1.0,,0.1356,3.0,,10.0,4.0,,5.0,1.0,1.0,8.0,24.0,3.0,1.0,6.0,,10.0,1.0,2.0,1.0,12.0,14.0,93.0,108.0,1.0,0.3628,,,1.0,1.0,,,,,,,,,,,,,,,,,,,,,,,,,
8380,James Collins,Defender,Ipswich Town,40,Wales,2013-14,85.0,,0.361,0.0,,47.0,,105.0,24.0,22.0,222.0,613.0,,,138.0,9.0,,1899.0,53.0,138.0,8.0,,18.0,53.0,310.0,,,2.0,27.7578,55.0,232.0,25.0,32.0,74.0,,8.0,1.0,223.0,,401.0,77.0,24.0,,,11.0,,1.0,152.0,17.0,2.0,85.0,85.0,0.0,,542.0,233.0,36.0,3.0,,,119.0,16.0,81.0,1005.0,126.0,239.0,7.0,,6.0,117.0,24.0,,3.0,2.0,,0.2928,11.0,,1.0,2.0,1.0,,,,30.0,,2.0,2.0,11.0,1.0,1.0,2.0,9.0,5.0,32.0,18.0,19.0,,3.0,1.1222,,,,,1.0,0.0,1.0,,1.0,1.0,,,1.0,,2.0,,,,,,,,,,,,,,
10356,Guy Demel,Defender,West Ham United,21,Cote d’Ivoire,2013-14,110.0,,1.4144,0.0,,52.0,,174.0,32.0,30.0,227.0,845.0,,,64.0,11.0,,2638.0,27.0,140.0,6.0,,46.0,103.0,595.0,,,4.0,43.6353,6.0,104.0,38.0,83.0,39.0,,18.0,0.0,250.0,,405.0,134.0,32.0,,,14.0,2.0,29.0,359.0,32.0,52.0,186.0,37.0,0.0,,842.0,430.0,38.0,33.0,,,244.0,28.0,23.0,1636.0,44.0,279.0,3.0,,3.0,53.0,54.0,20.0,2.0,3.0,20.0,1.3572,11.0,,45.0,2.0,,20.0,2.0,2.0,39.0,61.0,14.0,2.0,21.0,,45.0,2.0,8.0,19.0,15.0,35.0,157.0,248.0,5.0,2.0114,,,1.0,3.0,1.0,0.0,,,1.0,,,,,,1.0,3.0,1.0,1.0,,,,,,1.0,,,,,
8358,Roger Johnson,Defender,Bromley,2050,England,2013-14,12.0,,0.0098,0.0,,3.0,,22.0,4.0,2.0,34.0,83.0,,,26.0,1.0,,272.0,10.0,20.0,2.0,,4.0,4.0,40.0,,,,3.6546,6.0,38.0,4.0,2.0,11.0,,1.0,0.0,32.0,,47.0,5.0,4.0,,,,,,10.0,2.0,,6.0,16.0,0.0,,81.0,35.0,3.0,,,,14.0,2.0,9.0,135.0,15.0,39.0,1.0,,1.0,12.0,7.0,,,,,,1.0,,,2.0,,,,,3.0,,,,1.0,,,,1.0,,2.0,2.0,11.0,,,0.1007,,,,,,,,,,,,,,,,,,,,,,,,,,,,,
108411,Dan Potts,Defender,Charlton Athletic,33,England,2013-14,,,,0.0,,,,,,,,,,,,,,,,,,,,,,,,,,,,,,,,,,,,,,,,,,,,,,,,,0.0,,,,,,,,,,,,,,,,0.0,,,,,,,,,,,,,,,,,,,,,,,,,,,,,,,,,,,,,,,,,,,,,,,,,,,,,,,,,,,,
137951,Leo Chambers,Defender,Billericay Town,1185,England,2013-14,,,,0.0,,,,,,,,,,,,,,,,,,,,,,,,,,,,,,,,,,,,,,,,,,,,,,,,,0.0,,,,,,,,,,,,,,,,0.0,,,,,,,,,,,,,,,,,,,,,,,,,,,,,,,,,,,,,,,,,,,,,,,,,,,,,,,,,,,,
