season,matchId,gameweek,team_id,team,venue,playerId,pl_code,playerName,slug,position,substitute,accurateCross,accurateKeeperSweeper,accurateLongBalls,accurateOppositionHalfPasses,accurateOwnHalfPasses,accuratePass,aerialLost,aerialWon,ballRecovery,bigChanceCreated,bigChanceMissed,blockedScoringAttempt,challengeLost,clearanceOffLine,crossNotClaimed,dispossessed,duelLost,duelWon,errorLeadToAGoal,errorLeadToAShot,expectedAssists,expectedGoals,expectedGoalsOnTarget,fouls,goalAssist,goals,goalsPrevented,goodHighClaim,hitWoodwork,interceptionWon,keyPass,minutesPlayed,onTargetScoringAttempt,outfielderBlock,ownGoals,penaltyConceded,penaltyFaced,penaltyMiss,penaltySave,penaltyWon,possessionLostCtrl,punches,rating,savedShotsFromInsideTheBox,saves,shotOffTarget,substitute.1,totalClearance,totalContest,totalCross,totalKeeperSweeper,totalLongBalls,totalOffside,totalOppositionHalfPasses,totalOwnHalfPasses,totalPass,totalShots,totalTackle,touches,unsuccessfulTouch,wasFouled,wonContest,wonTackle
2022-23,10385483,1,7,Aston_Villa,Away,10589,18892,Ashley Young,ashley-young,D,True,,,,,,,,,,,,,,,,,,,,,,,0.0,,,,,,,,,,,,,,,,,,,,,,,,,,,,,,,,,,0,,,,,,
2022-23,10385483,1,7,Aston_Villa,Away,96538,101188,Lucas Digne,lucas-digne,D,False,2.0,,3.0,31.0,25.0,54.0,1.0,4.0,5.0,,,,1.0,,,,5.0,6.0,,,0.110559,0.0,0.0,2.0,,,,,,3.0,1.0,90.0,,,,,,,,,17.0,,6.7,,,,,2.0,1.0,8.0,,6.0,1.0,44.0,27.0,63.0,0,,90.0,1.0,2.0,,
2022-23,10385483,1,7,Aston_Villa,Away,138546,,Ludwig Augustinsson,ludwig-augustinsson,D,True,,,,,,,,,,,,,,,,,,,,,,,0.0,,,,,,,,,,,,,,,,,,,,,,,,,,,,,,,,,,0,,,,,,
2022-23,10385483,1,7,Aston_Villa,Away,227942,101184,Calum Chambers,calum-chambers,D,True,,,,,,,,,,,,,,,,,,,,,,,0.0,,,,,,,,,,,,,,,,,,,,,,,,,,,,,,,,,,0,,,,,,
2022-23,10385483,1,7,Aston_Villa,Away,303638,149484,Tyrone Mings,tyrone-mings,D,True,,,,,,,,,,,,,,,,,,,,,,,0.0,,,,,,,,,,,,,,,,,,,,,,,,,,,,,,,,,,0,,,,,,
2022-23,10385483,1,7,Aston_Villa,Away,604232,165659,Diego Carlos,diego-carlos,D,False,,,5.0,28.0,28.0,56.0,3.0,,8.0,,,,,,,,4.0,1.0,,,0.00964236,0.0225,0.0,1.0,,,,,,,,90.0,,,,,,,,,20.0,,6.4,,,1.0,,1.0,,1.0,,9.0,,39.0,34.0,72.0,1,1.0,80.0,2.0,,,
2022-23,10385483,1,7,Aston_Villa,Away,827679,199798,Ezri Konsa,ezri-konsa,D,False,,,1.0,25.0,32.0,57.0,3.0,2.0,7.0,,,,,,,,4.0,6.0,,,0.00744105,0.0,0.0,1.0,,,,,,2.0,,90.0,,1.0,,,,,,,7.0,,6.9,,,,,4.0,,,,2.0,,30.0,34.0,64.0,0,1.0,77.0,,3.0,,1.0
2022-23,10385483,1,7,Aston_Villa,Away,833956,199796,Matty Cash,matty-cash,D,False,1.0,,4.0,38.0,15.0,52.0,1.0,,5.0,,,1.0,,,,,2.0,7.0,,,0.0385301,0.0303,0.0,1.0,,,,,,1.0,,90.0,,,,,,,,,19.0,,7.0,,,,,1.0,3.0,6.0,,8.0,,54.0,15.0,63.0,1,1.0,91.0,2.0,3.0,3.0,
2022-23,10385503,2,7,Aston_Villa,Home,10589,18892,Ashley Young,ashley-young,D,True,,,,,,,,,,,,,,,,,,,,,2.14e-06,0.0,0.0,,,,,,,,,1.0,,,,,,,,,,,,,,,,,,,,,,,,,0,,1.0,,,,
2022-23,10385503,2,7,Aston_Villa,Home,96538,101188,Lucas Digne,lucas-digne,D,False,2.0,,,36.0,18.0,52.0,1.0,1.0,1.0,,,,1.0,,,,6.0,4.0,,,0.0576735,0.0363,0.0,1.0,,,,,,2.0,,90.0,,,1.0,,,,,,21.0,,6.3,,,1.0,,3.0,3.0,7.0,,4.0,1.0,49.0,21.0,63.0,1,2.0,93.0,,1.0,,1.0
2022-23,10385503,2,7,Aston_Villa,Home,138546,,Ludwig Augustinsson,ludwig-augustinsson,D,True,,,,,,,,,,,,,,,,,,,,,,,0.0,,,,,,,,,,,,,,,,,,,,,,,,,,,,,,,,,,0,,,,,,
2022-23,10385503,2,7,Aston_Villa,Home,227942,101184,Calum Chambers,calum-chambers,D,True,,,,,,,,,,,,,,,,,,,,,0.0,0.0,0.0,,,,,,,,,1.0,,2.0,,,,,,,,,,,,,,,,,,,,,,,0,,2.0,,,,
2022-23,10385503,2,7,Aston_Villa,Home,303638,149484,Tyrone Mings,tyrone-mings,D,False,,,1.0,23.0,29.0,52.0,1.0,3.0,3.0,,,,,,,,1.0,3.0,,,0.0178629,0.0,0.0,,,,,,,2.0,,90.0,,,,,,,,,7.0,,6.8,,,,,6.0,,,,5.0,,27.0,32.0,59.0,0,,68.0,,,,
2022-23,10385503,2,7,Aston_Villa,Home,604232,165659,Diego Carlos,diego-carlos,D,False,,,1.0,21.0,23.0,44.0,,3.0,6.0,,1.0,1.0,1.0,,,,1.0,3.0,,,0.00654259,0.3408,0.0,,,,,,,1.0,,89.0,,2.0,,,,,,,9.0,,6.7,,,2.0,,1.0,,,,4.0,,27.0,26.0,53.0,3,,60.0,,,,
2022-23,10385503,2,7,Aston_Villa,Home,827679,199798,Ezri Konsa,ezri-konsa,D,True,,,,,,,1.0,,,,,,,,,,1.0,,,,0.0,0.0,0.0,,,,,,,,,1.0,,,,,,,,,1.0,,,,,,,,,,,,,,1.0,1.0,0,,1.0,,,,
2022-23,10385503,2,7,Aston_Villa,Home,833956,199796,Matty Cash,matty-cash,D,False,,,2.0,16.0,12.0,28.0,1.0,1.0,2.0,,,,,,,,2.0,4.0,,,0.162096,0.0,0.0,1.0,,,,,,2.0,,89.0,,1.0,,,,,,,9.0,,7.2,,,,,1.0,,1.0,,6.0,,22.0,14.0,35.0,0,3.0,53.0,,,,2.0
2022-23,10385520,3,7,Aston_Villa,Away,10589,18892,Ashley Young,ashley-young,D,True,,,,,,,,,,,,,,,,,,,,,,,0.0,,,,,,,,,,,,,,,,,,,,,,,,,,,,,,,,,,0,,,,,,
2022-23,10385520,3,7,Aston_Villa,Away,96538,101188,Lucas Digne,lucas-digne,D,False,3.0,,4.0,19.0,20.0,36.0,2.0,2.0,8.0,,,1.0,1.0,,,2.0,6.0,5.0,,,0.173215,0.0889,0.0,2.0,,,,,,1.0,2.0,90.0,,1.0,,1.0,,,,,11.0,,6.5,,,1.0,,1.0,,4.0,,5.0,,24.0,22.0,42.0,2,3.0,66.0,1.0,,,3.0
2022-23,10385520,3,7,Aston_Villa,Away,138546,,Ludwig Augustinsson,ludwig-augustinsson,D,True,,,,,,,,,,,,,,,,,,,,,,,0.0,,,,,,,,,,,,,,,,,,,,,,,,,,,,,,,,,,0,,,,,,
2022-23,10385520,3,7,Aston_Villa,Away,227942,101184,Calum Chambers,calum-chambers,D,True,,,,,,,,,,,,,,,,,,,,,,,0.0,,,,,,,,,,,,,,,,,,,,,,,,,,,,,,,,,,0,,,,,,
2022-23,10385520,3,7,Aston_Villa,Away,303638,149484,Tyrone Mings,tyrone-mings,D,False,,,8.0,13.0,41.0,54.0,1.0,2.0,7.0,,,,,,,1.0,2.0,4.0,,,0.00542407,0.0,0.0,,,,,,,2.0,,90.0,,,,,,,,,14.0,,6.4,,,,,3.0,,,,18.0,,21.0,46.0,67.0,0,,78.0,,2.0,,
2022-23,10385520,3,7,Aston_Villa,Away,827679,199798,Ezri Konsa,ezri-konsa,D,False,,,,8.0,37.0,45.0,,2.0,5.0,,,,,,,,,8.0,,,0.0026831,0.0678,0.0,,,,,,,,,90.0,,1.0,,,,,,,5.0,,6.9,,,1.0,,2.0,,,,3.0,,11.0,39.0,50.0,1,4.0,61.0,,2.0,,1.0
2022-23,10385520,3,7,Aston_Villa,Away,833956,199796,Matty Cash,matty-cash,D,False,2.0,,,8.0,9.0,15.0,,,3.0,,,,3.0,,,,6.0,5.0,,,0.105432,0.0144,0.0,2.0,,,,,,3.0,2.0,90.0,,,,,,,,,21.0,,6.5,,,1.0,,,2.0,8.0,,4.0,,23.0,11.0,26.0,1,3.0,58.0,2.0,1.0,1.0,2.0
2022-23,10385563,4,7,Aston_Villa,Home,10589,18892,Ashley Young,ashley-young,D,True,,,,,,,,,,,,,,,,,,,,,,,0.0,,,,,,,,,,,,,,,,,,,,,,,,,,,,,,,,,,0,,,,,,
2022-23,10385563,4,7,Aston_Villa,Home,96538,101188,Lucas Digne,lucas-digne,D,False,1.0,,2.0,29.0,14.0,42.0,,3.0,11.0,,,,1.0,,,1.0,3.0,6.0,,,0.112532,0.0,0.0,,,,,,,,3.0,90.0,,1.0,,,,,,,35.0,,6.9,,,,,1.0,1.0,8.0,,8.0,,49.0,22.0,63.0,0,1.0,101.0,4.0,2.0,,1.0
2022-23,10385563,4,7,Aston_Villa,Home,138546,,Ludwig Augustinsson,ludwig-augustinsson,D,True,,,,,,,,,,,,,,,,,,,,,,,0.0,,,,,,,,,,,,,,,,,,,,,,,,,,,,,,,,,,0,,,,,,
2022-23,10385563,4,7,Aston_Villa,Home,227942,101184,Calum Chambers,calum-chambers,D,False,,,3.0,14.0,48.0,62.0,,1.0,7.0,,,,1.0,,,,3.0,3.0,,,0.00491026,0.0,0.0,2.0,,,,,,3.0,,90.0,,1.0,,,,,,,10.0,,6.9,,,,,1.0,,,,6.0,,18.0,52.0,70.0,0,2.0,80.0,,,,2.0
2022-23,10385563,4,7,Aston_Villa,Home,827679,199798,Ezri Konsa,ezri-konsa,D,False,,,3.0,8.0,57.0,65.0,,1.0,2.0,,,,1.0,,,,2.0,2.0,,,0.00305203,0.0,0.0,1.0,,,,,,2.0,,90.0,,,,,,,,,5.0,,6.8,,,,,5.0,,,,4.0,,12.0,58.0,70.0,0,1.0,78.0,,,,1.0
2022-23,10385563,4,7,Aston_Villa,Home,833956,199796,Matty Cash,matty-cash,D,False,,,1.0,9.0,21.0,30.0,1.0,2.0,5.0,,,,1.0,,,1.0,4.0,8.0,,,0.0100117,0.064,0.0,1.0,,,,,,3.0,,90.0,,,,,,,,,13.0,,7.1,,,1.0,,3.0,,2.0,,4.0,,18.0,23.0,39.0,1,5.0,67.0,1.0,1.0,,2.0
2022-23,10385574,5,7,Aston_Villa,Away,10589,18892,Ashley Young,ashley-young,D,True,,,,,,,,,,,,,,,,,,,,,,,0.0,,,,,,,,,,,,,,,,,,,,,,,,,,,,,,,,,,0,,,,,,
2022-23,10385574,5,7,Aston_Villa,Away,96538,101188,Lucas Digne,lucas-digne,D,False,1.0,,1.0,12.0,14.0,25.0,2.0,,2.0,,,,2.0,,,1.0,8.0,4.0,,,0.0190641,0.0,0.0,3.0,,,,,,3.0,,90.0,,,,,,,,,15.0,,6.3,,,,,6.0,,3.0,,4.0,,21.0,16.0,34.0,0,1.0,61.0,2.0,3.0,,
2022-23,10385574,5,7,Aston_Villa,Away,138546,,Ludwig Augustinsson,ludwig-augustinsson,D,True,,,,,,,,,,,,,,,,,,,,,,,0.0,,,,,,,,,,,,,,,,,,,,,,,,,,,,,,,,,,0,,,,,,
2022-23,10385574,5,7,Aston_Villa,Away,227942,101184,Calum Chambers,calum-chambers,D,True,,,,,,,,,,,,,,,,,,,,,,,0.0,,,,,,,,,,,,,,,,,,,,,,,,,,,,,,,,,,0,,,,,,
2022-23,10385574,5,7,Aston_Villa,Away,303638,149484,Tyrone Mings,tyrone-mings,D,False,,,2.0,7.0,21.0,28.0,2.0,,8.0,,,,,1.0,,,2.0,1.0,,,0.00183218,0.0,0.0,,,,,,,1.0,,90.0,,4.0,,,,,,,10.0,,7.4,,,,,6.0,,,,11.0,,15.0,23.0,38.0,0,1.0,50.0,,,,1.0
2022-23,10385574,5,7,Aston_Villa,Away,827679,199798,Ezri Konsa,ezri-konsa,D,False,,,2.0,7.0,21.0,28.0,1.0,2.0,5.0,,,,,,,,2.0,6.0,,,0.0020618,0.0,0.0,1.0,,,,,,1.0,,90.0,,1.0,,,,,,,10.0,,6.7,,,,,1.0,,,,7.0,,12.0,25.0,37.0,0,3.0,48.0,1.0,1.0,,1.0
2022-23,10385574,5,7,Aston_Villa,Away,833956,199796,Matty Cash,matty-cash,D,False,1.0,,1.0,15.0,8.0,22.0,,,2.0,,,,,,,,,1.0,,,0.0357007,0.0,0.0,,,,,,,2.0,1.0,90.0,,,,,,,,,10.0,,6.5,,,,,2.0,,4.0,,4.0,1.0,23.0,8.0,27.0,0,1.0,51.0,2.0,,,
2022-23,10385569,6,7,Aston_Villa,Home,10589,18892,Ashley Young,ashley-young,D,True,,,3.0,5.0,8.0,13.0,,1.0,5.0,,,,,,,,1.0,6.0,,,0.00238413,0.0,0.0,1.0,,,,,,,,63.0,,,,,,,,,12.0,,7.0,,,,,4.0,,1.0,,7.0,,9.0,13.0,21.0,0,4.0,45.0,,1.0,,3.0
2022-23,10385569,6,7,Aston_Villa,Home,96538,101188,Lucas Digne,lucas-digne,D,False,,,3.0,9.0,10.0,19.0,2.0,3.0,8.0,,,,,,,,3.0,8.0,,,0.0107304,0.0,0.0,,,,,,,1.0,,90.0,,2.0,,,,,,,6.0,,7.2,,,,,,1.0,2.0,,3.0,,14.0,10.0,22.0,0,2.0,39.0,,3.0,,
2022-23,10385569,6,7,Aston_Villa,Home,138546,,Ludwig Augustinsson,ludwig-augustinsson,D,True,,,,,,,,,,,,,,,,,,,,,,,0.0,,,,,,,,,,,,,,,,,,,,,,,,,,,,,,,,,,0,,,,,,
2022-23,10385569,6,7,Aston_Villa,Home,227942,101184,Calum Chambers,calum-chambers,D,True,,,,,,,,,,,,,,,,,,,,,,,0.0,,,,,,,,,,,,,,,,,,,,,,,,,,,,,,,,,,0,,,,,,
2022-23,10385569,6,7,Aston_Villa,Home,286085,171771,Jan Bednarek,jan-bednarek,D,True,,,,,,,,,,,,,,,,,,,,,,,0.0,,,,,,,,,,,,,,,,,,,,,,,,,,,,,,,,,,0,,,,,,
2022-23,10385569,6,7,Aston_Villa,Home,303638,149484,Tyrone Mings,tyrone-mings,D,False,,,4.0,4.0,21.0,25.0,,3.0,7.0,,,,,,,,1.0,3.0,,,0.0237214,0.0,0.0,1.0,,,,,,1.0,,90.0,,,,,,,,,4.0,,6.8,,,,,6.0,,,,5.0,,6.0,22.0,28.0,0,,37.0,,,,
2022-23,10385569,6,7,Aston_Villa,Home,827679,199798,Ezri Konsa,ezri-konsa,D,False,,,,1.0,23.0,24.0,1.0,1.0,2.0,,,,,,,,1.0,2.0,,,0.00013975,0.0,0.0,1.0,,,,,,,,90.0,,,,,,,,,9.0,,6.3,,,,,1.0,,,,7.0,,5.0,28.0,33.0,0,1.0,36.0,,,,
2022-23,10385569,6,7,Aston_Villa,Home,833956,199796,Matty Cash,matty-cash,D,False,,,,,1.0,1.0,,,2.0,,,,,,,,,,,,2.13e-06,0.0,0.0,,,,,,,,,27.0,,,,,,,,,4.0,,6.3,,,,,,,,,2.0,,,4.0,4.0,0,,8.0,,,,
2022-23,11077466,7,7,Aston_Villa,Away,10589,18892,Ashley Young,ashley-young,D,False,,,2.0,29.0,19.0,48.0,,2.0,4.0,,,,1.0,,,1.0,3.0,9.0,,,0.112596,0.0431,0.0,1.0,,,,,,2.0,2.0,85.0,,,,,,,,,11.0,,7.2,,,1.0,,3.0,2.0,2.0,,4.0,1.0,34.0,21.0,53.0,1,1.0,81.0,1.0,4.0,2.0,
2022-23,11077466,7,7,Aston_Villa,Away,96538,101188,Lucas Digne,lucas-digne,D,True,,,,1.0,1.0,2.0,,,,,,,,,,,,,,,0.00030846,0.0,0.0,,,,,,,,,12.0,,,,,,,,,,,6.5,,,,,,,,,,,1.0,1.0,2.0,0,,2.0,,,,
2022-23,11077466,7,7,Aston_Villa,Away,227942,101184,Calum Chambers,calum-chambers,D,True,,,1.0,3.0,,3.0,,,,,,,,,,,,,,,0.00471213,0.0,0.0,,,,,,,,,12.0,,,,,,,,,,,6.6,,,,,,,,,1.0,,3.0,,3.0,0,,3.0,,,,
2022-23,11077466,7,7,Aston_Villa,Away,294593,106468,Álex Moreno,alex-moreno,D,False,1.0,,1.0,30.0,18.0,47.0,1.0,,4.0,,,1.0,,,,1.0,5.0,1.0,,,0.157223,0.1311,0.0,1.0,,,,,1.0,,2.0,85.0,,,,,,,,,10.0,,6.6,,,2.0,,,3.0,1.0,,2.0,,34.0,20.0,53.0,3,,72.0,1.0,,1.0,
2022-23,11077466,7,7,Aston_Villa,Away,303638,149484,Tyrone Mings,tyrone-mings,D,False,,,3.0,42.0,39.0,81.0,,1.0,6.0,,,,,,,1.0,1.0,2.0,,,0.0225292,0.0,0.0,,,,,,,2.0,,90.0,,,,,,,,,11.0,,6.8,,,,,6.0,1.0,,,8.0,,51.0,40.0,91.0,0,,102.0,,,1.0,
2022-23,11077466,7,7,Aston_Villa,Away,604232,165659,Diego Carlos,diego-carlos,D,True,,,,,,,,,,,,,,,,,,,,,,,0.0,,,,,,,,,,,,,,,,,,,,,,,,,,,,,,,,,,0,,,,,,
2022-23,11077466,7,7,Aston_Villa,Away,827679,199798,Ezri Konsa,ezri-konsa,D,False,,,2.0,35.0,46.0,81.0,,4.0,,,,,,,,2.0,2.0,7.0,,,0.0199072,0.0,0.0,,,,,,,,,90.0,,,,,,,,,4.0,,7.0,,,,,7.0,,,,2.0,,35.0,47.0,82.0,0,1.0,100.0,1.0,2.0,,1.0
2022-23,10385745,8,7,Aston_Villa,Home,10589,18892,Ashley Young,ashley-young,D,False,2.0,,5.0,14.0,13.0,25.0,2.0,2.0,7.0,,,1.0,1.0,,,1.0,5.0,5.0,,,0.0552583,0.0559,0.0,1.0,,,,,,,1.0,90.0,,,,,,,,,25.0,,7.1,,,1.0,,1.0,,4.0,,8.0,,29.0,17.0,42.0,2,3.0,71.0,,,,1.0
2022-23,10385745,8,7,Aston_Villa,Home,96538,101188,Lucas Digne,lucas-digne,D,False,,,4.0,26.0,17.0,43.0,1.0,2.0,4.0,,,,,,,,2.0,12.0,,,0.0228857,0.0,0.0,1.0,,,,,,,,90.0,,,,,,,,,20.0,,7.8,,,,,3.0,,4.0,,6.0,,38.0,19.0,53.0,0,7.0,86.0,3.0,3.0,,2.0
2022-23,10385745,8,7,Aston_Villa,Home,138546,,Ludwig Augustinsson,ludwig-augustinsson,D,True,,,,,,,,,,,,,,,,,,,,,,,0.0,,,,,,,,,,,,,,,,,,,,,,,,,,,,,,,,,,0,,,,,,
2022-23,10385745,8,7,Aston_Villa,Home,227942,101184,Calum Chambers,calum-chambers,D,True,,,,,,,,,,,,,,,,,,,,,,,0.0,,,,,,,,,,,,,,,,,,,,,,,,,,,,,,,,,,0,,,,,,
2022-23,10385745,8,7,Aston_Villa,Home,303638,149484,Tyrone Mings,tyrone-mings,D,False,,,4.0,9.0,21.0,30.0,,4.0,9.0,,,,,,,,,6.0,,,0.406104,0.0,0.0,,,,,,,,1.0,90.0,,,,,,,,,12.0,,7.4,,,,,6.0,,,,9.0,1.0,16.0,25.0,41.0,0,2.0,53.0,1.0,,,
2022-23,10385745,8,7,Aston_Villa,Home,827679,199798,Ezri Konsa,ezri-konsa,D,False,,,3.0,7.0,18.0,25.0,1.0,4.0,4.0,,,,,,,,1.0,7.0,,,0.00167193,0.0,0.0,,,,,,,,,90.0,,,,,,,,,10.0,,7.0,,,,,5.0,,,,10.0,,14.0,21.0,35.0,0,,44.0,,3.0,,
2022-23,10385642,9,7,Aston_Villa,Away,10589,18892,Ashley Young,ashley-young,D,False,2.0,,3.0,29.0,23.0,50.0,,,7.0,1.0,,,,,,,2.0,3.0,,,0.141613,0.0,0.0,2.0,,,,,,1.0,5.0,90.0,,,,,,,,,14.0,,7.8,,,,,1.0,1.0,5.0,,7.0,,40.0,24.0,59.0,0,1.0,75.0,1.0,1.0,1.0,1.0
2022-23,10385642,9,7,Aston_Villa,Away,138546,,Ludwig Augustinsson,ludwig-augustinsson,D,False,,,1.0,3.0,3.0,6.0,1.0,4.0,4.0,,,,,,,,3.0,6.0,,,0.00160959,0.0,0.0,1.0,,,,,,,,45.0,,,,,,,,,10.0,,6.5,,,,,1.0,1.0,1.0,,4.0,,8.0,7.0,14.0,0,1.0,23.0,,1.0,,1.0
2022-23,10385642,9,7,Aston_Villa,Away,286085,171771,Jan Bednarek,jan-bednarek,D,True,,,5.0,14.0,23.0,37.0,,,2.0,,,,,,,,,3.0,,,0.00557026,0.0,0.0,,,,,,,1.0,,45.0,,,,,,,,,4.0,,7.0,,,,,,,,,6.0,,18.0,23.0,41.0,0,2.0,45.0,,1.0,,2.0
2022-23,10385642,9,7,Aston_Villa,Away,303638,149484,Tyrone Mings,tyrone-mings,D,False,,,4.0,17.0,34.0,51.0,,,6.0,,,1.0,,,,1.0,3.0,1.0,,,0.029435,0.0235,0.0,2.0,,,,,,1.0,,90.0,,,,,,,,,8.0,,6.8,,,,,,,,,5.0,,21.0,37.0,58.0,1,1.0,63.0,,,,
2022-23,10385642,9,7,Aston_Villa,Away,827679,199798,Ezri Konsa,ezri-konsa,D,False,,,3.0,15.0,20.0,35.0,2.0,6.0,8.0,,1.0,,,,,1.0,4.0,13.0,,,0.0157247,0.3582,0.0,,,,,,,,,90.0,,1.0,,,,,,,19.0,,7.2,,,1.0,,3.0,2.0,,,8.0,,29.0,23.0,52.0,1,1.0,78.0,,5.0,1.0,
2022-23,10385761,10,7,Aston_Villa,Away,10589,18892,Ashley Young,ashley-young,D,False,,,2.0,22.0,11.0,33.0,1.0,2.0,6.0,,,1.0,,,,,2.0,3.0,,,0.0349049,0.0425,0.2811,1.0,,1.0,,,,1.0,1.0,90.0,1.0,1.0,,,,,,,16.0,,7.6,,,,,2.0,1.0,1.0,,8.0,,31.0,13.0,43.0,2,,66.0,3.0,,1.0,
2022-23,10385761,10,7,Aston_Villa,Away,227942,101184,Calum Chambers,calum-chambers,D,True,,,,,,,,,,,,,,,,,,,,,,,0.0,,,,,,,,,,,,,,,,,,,,,,,,,,,,,,,,,,0,,,,,,
2022-23,10385761,10,7,Aston_Villa,Away,286085,171771,Jan Bednarek,jan-bednarek,D,True,,,,,,,,,,,,,,,,,,,,,,,0.0,,,,,,,,,,,,,,,,,,,,,,,,,,,,,,,,,,0,,,,,,
2022-23,10385761,10,7,Aston_Villa,Away,303638,149484,Tyrone Mings,tyrone-mings,D,False,,,4.0,38.0,38.0,76.0,1.0,2.0,3.0,,,,1.0,,,,5.0,4.0,,,0.026993,0.0,0.0,3.0,,,,,,2.0,,90.0,,,,,,,,,8.0,,6.9,,,,,2.0,,,,8.0,,43.0,40.0,83.0,0,1.0,93.0,1.0,1.0,,1.0
2022-23,10385761,10,7,Aston_Villa,Away,827679,199798,Ezri Konsa,ezri-konsa,D,False,,,7.0,24.0,53.0,77.0,4.0,,7.0,,,,,,,,5.0,2.0,,,0.0157965,0.0,0.0,1.0,,,,,,,,90.0,,1.0,,,,,,,4.0,,6.8,,,,,1.0,,,,9.0,,26.0,55.0,81.0,0,,89.0,,2.0,,
2022-23,10385761,10,7,Aston_Villa,Away,833956,199796,Matty Cash,matty-cash,D,False,,,2.0,20.0,17.0,37.0,2.0,,4.0,,,,,,,,5.0,4.0,,,0.0455614,0.0,0.0,2.0,,,,,,1.0,,90.0,,,,,,,,,17.0,,6.7,,,,,,2.0,4.0,,5.0,,31.0,18.0,45.0,0,3.0,71.0,3.0,,1.0,3.0
2022-23,10385680,11,7,Aston_Villa,Home,10589,18892,Ashley Young,ashley-young,D,False,,,4.0,17.0,17.0,34.0,,2.0,6.0,,,,,,,,1.0,5.0,,,0.0252641,0.0,0.0,1.0,,,,,,1.0,1.0,90.0,,,,,,,,,15.0,,7.0,,,,,2.0,,4.0,,7.0,,29.0,18.0,43.0,0,3.0,67.0,,1.0,,2.0
2022-23,10385680,11,7,Aston_Villa,Home,227942,101184,Calum Chambers,calum-chambers,D,True,,,,,,,,,,,,,,,,,,,,,,,0.0,,,,,,,,,,,,,,,,,,,,,,,,,,,,,,,,,,0,,,,,,
2022-23,10385680,11,7,Aston_Villa,Home,286085,171771,Jan Bednarek,jan-bednarek,D,True,,,,,,,,,,,,,,,,,,,,,,,0.0,,,,,,,,,,,,,,,,,,,,,,,,,,,,,,,,,,0,,,,,,
2022-23,10385680,11,7,Aston_Villa,Home,303638,149484,Tyrone Mings,tyrone-mings,D,False,1.0,,3.0,10.0,32.0,41.0,2.0,,7.0,,,,1.0,,,,4.0,2.0,1.0,,0.00725834,0.0,0.0,1.0,,,,,,,1.0,90.0,,1.0,,,,,,,8.0,,6.0,,,,,2.0,,1.0,,7.0,,15.0,35.0,49.0,0,2.0,55.0,,,,
2022-23,10385680,11,7,Aston_Villa,Home,827679,199798,Ezri Konsa,ezri-konsa,D,False,,,2.0,6.0,30.0,36.0,,1.0,5.0,,,,,,,,,3.0,,,0.0248223,0.0311,0.0,,,,,,,3.0,1.0,90.0,,,,,,,,,11.0,,6.9,,,1.0,,2.0,,1.0,,8.0,,14.0,32.0,45.0,1,2.0,56.0,,,,
2022-23,10385680,11,7,Aston_Villa,Home,833956,199796,Matty Cash,matty-cash,D,False,4.0,,1.0,13.0,10.0,19.0,,,8.0,,,,,,,1.0,2.0,2.0,,,0.102582,0.0,0.0,1.0,,,,,,,3.0,90.0,,,,,,,,,15.0,,6.6,,,,,,1.0,7.0,,6.0,,26.0,10.0,29.0,0,1.0,58.0,1.0,,1.0,1.0
2022-23,10385708,12,7,Aston_Villa,Away,10589,18892,Ashley Young,ashley-young,D,False,1.0,,3.0,9.0,9.0,17.0,1.0,2.0,5.0,,,,,,,,4.0,5.0,,,0.0682718,0.0,0.0,1.0,,,,,,1.0,1.0,90.0,,,,,,,,,13.0,,6.5,,,,,1.0,2.0,3.0,,5.0,,16.0,9.0,22.0,0,3.0,44.0,1.0,,,2.0
2022-23,10385708,12,7,Aston_Villa,Away,227942,101184,Calum Chambers,calum-chambers,D,True,,,,,,,,,,,,,,,,,,,,,,,0.0,,,,,,,,,,,,,,,,,,,,,,,,,,,,,,,,,,0,,,,,,
2022-23,10385708,12,7,Aston_Villa,Away,286085,171771,Jan Bednarek,jan-bednarek,D,False,,,1.0,2.0,17.0,19.0,,,2.0,,,,,,,,,1.0,,,0.00083192,0.0,0.0,,,,,,,1.0,,45.0,,,,,,,,,2.0,,6.7,,,,,3.0,,,,2.0,,3.0,18.0,21.0,0,1.0,28.0,,,,1.0
2022-23,10385708,12,7,Aston_Villa,Away,303638,149484,Tyrone Mings,tyrone-mings,D,False,,,4.0,8.0,21.0,29.0,2.0,1.0,3.0,,,,,1.0,,,3.0,2.0,,,0.00685613,0.0,0.0,1.0,,,,,,2.0,,90.0,,2.0,1.0,,,,,,8.0,,6.8,,,,,3.0,,,,8.0,,15.0,22.0,37.0,0,,48.0,,1.0,,
2022-23,10385708,12,7,Aston_Villa,Away,827679,199798,Ezri Konsa,ezri-konsa,D,False,2.0,,2.0,11.0,19.0,28.0,2.0,1.0,4.0,,,,,,,,2.0,4.0,,1.0,0.306228,0.0,0.0,,,,,,,1.0,3.0,90.0,,,,,,,,,15.0,,6.6,,,,,1.0,,2.0,,6.0,,19.0,22.0,39.0,0,1.0,54.0,2.0,2.0,,
2022-23,10385708,12,7,Aston_Villa,Away,833956,199796,Matty Cash,matty-cash,D,True,,,,6.0,2.0,8.0,,,2.0,,,,,,,,1.0,2.0,,,0.00208722,0.0,0.0,2.0,,,,,,,,45.0,,,,1.0,,,,,5.0,,6.1,,,,,2.0,,,,1.0,,8.0,3.0,11.0,0,2.0,23.0,,,,
2022-23,10385732,13,7,Aston_Villa,Home,10589,18892,Ashley Young,ashley-young,D,False,,,,17.0,14.0,31.0,,,4.0,,,,1.0,,,1.0,4.0,2.0,,,0.100946,0.0368,0.0436,1.0,,,,,,3.0,,90.0,1.0,1.0,,,,,,,10.0,,7.5,,,,,2.0,1.0,1.0,,1.0,,23.0,16.0,38.0,1,2.0,61.0,,,,1.0
2022-23,10385732,13,7,Aston_Villa,Home,227942,101184,Calum Chambers,calum-chambers,D,True,,,,,1.0,1.0,1.0,,1.0,,,,,,,,2.0,,,,1.62e-06,0.0,0.0,1.0,,,,,,,,9.0,,,,,,,,,2.0,,6.4,,,,,,,,,,,1.0,1.0,2.0,0,,4.0,1.0,,,
2022-23,10385732,13,7,Aston_Villa,Home,286085,171771,Jan Bednarek,jan-bednarek,D,True,,,,,,,,,,,,,,,,,,,,,,,0.0,,,,,,,,,,,,,,,,,,,,,,,,,,,,,,,,,,0,,,,,,
2022-23,10385732,13,7,Aston_Villa,Home,303638,149484,Tyrone Mings,tyrone-mings,D,False,,,,7.0,9.0,16.0,1.0,3.0,4.0,,,,,,,,2.0,4.0,,,0.00176314,0.0,0.0,,,,,,,,,90.0,,,,,,,,1.0,7.0,,7.2,,,,,8.0,1.0,,,4.0,,13.0,9.0,22.0,0,,34.0,,1.0,,
2022-23,10385732,13,7,Aston_Villa,Home,827679,199798,Ezri Konsa,ezri-konsa,D,False,,,,2.0,22.0,24.0,2.0,5.0,4.0,,,,,,,,2.0,8.0,,,0.00101837,0.0,0.0,,,,,,,1.0,,90.0,,1.0,,,,,,,4.0,,7.6,,,,,6.0,,,,,,3.0,25.0,28.0,0,3.0,40.0,,,,2.0
2022-23,10385732,13,7,Aston_Villa,Home,833956,199796,Matty Cash,matty-cash,D,False,,,3.0,11.0,15.0,26.0,1.0,2.0,6.0,,,1.0,1.0,,,2.0,4.0,5.0,,,0.0054389,0.0587,0.4208,,,,,,,1.0,,81.0,1.0,,,,,,,,15.0,,6.9,,,,,2.0,,,,7.0,,15.0,21.0,36.0,2,2.0,61.0,2.0,1.0,,1.0
2022-23,10385362,14,7,Aston_Villa,Away,10589,18892,Ashley Young,ashley-young,D,False,,,1.0,8.0,14.0,22.0,,1.0,5.0,,,,,,,,2.0,4.0,,,0.0112085,0.0,0.0,2.0,,,,,,2.0,,90.0,,1.0,,1.0,,,,,8.0,,6.1,,,,,2.0,2.0,,,2.0,,10.0,15.0,25.0,0,2.0,50.0,,,1.0,1.0
2022-23,10385362,14,7,Aston_Villa,Away,96538,101188,Lucas Digne,lucas-digne,D,True,,,,2.0,6.0,8.0,,,1.0,,,,,,,,,2.0,,,0.00031135,0.0,0.0,,,,,,,,,21.0,,,,,,,,,2.0,,6.8,,,,,2.0,,1.0,,,,4.0,6.0,9.0,0,1.0,14.0,,1.0,,
2022-23,10385362,14,7,Aston_Villa,Away,227942,101184,Calum Chambers,calum-chambers,D,True,,,,,,,,,,,,,,,,,,,,,,,0.0,,,,,,,,,,,,,,,,,,,,,,,,,,,,,,,,,,0,,,,,,
2022-23,10385362,14,7,Aston_Villa,Away,286085,171771,Jan Bednarek,jan-bednarek,D,True,,,,,,,,,,,,,,,,,,,,,,,0.0,,,,,,,,,,,,,,,,,,,,,,,,,,,,,,,,,,0,,,,,,
2022-23,10385362,14,7,Aston_Villa,Away,303638,149484,Tyrone Mings,tyrone-mings,D,False,,,2.0,4.0,18.0,22.0,2.0,1.0,5.0,,,,,,,,2.0,3.0,,,0.00082632,0.0,0.0,,,,,,,4.0,,90.0,,1.0,,,,,,,10.0,,6.4,,,,,2.0,,,,6.0,,10.0,22.0,32.0,0,,42.0,,2.0,,
2022-23,10385362,14,7,Aston_Villa,Away,827679,199798,Ezri Konsa,ezri-konsa,D,False,,,2.0,2.0,35.0,37.0,,1.0,4.0,,,,,,,,,4.0,,,0.00045443,0.0,0.0,,,,,,,,,90.0,,,,,,,,,7.0,,6.2,,,,,5.0,,,,7.0,,6.0,37.0,43.0,0,1.0,52.0,,2.0,,
2022-23,10385362,14,7,Aston_Villa,Away,833956,199796,Matty Cash,matty-cash,D,False,1.0,,,6.0,13.0,18.0,,1.0,4.0,,,,,,,,1.0,4.0,,,0.0470965,0.0,0.0,,,,,,,1.0,,69.0,,,,,,,,,13.0,,6.2,,,,,1.0,2.0,2.0,,2.0,1.0,14.0,16.0,28.0,0,2.0,46.0,1.0,,1.0,1.0
2022-23,10385379,15,7,Aston_Villa,Home,10589,18892,Ashley Young,ashley-young,D,True,,,,2.0,6.0,8.0,,,1.0,,,,,,,,,,,,0.00205618,0.0,0.0,,,,,,,,,11.0,,,,,,,,,2.0,,6.6,,,,,3.0,,,,,,2.0,8.0,10.0,0,,13.0,,,,
2022-23,10385379,15,7,Aston_Villa,Home,96538,101188,Lucas Digne,lucas-digne,D,False,,,4.0,15.0,12.0,27.0,1.0,1.0,1.0,,,,,,,1.0,2.0,2.0,,,0.0102138,0.0346,0.3033,,,1.0,,,,,,79.0,1.0,1.0,,,,,,,9.0,,7.2,,,,,1.0,,,,7.0,,19.0,15.0,34.0,1,,49.0,,1.0,,
2022-23,10385379,15,7,Aston_Villa,Home,138546,,Ludwig Augustinsson,ludwig-augustinsson,D,True,,,,,,,,,,,,,,,,,,,,,,,0.0,,,,,,,,,,,,,,,,,,,,,,,,,,,,,,,,,,0,,,,,,
2022-23,10385379,15,7,Aston_Villa,Home,227942,101184,Calum Chambers,calum-chambers,D,True,,,,,,,,,,,,,,,,,,,,,,,0.0,,,,,,,,,,,,,,,,,,,,,,,,,,,,,,,,,,0,,,,,,
2022-23,10385379,15,7,Aston_Villa,Home,286085,171771,Jan Bednarek,jan-bednarek,D,True,,,,,,,,,,,,,,,,,,,,,,,0.0,,,,,,,,,,,,,,,,,,,,,,,,,,,,,,,,,,0,,,,,,
2022-23,10385379,15,7,Aston_Villa,Home,303638,149484,Tyrone Mings,tyrone-mings,D,False,,,2.0,5.0,39.0,44.0,,2.0,4.0,,,,1.0,,,,2.0,2.0,,,0.00256708,0.0,0.0,1.0,,,,,,2.0,,90.0,,1.0,,,,,,,5.0,,6.9,,,,,8.0,,,,7.0,,8.0,41.0,49.0,0,,61.0,,,,
2022-23,10385379,15,7,Aston_Villa,Home,827679,199798,Ezri Konsa,ezri-konsa,D,False,,,,5.0,31.0,36.0,1.0,1.0,2.0,,,,,,,,2.0,2.0,,,0.00145419,0.0,0.0,,,,,,,1.0,,90.0,,,,,,,,,5.0,,6.5,,,,,5.0,1.0,,,1.0,,6.0,32.0,38.0,0,,51.0,2.0,1.0,,
2022-23,10385379,15,7,Aston_Villa,Home,833956,199796,Matty Cash,matty-cash,D,False,,,3.0,10.0,20.0,30.0,,,4.0,,,,,,,,1.0,2.0,,,0.00397578,0.0157,0.0,,,,,,,3.0,,90.0,,,,,,,,,9.0,,6.8,,,1.0,,1.0,1.0,,,4.0,,12.0,24.0,36.0,1,1.0,54.0,,1.0,,1.0
2022-23,10385389,16,7,Aston_Villa,Away,10589,18892,Ashley Young,ashley-young,D,True,,,2.0,3.0,2.0,5.0,,,4.0,,,,,,,,1.0,1.0,,,0.00156625,0.0347,0.0,1.0,,,,,,1.0,,21.0,,,,,,,,,2.0,,6.7,,,1.0,,,,,,4.0,,5.0,2.0,7.0,1,1.0,10.0,,,,1.0
2022-23,10385389,16,7,Aston_Villa,Away,96538,101188,Lucas Digne,lucas-digne,D,False,,,,4.0,10.0,14.0,,,8.0,,,,,,,1.0,1.0,4.0,,,0.00145839,0.0,0.0,,,,,,,2.0,,82.0,,,,,,,,,9.0,,6.8,,,,,2.0,,,,2.0,,6.0,16.0,22.0,0,3.0,39.0,,1.0,,
2022-23,10385389,16,7,Aston_Villa,Away,138546,,Ludwig Augustinsson,ludwig-augustinsson,D,True,,,,,2.0,2.0,,,2.0,,,,,,,,,,,,0.00011904,0.0,0.0,,,,,,,,,8.0,,,,,,,,,1.0,,6.5,,,,,,,,,,,,2.0,2.0,0,,6.0,,,,
2022-23,10385389,16,7,Aston_Villa,Away,227942,101184,Calum Chambers,calum-chambers,D,True,,,,,,,,,,,,,,,,,,,,,,,0.0,,,,,,,,,,,,,,,,,,,,,,,,,,,,,,,,,,0,,,,,,
2022-23,10385389,16,7,Aston_Villa,Away,286085,171771,Jan Bednarek,jan-bednarek,D,True,,,,,,,,,,,,,,,,,,,,,,,0.0,,,,,,,,,,,,,,,,,,,,,,,,,,,,,,,,,,0,,,,,,
2022-23,10385389,16,7,Aston_Villa,Away,303638,149484,Tyrone Mings,tyrone-mings,D,False,,,1.0,3.0,16.0,19.0,,1.0,3.0,,,,,,,,2.0,1.0,,,0.00061147,0.0,0.0,2.0,,,,,,1.0,,90.0,,1.0,,,,,,,6.0,,6.7,,,,,11.0,,,,4.0,,5.0,19.0,24.0,0,,40.0,1.0,,,
2022-23,10385389,16,7,Aston_Villa,Away,827679,199798,Ezri Konsa,ezri-konsa,D,False,,,3.0,4.0,27.0,31.0,,,3.0,,,,,,,,,3.0,,,0.00072889,0.0,0.0,,,,,,,1.0,,90.0,,1.0,,,,,,,7.0,,6.9,,,,,6.0,,,,8.0,,7.0,31.0,38.0,0,1.0,50.0,,2.0,,
2022-23,10385389,16,7,Aston_Villa,Away,833956,199796,Matty Cash,matty-cash,D,False,,,,10.0,9.0,19.0,,,6.0,,,,,,,,1.0,2.0,,,0.158144,0.0,0.0,1.0,,,,,,1.0,1.0,90.0,,1.0,,,,,,,12.0,,6.7,,,,,3.0,,,,7.0,,17.0,14.0,31.0,0,1.0,53.0,,1.0,,1.0
2022-23,10385398,17,7,Aston_Villa,Home,10589,18892,Ashley Young,ashley-young,D,False,,,4.0,20.0,35.0,55.0,1.0,,14.0,,,,1.0,,,,3.0,2.0,,,0.034502,0.0,0.0,1.0,,,,,,,,90.0,,,,,,,,,15.0,,6.1,,,,,2.0,,1.0,,10.0,,26.0,42.0,67.0,0,1.0,77.0,1.0,1.0,,
2022-23,10385398,17,7,Aston_Villa,Home,96538,101188,Lucas Digne,lucas-digne,D,False,4.0,,,24.0,22.0,42.0,,,9.0,1.0,,,,,,2.0,4.0,2.0,,,0.364956,0.0402,0.1062,1.0,,,,,,,4.0,90.0,1.0,,,,,,,,21.0,,6.8,,,,,2.0,2.0,7.0,,2.0,,36.0,26.0,55.0,1,1.0,88.0,,1.0,,1.0
2022-23,10385398,17,7,Aston_Villa,Home,227942,101184,Calum Chambers,calum-chambers,D,True,,,,,,,,,,,,,,,,,,,,,,,0.0,,,,,,,,,,,,,,,,,,,,,,,,,,,,,,,,,,0,,,,,,
2022-23,10385398,17,7,Aston_Villa,Home,286085,171771,Jan Bednarek,jan-bednarek,D,True,,,,,,,,,,,,,,,,,,,,,,,0.0,,,,,,,,,,,,,,,,,,,,,,,,,,,,,,,,,,0,,,,,,
2022-23,10385398,17,7,Aston_Villa,Home,303638,149484,Tyrone Mings,tyrone-mings,D,False,,,4.0,15.0,32.0,47.0,,1.0,9.0,,,,,,,,,2.0,,,0.00570133,0.0,0.0,,,,,,,1.0,,90.0,,,,,,,,,5.0,,6.5,,,,,1.0,1.0,,,6.0,,16.0,36.0,52.0,0,,58.0,,,1.0,
2022-23,10385398,17,7,Aston_Villa,Home,827679,199798,Ezri Konsa,ezri-konsa,D,False,,,,11.0,30.0,41.0,1.0,1.0,3.0,,,,,,,,2.0,4.0,,1.0,0.00433503,0.0,0.0,1.0,,,,,,1.0,,90.0,,,,,,,,,4.0,,6.3,,,,,5.0,,,,2.0,,14.0,31.0,45.0,0,2.0,58.0,,2.0,,1.0
2022-23,10385398,17,7,Aston_Villa,Home,833956,199796,Matty Cash,matty-cash,D,True,,,,,,,,,,,,,,,,,,,,,,,0.0,,,,,,,,,,,,,,,,,,,,,,,,,,,,,,,,,,0,,,,,,
2022-23,10385414,18,7,Aston_Villa,Away,10589,18892,Ashley Young,ashley-young,D,False,,,3.0,14.0,17.0,31.0,1.0,,5.0,,,1.0,,1.0,,,1.0,2.0,,,0.00622495,0.0116,0.0,1.0,,,,,,2.0,,90.0,,1.0,,,,,,,13.0,,7.5,,,,,6.0,,,,8.0,,21.0,21.0,42.0,1,,69.0,,2.0,,
2022-23,10385414,18,7,Aston_Villa,Away,96538,101188,Lucas Digne,lucas-digne,D,False,2.0,,2.0,14.0,14.0,26.0,,1.0,2.0,,,,,,,,1.0,2.0,,,0.0648461,0.0,0.0,1.0,,,,,,,2.0,90.0,,,,,,,,,12.0,,7.2,,,,,3.0,,4.0,,4.0,,17.0,19.0,32.0,0,1.0,52.0,2.0,,,
2022-23,10385414,18,7,Aston_Villa,Away,138546,,Ludwig Augustinsson,ludwig-augustinsson,D,True,,,,,,,,,,,,,,,,,,,,,,,0.0,,,,,,,,,,,,,,,,,,,,,,,,,,,,,,,,,,0,,,,,,
2022-23,10385414,18,7,Aston_Villa,Away,227942,101184,Calum Chambers,calum-chambers,D,True,,,1.0,1.0,3.0,4.0,1.0,1.0,1.0,,,,,,,,3.0,1.0,,,0.0024618,0.0338,0.0,2.0,,,,,,,,8.0,,,,,,,,,3.0,,6.4,,,1.0,,,,,,2.0,,4.0,3.0,7.0,1,,8.0,,,,
2022-23,10385414,18,7,Aston_Villa,Away,286085,171771,Jan Bednarek,jan-bednarek,D,True,,,,1.0,3.0,4.0,,,,,,,,,,,1.0,,,,0.00097273,0.0,0.0,1.0,,,,,,,,8.0,,1.0,,,,,,,,,6.8,,,,,2.0,,,,,,1.0,3.0,4.0,0,,7.0,,,,
2022-23,10385414,18,7,Aston_Villa,Away,303638,149484,Tyrone Mings,tyrone-mings,D,False,,,2.0,11.0,24.0,35.0,,1.0,4.0,,,,2.0,,,,4.0,2.0,,,0.0160064,0.0,0.0,2.0,,,,,,4.0,,90.0,,,,,,,,,8.0,,6.8,,,,,1.0,,,,7.0,,14.0,28.0,42.0,0,,55.0,1.0,1.0,,
2022-23,10385414,18,7,Aston_Villa,Away,827679,199798,Ezri Konsa,ezri-konsa,D,False,,,3.0,7.0,24.0,31.0,1.0,,2.0,,,,,,,,1.0,3.0,,,0.00238055,0.0,0.0,,,,,,,,,82.0,,,,,,,,,2.0,,7.0,,,,,4.0,,,,4.0,,8.0,24.0,32.0,0,2.0,41.0,1.0,1.0,,
2022-23,10385414,18,7,Aston_Villa,Away,833956,199796,Matty Cash,matty-cash,D,True,,,,9.0,2.0,11.0,,,3.0,,,,,,,,,2.0,,,0.0451194,0.0,0.0,,,,,,,,,24.0,,,,,,,,,3.0,,6.8,,,,,,,,,1.0,,9.0,4.0,13.0,0,2.0,18.0,1.0,,,2.0
2022-23,10385420,19,7,Aston_Villa,Home,10589,18892,Ashley Young,ashley-young,D,False,1.0,,2.0,13.0,15.0,27.0,,,5.0,,,,,,,,1.0,2.0,,,0.0262908,0.0,0.0,,,,,,,,,45.0,,,,,,,,,6.0,,6.6,,,,,1.0,1.0,2.0,,5.0,,18.0,15.0,31.0,0,,38.0,,2.0,,
2022-23,10385420,19,7,Aston_Villa,Home,96538,101188,Lucas Digne,lucas-digne,D,False,,,,8.0,13.0,21.0,3.0,1.0,4.0,,,,,,,,3.0,2.0,,,0.0221212,0.0366,0.2679,,,,,,,1.0,,67.0,1.0,,,,,,,,18.0,,6.7,,,,,1.0,,8.0,,1.0,,21.0,15.0,28.0,1,,54.0,2.0,1.0,,
2022-23,10385420,19,7,Aston_Villa,Home,138546,,Ludwig Augustinsson,ludwig-augustinsson,D,True,,,,7.0,4.0,11.0,,,3.0,,,,,,,,,2.0,,,0.00787121,0.0837,0.3704,,,,,,,,,23.0,2.0,,,,,,,,7.0,,7.0,,,,,,,4.0,,2.0,,14.0,4.0,14.0,2,,23.0,,2.0,,
2022-23,10385420,19,7,Aston_Villa,Home,227942,101184,Calum Chambers,calum-chambers,D,True,,,,,,,,,,,,,,,,,,,,,,,0.0,,,,,,,,,,,,,,,,,,,,,,,,,,,,,,,,,,0,,,,,,
2022-23,10385420,19,7,Aston_Villa,Home,286085,171771,Jan Bednarek,jan-bednarek,D,True,,,,,,,,,,,,,,,,,,,,,,,0.0,,,,,,,,,,,,,,,,,,,,,,,,,,,,,,,,,,0,,,,,,
2022-23,10385420,19,7,Aston_Villa,Home,303638,149484,Tyrone Mings,tyrone-mings,D,False,,,9.0,33.0,37.0,70.0,2.0,1.0,8.0,1.0,,,,,,,2.0,3.0,,,0.172097,0.0,0.0,,1.0,,,,,2.0,1.0,90.0,,,,,,,,,10.0,,7.7,,,,,4.0,,1.0,,15.0,,41.0,39.0,79.0,0,,90.0,,2.0,,
2022-23,10385420,19,7,Aston_Villa,Home,827679,199798,Ezri Konsa,ezri-konsa,D,False,,,1.0,19.0,44.0,63.0,2.0,,6.0,,,,,,,,2.0,3.0,,,0.0091285,0.0,0.0,,,,,,,,,90.0,,,,,,,,,8.0,,6.9,,,,,4.0,1.0,1.0,,3.0,,24.0,45.0,68.0,0,1.0,80.0,1.0,1.0,1.0,
2022-23,10385420,19,7,Aston_Villa,Home,833956,199796,Matty Cash,matty-cash,D,False,1.0,,4.0,42.0,16.0,57.0,,3.0,1.0,,,1.0,2.0,,,,2.0,6.0,,,0.0665478,0.0189,0.0,1.0,,,,,,2.0,,90.0,,1.0,,,,,,,12.0,,7.2,,,,,2.0,,5.0,,7.0,,52.0,16.0,63.0,1,3.0,87.0,1.0,,,2.0
2022-23,10385423,20,7,Aston_Villa,Home,10589,18892,Ashley Young,ashley-young,D,False,,,3.0,6.0,12.0,18.0,,,7.0,,,,2.0,,,,3.0,9.0,,,0.00831205,0.0,0.0,1.0,,,,,,1.0,,90.0,,2.0,,,,,,,24.0,,7.3,,,,,2.0,,,,12.0,,19.0,15.0,34.0,0,8.0,68.0,2.0,1.0,,4.0
2022-23,10385423,20,7,Aston_Villa,Home,96538,101188,Lucas Digne,lucas-digne,D,False,,,,,2.0,2.0,,,1.0,,,,,,,2.0,2.0,,,,1.307e-05,0.0,0.0,,,,,,,,,10.0,,,,,,,,,3.0,,6.2,,,,,,,,,,,,2.0,2.0,0,,7.0,,,,
2022-23,10385423,20,7,Aston_Villa,Home,227942,101184,Calum Chambers,calum-chambers,D,True,,,,,,,,,,,,,,,,,,,,,,,0.0,,,,,,,,,,,,,,,,,,,,,,,,,,,,,,,,,,0,,,,,,
2022-23,10385423,20,7,Aston_Villa,Home,286085,171771,Jan Bednarek,jan-bednarek,D,True,,,,,,,,,,,,,,,,,,,,,,,0.0,,,,,,,,,,,,,,,,,,,,,,,,,,,,,,,,,,0,,,,,,
2022-23,10385423,20,7,Aston_Villa,Home,294593,106468,Álex Moreno,alex-moreno,D,True,,,1.0,16.0,17.0,33.0,,,9.0,,,,1.0,1.0,,1.0,8.0,4.0,,,0.0682534,0.1488,0.0715,3.0,,,,,,,1.0,80.0,1.0,1.0,,,,,,,27.0,,6.8,,,1.0,,3.0,4.0,2.0,,5.0,,29.0,22.0,49.0,2,,81.0,3.0,3.0,1.0,
2022-23,10385423,20,7,Aston_Villa,Home,303638,149484,Tyrone Mings,tyrone-mings,D,False,,,3.0,5.0,28.0,33.0,,3.0,3.0,,,,,,,,,3.0,,,0.00292301,0.0,0.0,,,,,,,3.0,,90.0,,1.0,,,,,,,13.0,,6.8,,,,,6.0,,,,10.0,,9.0,35.0,44.0,0,,58.0,1.0,,,
2022-23,10385423,20,7,Aston_Villa,Home,827679,199798,Ezri Konsa,ezri-konsa,D,False,,,3.0,6.0,38.0,44.0,,2.0,7.0,,,,,,,,,7.0,,,0.00235526,0.0,0.0,,,,,,,3.0,,90.0,,2.0,,,,,,,11.0,,7.6,,,,,5.0,,,,7.0,,9.0,45.0,54.0,0,3.0,73.0,,2.0,,
2022-23,10385449,21,7,Aston_Villa,Away,10589,18892,Ashley Young,ashley-young,D,False,,,2.0,19.0,24.0,43.0,1.0,,4.0,,,,,,,1.0,2.0,8.0,,,0.0228216,0.0,0.0,,,,,,,,,90.0,,1.0,,,,,,,24.0,,7.7,,,,,2.0,1.0,3.0,,10.0,,38.0,28.0,63.0,0,5.0,89.0,,2.0,1.0,1.0
2022-23,10385449,21,7,Aston_Villa,Away,227942,101184,Calum Chambers,calum-chambers,D,True,,,,,,,,,,,,,,,,,,,,,,,0.0,,,,,,,,,,,,,,,,,,,,,,,,,,,,,,,,,,0,,,,,,
2022-23,10385449,21,7,Aston_Villa,Away,294593,106468,Álex Moreno,alex-moreno,D,False,2.0,,1.0,21.0,26.0,45.0,1.0,1.0,6.0,,,,,,,2.0,8.0,5.0,,,0.0795316,0.0546,0.0,3.0,,,,,,,2.0,90.0,,,,,,,,,23.0,,6.7,,,2.0,,,2.0,3.0,,4.0,,33.0,30.0,60.0,2,3.0,88.0,3.0,1.0,,2.0
2022-23,10385449,21,7,Aston_Villa,Away,303638,149484,Tyrone Mings,tyrone-mings,D,False,,,2.0,19.0,40.0,59.0,1.0,1.0,3.0,,,,,,,1.0,2.0,4.0,,,0.0145658,0.0,0.0,,,,,,,2.0,,90.0,,,,,,,,,11.0,,7.0,,,,,1.0,,,,6.0,,26.0,43.0,69.0,0,1.0,80.0,,2.0,,
2022-23,10385449,21,7,Aston_Villa,Away,827679,199798,Ezri Konsa,ezri-konsa,D,False,,,2.0,4.0,51.0,55.0,2.0,4.0,4.0,,,,,,,,3.0,7.0,,,0.00107841,0.0,0.0,1.0,,,,,,,,90.0,,,,,,,,,4.0,,7.0,,,,,,,,,3.0,,5.0,54.0,59.0,0,,62.0,,3.0,,
2022-23,10385449,21,7,Aston_Villa,Away,833956,199796,Matty Cash,matty-cash,D,True,,,,,,,1.0,1.0,,,,,,,,,1.0,2.0,,,0.0,0.0,0.0,,,,,,,,,9.0,,,,,,,,,2.0,,6.6,,,,,,1.0,1.0,,,,2.0,,1.0,0,,4.0,,,1.0,
2022-23,10385448,22,7,Aston_Villa,Home,10589,18892,Ashley Young,ashley-young,D,False,,,,15.0,22.0,37.0,,,4.0,,,1.0,,,,,,5.0,,,0.0128033,0.0202,,,,,,,,1.0,1.0,59.0,,,,,,,,,7.0,,6.6,,,,,1.0,1.0,,,3.0,,22.0,22.0,44.0,1,4.0,56.0,,,1.0,3.0
2022-23,10385448,22,7,Aston_Villa,Home,96538,101188,Lucas Digne,lucas-digne,D,False,,,,7.0,6.0,13.0,,,2.0,,,,1.0,,,,2.0,,,,0.0684356,,,1.0,,,,,,,1.0,45.0,,,,,,,,,4.0,,6.0,,,,,1.0,,1.0,,,,9.0,8.0,16.0,0,,23.0,,,,
2022-23,10385448,22,7,Aston_Villa,Home,227942,101184,Calum Chambers,calum-chambers,D,True,,,,,,,,,,,,,,,,,,,,,,,,,,,,,,,,,,,,,,,,,,,,,,,,,,,,,,,,,0,,,,,,
2022-23,10385448,22,7,Aston_Villa,Home,294593,106468,Álex Moreno,alex-moreno,D,True,,,1.0,9.0,11.0,20.0,,1.0,2.0,,,1.0,,,,1.0,1.0,2.0,1.0,,0.0323412,0.0784,,,,,,,,,,45.0,,,,,,,,,16.0,,5.9,,,1.0,,,1.0,6.0,,1.0,,20.0,13.0,27.0,2,,40.0,1.0,,1.0,
2022-23,10385448,22,7,Aston_Villa,Home,303638,149484,Tyrone Mings,tyrone-mings,D,False,,,4.0,14.0,45.0,59.0,2.0,1.0,3.0,,,,1.0,,,1.0,5.0,1.0,,,0.00731483,,,,,,,,,2.0,,90.0,,,,,,,,,9.0,,5.9,,,,,3.0,1.0,,,8.0,,21.0,45.0,66.0,0,,77.0,,,,
2022-23,10385448,22,7,Aston_Villa,Home,827679,199798,Ezri Konsa,ezri-konsa,D,False,,,,12.0,73.0,85.0,1.0,,12.0,,,,,,,,1.0,6.0,,,0.0056888,0.1096,,,,,,,,,,90.0,,,,,,,,,5.0,,6.4,,,1.0,,1.0,,,,2.0,,15.0,74.0,89.0,1,1.0,99.0,1.0,5.0,,1.0
2022-23,10385448,22,7,Aston_Villa,Home,833956,199796,Matty Cash,matty-cash,D,True,1.0,,4.0,13.0,16.0,28.0,,,4.0,,,,,,,,1.0,,,,0.0368077,,,1.0,,,,,,,,31.0,,,,,,,,,7.0,,6.5,,,,,,,2.0,,5.0,,19.0,17.0,34.0,0,,37.0,,,,
2022-23,10385452,23,7,Aston_Villa,Away,10589,18892,Ashley Young,ashley-young,D,False,,,1.0,,14.0,14.0,1.0,,2.0,,,,,,,,3.0,3.0,,,0.00011055,0.0,0.0,2.0,,,,,,1.0,,76.0,,,,,,,,,8.0,,6.1,,,,,3.0,,1.0,,5.0,,4.0,17.0,20.0,0,1.0,34.0,1.0,2.0,,
2022-23,10385452,23,7,Aston_Villa,Away,96538,101188,Lucas Digne,lucas-digne,D,False,,,2.0,7.0,5.0,12.0,1.0,,1.0,,,,,,,,5.0,3.0,,,0.0083503,0.0,0.0,4.0,,,,,,1.0,,60.0,,,,,,,,,5.0,,6.0,,,,,,1.0,,,3.0,,9.0,7.0,16.0,0,1.0,23.0,1.0,1.0,1.0,1.0
2022-23,10385452,23,7,Aston_Villa,Away,227942,101184,Calum Chambers,calum-chambers,D,False,,,4.0,5.0,24.0,29.0,,,6.0,,,,1.0,,,,1.0,,1.0,,0.00159056,0.0,0.0,,,,,,,3.0,,90.0,,1.0,,,,,,,9.0,,5.7,,,,,2.0,,,,10.0,,11.0,26.0,37.0,0,,45.0,,,,
2022-23,10385452,23,7,Aston_Villa,Away,294593,106468,Álex Moreno,alex-moreno,D,True,,,,5.0,4.0,9.0,,1.0,3.0,,,,,,,,,4.0,,,0.00295751,0.0,0.0,,,,,,,1.0,1.0,30.0,,,,,,,,,4.0,,6.9,,,,,,3.0,,,,,6.0,5.0,11.0,0,,22.0,2.0,,3.0,
2022-23,10385452,23,7,Aston_Villa,Away,827679,199798,Ezri Konsa,ezri-konsa,D,False,,,1.0,3.0,28.0,31.0,,,6.0,,,,,1.0,,,1.0,2.0,,,0.00073447,0.0,0.0,1.0,,,,,,1.0,,90.0,,3.0,,,,,,,4.0,,7.0,,,,,1.0,1.0,,,3.0,,4.0,29.0,33.0,0,,42.0,2.0,1.0,1.0,
2022-23,10385452,23,7,Aston_Villa,Away,833956,199796,Matty Cash,matty-cash,D,True,,,,5.0,2.0,7.0,,,1.0,,,,,,,,1.0,1.0,,,0.00137397,0.0,0.0,1.0,,,,,,,,14.0,,,,,,,,,2.0,,6.6,,,,,2.0,,1.0,,1.0,,7.0,2.0,8.0,0,,13.0,,1.0,,
2022-23,10385452,23,7,Aston_Villa,Away,1090521,514287,Sil Swinkels,sil-swinkels,D,True,,,,,,,,,,,,,,,,,,,,,,,0.0,,,,,,,,,,,,,,,,,,,,,,,,,,,,,,,,,,0,,,,,,
2022-23,10385462,24,7,Aston_Villa,Home,10589,18892,Ashley Young,ashley-young,D,True,,,,,,,,,,,,,,,,,,,,,,,0.0,,,,,,,,,,,,,,,,,,,,,,,,,,,,,,,,,,0,,,,,,
2022-23,10385462,24,7,Aston_Villa,Home,96538,101188,Lucas Digne,lucas-digne,D,True,,,,1.0,1.0,2.0,,,1.0,,,,1.0,,,,1.0,,,,0.0159804,0.0,0.0,,,,,,,,,12.0,,,,,,,,,1.0,,5.8,,,,,,,1.0,,,,2.0,1.0,2.0,0,,5.0,,,,
2022-23,10385462,24,7,Aston_Villa,Home,227942,101184,Calum Chambers,calum-chambers,D,True,,,,,,,,,,,,,,,,,,,,,,,0.0,,,,,,,,,,,,,,,,,,,,,,,,,,,,,,,,,,0,,,,,,
2022-23,10385462,24,7,Aston_Villa,Home,294593,106468,Álex Moreno,alex-moreno,D,False,,,,3.0,6.0,9.0,,1.0,2.0,,,,3.0,,,2.0,6.0,4.0,,,0.0435269,0.0,0.0,1.0,1.0,,,,,1.0,2.0,78.0,,,,,,,,,13.0,,6.4,,,,,3.0,,1.0,,1.0,,5.0,10.0,14.0,0,3.0,40.0,3.0,,,1.0
2022-23,10385462,24,7,Aston_Villa,Home,303638,149484,Tyrone Mings,tyrone-mings,D,False,,,1.0,8.0,18.0,26.0,,2.0,1.0,,,,1.0,,,,2.0,3.0,1.0,,0.00224095,0.0,0.0,1.0,,,,,,1.0,,90.0,,1.0,,,,,,,5.0,,5.6,,,,,5.0,1.0,,,3.0,,10.0,21.0,31.0,0,,41.0,,,1.0,
2022-23,10385462,24,7,Aston_Villa,Home,827679,199798,Ezri Konsa,ezri-konsa,D,False,,,,4.0,21.0,25.0,1.0,3.0,,,,,1.0,,,,3.0,4.0,,1.0,0.0331282,0.0,0.0,1.0,,,,,,1.0,,90.0,,3.0,,,,,,,2.0,,6.3,,,,,4.0,1.0,,,1.0,,5.0,22.0,27.0,0,,40.0,,1.0,1.0,
2022-23,10385462,24,7,Aston_Villa,Home,833956,199796,Matty Cash,matty-cash,D,False,,,1.0,5.0,15.0,20.0,1.0,,7.0,,,,,,,1.0,5.0,1.0,,,0.00286907,0.0,0.0,2.0,1.0,,,,,3.0,1.0,90.0,,,,,,,,,14.0,,6.1,,,,,2.0,1.0,2.0,,3.0,,11.0,19.0,28.0,0,1.0,48.0,2.0,,,1.0
2022-23,10385471,25,7,Aston_Villa,Away,10589,18892,Ashley Young,ashley-young,D,True,,,,,,,,,,,,,,,,,,,,,,,0.0,,,,,,,,,,,,,,,,,,,,,,,,,,,,,,,,,,0,,,,,,
2022-23,10385471,25,7,Aston_Villa,Away,96538,101188,Lucas Digne,lucas-digne,D,False,1.0,,1.0,9.0,17.0,25.0,2.0,1.0,3.0,1.0,,,,,,,4.0,2.0,,,0.116855,0.0816,0.0,,,,,,,1.0,1.0,61.0,,,,,,,,,11.0,,7.0,,,1.0,,3.0,2.0,2.0,,4.0,,15.0,20.0,33.0,1,1.0,52.0,,,,
2022-23,10385471,25,7,Aston_Villa,Away,227942,101184,Calum Chambers,calum-chambers,D,True,,,,,,,,,,,,,,,,,,,,,,,0.0,,,,,,,,,,,,,,,,,,,,,,,,,,,,,,,,,,0,,,,,,
2022-23,10385471,25,7,Aston_Villa,Away,294593,106468,Álex Moreno,alex-moreno,D,True,,,,2.0,7.0,9.0,,,,,,,3.0,,,1.0,4.0,2.0,,,0.00076501,0.0,0.0,,,,,,,,,29.0,,1.0,,,,,,,6.0,,6.3,,,,,1.0,1.0,,,,,4.0,9.0,13.0,0,1.0,27.0,,,1.0,1.0
2022-23,10385471,25,7,Aston_Villa,Away,303638,149484,Tyrone Mings,tyrone-mings,D,False,,,4.0,8.0,44.0,52.0,,8.0,7.0,,,,,1.0,,,,10.0,,,0.047596,0.0,0.0,,,,,,,,,90.0,,1.0,,,,,,,12.0,,8.0,,,,,6.0,,,,7.0,,12.0,52.0,64.0,0,,75.0,,2.0,,
2022-23,10385471,25,7,Aston_Villa,Away,827679,199798,Ezri Konsa,ezri-konsa,D,False,,,,3.0,34.0,37.0,5.0,4.0,5.0,,,,,,,,5.0,5.0,,,0.00055539,0.0,0.0,,,,,,,,,90.0,,1.0,,,,,,,13.0,,7.1,,,,,8.0,,,,3.0,,6.0,43.0,49.0,0,1.0,62.0,1.0,,,1.0
2022-23,10385471,25,7,Aston_Villa,Away,833956,199796,Matty Cash,matty-cash,D,False,1.0,,3.0,8.0,29.0,36.0,1.0,1.0,8.0,,,,1.0,,,2.0,4.0,11.0,,,0.0521671,0.0,0.0,,,,,,,,,90.0,,,,,,,,,14.0,,7.6,,,,,5.0,1.0,1.0,,5.0,,13.0,32.0,44.0,0,6.0,79.0,,3.0,1.0,3.0
2022-23,10385485,26,7,Aston_Villa,Home,10589,18892,Ashley Young,ashley-young,D,True,,,,,,,,,,,,,,,,,,,,,,,0.0,,,,,,,,,,,,,,,,,,,,,,,,,,,,,,,,,,0,,,,,,
2022-23,10385485,26,7,Aston_Villa,Home,96538,101188,Lucas Digne,lucas-digne,D,True,,,,5.0,12.0,17.0,,,2.0,,,,,,,1.0,1.0,1.0,,,0.101445,0.0,0.0,,,,,,,,1.0,20.0,,,,,,,,,5.0,,6.6,,,,,,,,,2.0,,6.0,15.0,21.0,0,1.0,25.0,,,,
2022-23,10385485,26,7,Aston_Villa,Home,227942,101184,Calum Chambers,calum-chambers,D,True,,,,13.0,8.0,21.0,,,2.0,,,,,,,,1.0,1.0,,,0.0181469,0.0,0.0,1.0,,,,,,,,31.0,,,,,,,,,6.0,,6.7,,,,,,,,,,,18.0,9.0,27.0,0,1.0,29.0,,,,1.0
2022-23,10385485,26,7,Aston_Villa,Home,294593,106468,Álex Moreno,alex-moreno,D,False,,,,16.0,11.0,27.0,,,5.0,,,,2.0,,,1.0,10.0,2.0,,,0.193595,0.0,0.0,4.0,,,,,,,1.0,70.0,,,,,,,,,14.0,,5.8,,,,,1.0,4.0,1.0,,2.0,,22.0,14.0,35.0,0,,53.0,1.0,1.0,1.0,
2022-23,10385485,26,7,Aston_Villa,Home,303638,149484,Tyrone Mings,tyrone-mings,D,False,,,4.0,19.0,56.0,75.0,1.0,1.0,5.0,,,,1.0,,,,3.0,1.0,,,0.00478786,0.0,0.0,1.0,,,,,,1.0,,90.0,,,,,,,,,5.0,,7.0,,,,,3.0,,,,4.0,,21.0,58.0,79.0,0,,85.0,1.0,,,
2022-23,10385485,26,7,Aston_Villa,Home,827679,199798,Ezri Konsa,ezri-konsa,D,False,,,1.0,9.0,55.0,64.0,,1.0,2.0,,,,,,,1.0,1.0,3.0,,,0.00231144,0.0755,0.0,,,,,,,1.0,1.0,90.0,,1.0,,,,,,,4.0,,7.3,,,1.0,,3.0,,,,2.0,,10.0,57.0,67.0,1,,78.0,,2.0,,
2022-23,10385485,26,7,Aston_Villa,Home,833956,199796,Matty Cash,matty-cash,D,False,,,3.0,13.0,27.0,40.0,,1.0,3.0,,,,,,,,2.0,11.0,,,0.00425655,0.0,0.0,1.0,,,,,,,,90.0,,,,,,,,,8.0,,7.9,,,,,1.0,4.0,,,4.0,,16.0,29.0,45.0,0,5.0,69.0,,2.0,3.0,2.0
2022-23,10385517,27,7,Aston_Villa,Away,10589,18892,Ashley Young,ashley-young,D,True,1.0,,1.0,3.0,3.0,5.0,,,2.0,,,,,,,,,,,,0.00423888,0.0,0.0,,,,,,,,,10.0,,1.0,,,,,,,1.0,,6.8,,,,,1.0,,1.0,,2.0,,4.0,3.0,6.0,0,,9.0,,,,
2022-23,10385517,27,7,Aston_Villa,Away,96538,101188,Lucas Digne,lucas-digne,D,True,,,,8.0,3.0,11.0,,,1.0,,,,2.0,,,,4.0,1.0,,,0.00432253,0.0,0.0,1.0,,,,,,,,26.0,,,,,,,,,6.0,,6.3,,,,,1.0,1.0,3.0,,,,13.0,3.0,13.0,0,1.0,21.0,,,,1.0
2022-23,10385517,27,7,Aston_Villa,Away,227942,101184,Calum Chambers,calum-chambers,D,True,,,,2.0,,2.0,,,2.0,,,,,,,1.0,1.0,1.0,,,0.00223374,0.0,0.0,,,,,,,,,12.0,,,,,,,,,2.0,,6.5,,,,,,,,,,,3.0,,3.0,0,,5.0,,1.0,,
2022-23,10385517,27,7,Aston_Villa,Away,294593,106468,Álex Moreno,alex-moreno,D,False,3.0,,1.0,13.0,16.0,26.0,1.0,,3.0,1.0,,,2.0,,,1.0,7.0,6.0,,1.0,0.193021,0.0,0.0,1.0,1.0,,,,,1.0,3.0,64.0,,1.0,,,,,,,14.0,,7.1,,,,,,6.0,5.0,,1.0,,16.0,20.0,31.0,0,1.0,61.0,4.0,1.0,4.0,1.0
2022-23,10385517,27,7,Aston_Villa,Away,303638,149484,Tyrone Mings,tyrone-mings,D,False,,,1.0,15.0,64.0,79.0,,,5.0,,,,1.0,,,,1.0,1.0,,,0.00607411,0.0,0.0,,,,,,,1.0,,90.0,,,,,,,,,11.0,,6.7,,,,,6.0,,,,3.0,,19.0,70.0,89.0,0,1.0,100.0,,,,
2022-23,10385517,27,7,Aston_Villa,Away,604232,165659,Diego Carlos,diego-carlos,D,True,,,,,,,,,,,,,,,,,,,,,,,0.0,,,,,,,,,,,,,,,,,,,,,,,,,,,,,,,,,,0,,,,,,
2022-23,10385517,27,7,Aston_Villa,Away,827679,199798,Ezri Konsa,ezri-konsa,D,False,,,1.0,16.0,42.0,58.0,,,3.0,1.0,,,,,,1.0,1.0,,,,0.0061791,0.1207,0.0,,,,,,,,1.0,90.0,,,,,,,,,6.0,,6.7,,,1.0,,1.0,,,,3.0,,17.0,46.0,63.0,1,,68.0,,,,
2022-23,10385517,27,7,Aston_Villa,Away,833956,199796,Matty Cash,matty-cash,D,False,,,3.0,10.0,29.0,39.0,,,7.0,,,,1.0,,,,3.0,,,,0.00465293,0.0,0.0,,,,,,,,,80.0,,1.0,,,,,,,8.0,,6.4,,,,,3.0,2.0,,,4.0,,12.0,30.0,42.0,0,,58.0,1.0,,,
2022-23,10385536,28,7,Aston_Villa,Home,10589,18892,Ashley Young,ashley-young,D,True,,,,,,,,,,,,,,,,,,,,,,,0.0,,,,,,,,,,,,,,,,,,,,,,,,,,,,,,,,,,0,,,,,,
2022-23,10385536,28,7,Aston_Villa,Home,96538,101188,Lucas Digne,lucas-digne,D,True,,,,,,,,,,,,,,,,,,,,,,,0.0,,,,,,,,,,,,,,,,,,,,,,,,,,,,,,,,,,0,,,,,,
2022-23,10385536,28,7,Aston_Villa,Home,227942,101184,Calum Chambers,calum-chambers,D,True,,,,,,,,,,,,,,,,,,,,,0.0,0.0,0.0,,,,,,,,,1.0,,,,,,,,,,,,,,,,,,,,,,,,,0,,,,,,
2022-23,10385536,28,7,Aston_Villa,Home,294593,106468,Álex Moreno,alex-moreno,D,False,,,,12.0,19.0,31.0,,2.0,2.0,,,,2.0,,,2.0,8.0,6.0,,,0.309529,0.0502,0.1199,1.0,,,,,,,2.0,90.0,1.0,,,,,,,,12.0,,6.7,,,,,1.0,6.0,1.0,,,,15.0,20.0,34.0,1,1.0,57.0,2.0,,3.0,1.0
2022-23,10385536,28,7,Aston_Villa,Home,303638,149484,Tyrone Mings,tyrone-mings,D,False,,,2.0,12.0,57.0,69.0,,2.0,10.0,1.0,1.0,1.0,,,,,,5.0,,,0.00493186,0.4414,0.3873,,1.0,,,,,1.0,2.0,90.0,1.0,2.0,,,,,,,11.0,,8.1,,,,,2.0,1.0,,,7.0,,17.0,62.0,79.0,2,1.0,93.0,1.0,1.0,1.0,1.0
2022-23,10385536,28,7,Aston_Villa,Home,604232,165659,Diego Carlos,diego-carlos,D,True,,,,,,,,,,,,,,,,,,,,,,,0.0,,,,,,,,,,,,,,,,,,,,,,,,,,,,,,,,,,0,,,,,,
2022-23,10385536,28,7,Aston_Villa,Home,827679,199798,Ezri Konsa,ezri-konsa,D,False,,,3.0,12.0,48.0,60.0,1.0,,2.0,1.0,,1.0,,,,,1.0,3.0,,,0.196142,0.0659,0.0,,,,,,,,1.0,90.0,,,,,,,,,3.0,,7.4,,,,,,,,,4.0,,14.0,49.0,63.0,1,2.0,69.0,,1.0,,1.0
2022-23,10385536,28,7,Aston_Villa,Home,833956,199796,Matty Cash,matty-cash,D,False,,,2.0,14.0,28.0,42.0,1.0,,7.0,,,,1.0,,,,4.0,10.0,,,0.00719486,0.0,0.0,1.0,,,,,,1.0,,90.0,,,,,,,,,13.0,,7.6,,,,,3.0,4.0,,,4.0,,16.0,32.0,48.0,0,6.0,79.0,3.0,1.0,3.0,4.0
2022-23,10385535,29,7,Aston_Villa,Away,10589,18892,Ashley Young,ashley-young,D,False,,,1.0,3.0,9.0,12.0,3.0,,3.0,,,,2.0,,,,7.0,3.0,,,0.00330038,0.0,0.0,1.0,,,,,,,,90.0,,1.0,,,,,,,12.0,,6.7,,,,,6.0,1.0,1.0,,2.0,,7.0,14.0,20.0,0,,39.0,,3.0,,
2022-23,10385535,29,7,Aston_Villa,Away,96538,101188,Lucas Digne,lucas-digne,D,True,,,,1.0,,1.0,,,1.0,,,,,,,,1.0,,,,0.00361797,0.0,0.0,1.0,,,,,,,,1.0,,,,,,,,,2.0,,,,,,,1.0,,,,,,2.0,,2.0,0,,5.0,,,,
2022-23,10385535,29,7,Aston_Villa,Away,227942,101184,Calum Chambers,calum-chambers,D,True,,,,2.0,4.0,6.0,1.0,,1.0,,,,,,,,1.0,5.0,,,0.00356475,0.0,0.0,,,,,,,1.0,1.0,45.0,,,,,,,,,6.0,,7.2,,,,,2.0,,,,2.0,,5.0,7.0,12.0,0,5.0,23.0,,,,3.0
2022-23,10385535,29,7,Aston_Villa,Away,294593,106468,Álex Moreno,alex-moreno,D,False,,,,4.0,23.0,27.0,,1.0,9.0,,,,,,,,3.0,5.0,,,0.00384583,0.0,0.0,1.0,,,,,,1.0,,89.0,,,,,,,,,9.0,,7.0,,,,,7.0,2.0,1.0,,1.0,,6.0,26.0,31.0,0,3.0,56.0,1.0,1.0,,2.0
2022-23,10385535,29,7,Aston_Villa,Away,303638,149484,Tyrone Mings,tyrone-mings,D,False,,,,,29.0,29.0,1.0,1.0,7.0,,,,1.0,,,,3.0,2.0,,,0.00023328,0.0,0.0,1.0,,,,,,1.0,,90.0,,3.0,,,,,,,3.0,,7.2,,,,,5.0,,,,1.0,,2.0,30.0,32.0,0,,43.0,,1.0,,
2022-23,10385535,29,7,Aston_Villa,Away,604232,165659,Diego Carlos,diego-carlos,D,True,,,,,,,,,,,,,,,,,,,,,,,0.0,,,,,,,,,,,,,,,,,,,,,,,,,,,,,,,,,,0,,,,,,
2022-23,10385535,29,7,Aston_Villa,Away,827679,199798,Ezri Konsa,ezri-konsa,D,False,,,1.0,3.0,22.0,25.0,,1.0,4.0,,,,3.0,,,,3.0,6.0,,,0.00030371,0.0,0.0,,,,,,,,,90.0,,,,,,,,,2.0,,6.9,,,,,3.0,,,,1.0,,3.0,24.0,27.0,0,3.0,36.0,,2.0,,2.0
2022-23,10385549,30,7,Aston_Villa,Home,10589,18892,Ashley Young,ashley-young,D,False,,,4.0,26.0,20.0,46.0,,,1.0,,,,1.0,,,,1.0,,,,0.0339909,0.0,0.0,,,,,,,,,90.0,,,,,,,,,14.0,,6.8,,,,,6.0,,3.0,,8.0,,35.0,22.0,54.0,0,,76.0,1.0,,,
2022-23,10385549,30,7,Aston_Villa,Home,96538,101188,Lucas Digne,lucas-digne,D,True,,,,,,,,,,,,,,,,,,,,,,,0.0,,,,,,,,,,,,,,,,,,,,,,,,,,,,,,,,,,0,,,,,,
2022-23,10385549,30,7,Aston_Villa,Home,227942,101184,Calum Chambers,calum-chambers,D,True,,,,,,,,,,,,,,,,,,,,,,,0.0,,,,,,,,,,,,,,,,,,,,,,,,,,,,,,,,,,0,,,,,,
2022-23,10385549,30,7,Aston_Villa,Home,294593,106468,Álex Moreno,alex-moreno,D,False,2.0,,,10.0,30.0,38.0,1.0,,4.0,,,,1.0,,,1.0,6.0,8.0,,,0.218209,0.0,0.0,1.0,,,,,,,2.0,90.0,,,,,,,,,16.0,,7.2,,,,,2.0,5.0,4.0,,1.0,,16.0,34.0,46.0,0,4.0,78.0,2.0,1.0,3.0,2.0
2022-23,10385549,30,7,Aston_Villa,Home,303638,149484,Tyrone Mings,tyrone-mings,D,False,,,6.0,15.0,63.0,78.0,1.0,4.0,5.0,,,,,,,,1.0,6.0,,,0.0173707,0.0,0.0,,,,,,,2.0,,90.0,,,,,,,,,12.0,,7.3,,,,,1.0,,,,9.0,,21.0,68.0,89.0,0,,96.0,,2.0,,
2022-23,10385549,30,7,Aston_Villa,Home,604232,165659,Diego Carlos,diego-carlos,D,True,,,,,,,,,,,,,,,,,,,,,,,0.0,,,,,,,,,,,,,,,,,,,,,,,,,,,,,,,,,,0,,,,,,
2022-23,10385549,30,7,Aston_Villa,Home,827679,199798,Ezri Konsa,ezri-konsa,D,False,,,,14.0,47.0,61.0,2.0,,3.0,,,,,,,,2.0,3.0,,,0.00298277,0.0,0.0,,,,,,,,,90.0,,,,,,,,,7.0,,6.8,,,,,2.0,,,,3.0,,18.0,50.0,68.0,0,,73.0,,3.0,,
2022-23,10385566,31,7,Aston_Villa,Home,10589,18892,Ashley Young,ashley-young,D,False,,,1.0,9.0,17.0,26.0,,,3.0,,,1.0,,,,,3.0,3.0,,,0.00773798,0.0469,0.0225,2.0,,,,,,,,90.0,1.0,,,,,,,,15.0,,6.8,,,,,,2.0,2.0,,5.0,,17.0,21.0,36.0,2,1.0,52.0,2.0,1.0,1.0,1.0
2022-23,10385566,31,7,Aston_Villa,Home,96538,101188,Lucas Digne,lucas-digne,D,True,,,,,,,,,,,,,,,,,,,,,,,0.0,,,,,,,,,,,,,,,,,,,,,,,,,,,,,,,,,,0,,,,,,
2022-23,10385566,31,7,Aston_Villa,Home,227942,101184,Calum Chambers,calum-chambers,D,True,,,,,,,,1.0,,,,,,,,,,1.0,,,0.0,0.0,0.0,,,,,,,,,10.0,,,,,,,,,,,6.6,,,,,1.0,,,,,,,,,0,,1.0,,,,
2022-23,10385566,31,7,Aston_Villa,Home,294593,106468,Álex Moreno,alex-moreno,D,False,,,,8.0,19.0,27.0,1.0,,5.0,,,,,,,,2.0,3.0,,,0.70811,0.0,0.0,,1.0,,,,,,3.0,90.0,,,,,,,,,24.0,,7.3,,,,,1.0,3.0,5.0,,4.0,,20.0,26.0,41.0,0,,72.0,1.0,1.0,2.0,
2022-23,10385566,31,7,Aston_Villa,Home,303638,149484,Tyrone Mings,tyrone-mings,D,False,,,4.0,6.0,22.0,28.0,,1.0,4.0,,,,,,,1.0,1.0,3.0,,,0.00764775,0.0,0.0,,,,,,,,,90.0,,3.0,,,,,,,11.0,,7.5,,,,,6.0,,,,11.0,,13.0,25.0,38.0,0,2.0,56.0,,,,2.0
2022-23,10385566,31,7,Aston_Villa,Home,604232,165659,Diego Carlos,diego-carlos,D,True,,,,,,,,,,,,,,,,,,,,,,,0.0,,,,,,,,,,,,,,,,,,,,,,,,,,,,,,,,,,0,,,,,,
2022-23,10385566,31,7,Aston_Villa,Home,827679,199798,Ezri Konsa,ezri-konsa,D,False,,,1.0,6.0,27.0,33.0,2.0,1.0,6.0,,,,,,,,2.0,3.0,,,0.0159385,0.0,0.0,,,,,,,,,90.0,,,,,,,,,7.0,,6.9,,,,,3.0,,,,3.0,,9.0,31.0,40.0,0,,46.0,,2.0,,
2022-23,10385566,31,7,Aston_Villa,Home,1135879,534836,Travis Patterson,travis-patterson,D,True,,,,,,,,,,,,,,,,,,,,,,,0.0,,,,,,,,,,,,,,,,,,,,,,,,,,,,,,,,,,0,,,,,,
2022-23,10385601,32,7,Aston_Villa,Away,10589,18892,Ashley Young,ashley-young,D,False,,,1.0,4.0,16.0,20.0,,1.0,7.0,,,,,,,,1.0,2.0,,,0.00080177,,,1.0,,,,,,,,66.0,,1.0,,,,,,,8.0,,6.5,,,,,1.0,,,,3.0,,8.0,18.0,26.0,0,,36.0,2.0,1.0,,
2022-23,10385601,32,7,Aston_Villa,Away,96538,101188,Lucas Digne,lucas-digne,D,True,3.0,,,11.0,8.0,16.0,1.0,3.0,,,,,1.0,,,,2.0,3.0,,,0.451171,,,,,,,,,,2.0,24.0,,,,,,,,,7.0,,6.8,,,,,,,5.0,,1.0,,16.0,10.0,21.0,0,,28.0,,,,
2022-23,10385601,32,7,Aston_Villa,Away,227942,101184,Calum Chambers,calum-chambers,D,True,1.0,,,8.0,3.0,10.0,3.0,,1.0,1.0,,,,,,,3.0,,,,0.158195,,,,,,,,,,1.0,24.0,,,,,,,,,4.0,,6.9,,,,,2.0,,3.0,,1.0,,11.0,4.0,12.0,0,,17.0,,,,
2022-23,10385601,32,7,Aston_Villa,Away,294593,106468,Álex Moreno,alex-moreno,D,False,,,,3.0,11.0,14.0,1.0,,1.0,,,,3.0,,,1.0,7.0,2.0,,,0.00316935,0.0234,,,,,,,,1.0,,66.0,,,,,,,,,8.0,,6.1,,,1.0,,,3.0,2.0,,,,5.0,11.0,14.0,1,1.0,34.0,2.0,,1.0,1.0
2022-23,10385601,32,7,Aston_Villa,Away,303638,149484,Tyrone Mings,tyrone-mings,D,False,,,3.0,14.0,36.0,50.0,,4.0,6.0,,,,1.0,,,,1.0,4.0,,,0.0239525,0.0202,,,,,,,,,,90.0,,,,,,,,,8.0,,6.7,,,1.0,,8.0,,,,7.0,1.0,19.0,39.0,58.0,1,,70.0,,1.0,,
2022-23,10385601,32,7,Aston_Villa,Away,604232,165659,Diego Carlos,diego-carlos,D,True,,,,,,,,,,,,,,,,,,,,,,,,,,,,,,,,,,,,,,,,,,,,,,,,,,,,,,,,,0,,,,,,
2022-23,10385601,32,7,Aston_Villa,Away,827679,199798,Ezri Konsa,ezri-konsa,D,False,,,1.0,17.0,30.0,47.0,,2.0,13.0,,,,,,,,1.0,3.0,,,0.00824628,,,1.0,,,,,,,1.0,90.0,,,,,,,,,7.0,,6.7,,,,,2.0,,,,4.0,,20.0,34.0,54.0,0,,57.0,,1.0,,
2022-23,10385601,32,7,Aston_Villa,Away,1135879,534836,Travis Patterson,travis-patterson,D,True,,,,,,,,,,,,,,,,,,,,,,,,,,,,,,,,,,,,,,,,,,,,,,,,,,,,,,,,,0,,,,,,
2022-23,10385630,33,7,Aston_Villa,Home,10589,18892,Ashley Young,ashley-young,D,False,1.0,,2.0,14.0,17.0,30.0,,,3.0,,,1.0,,,,,3.0,3.0,,,0.0174134,0.0244,0.0,2.0,,,,,,,1.0,85.0,,,,,,,,,14.0,,6.7,,,,,1.0,1.0,2.0,,7.0,,22.0,20.0,40.0,1,2.0,54.0,,1.0,,1.0
2022-23,10385630,33,7,Aston_Villa,Home,96538,101188,Lucas Digne,lucas-digne,D,True,,,,2.0,1.0,3.0,,,,,,,1.0,,,,1.0,1.0,,,0.00115102,0.0,0.0,,,,,,,,,13.0,,,,,,,,,,,6.4,,,,,,,,,,,2.0,1.0,3.0,0,,7.0,,1.0,,
2022-23,10385630,33,7,Aston_Villa,Home,227942,101184,Calum Chambers,calum-chambers,D,True,,,,1.0,,1.0,,,,,,,,,,,,,,,0.00025207,0.0,0.0,,,,,,,,,11.0,,,,,,,,,4.0,,6.5,,,,,2.0,,,,1.0,,3.0,,3.0,0,,7.0,,,,
2022-23,10385630,33,7,Aston_Villa,Home,294593,106468,Álex Moreno,alex-moreno,D,False,3.0,,2.0,13.0,13.0,23.0,1.0,1.0,1.0,,,1.0,1.0,,,,4.0,3.0,,,0.0679653,0.0248,0.0,,,,,,,,1.0,77.0,,,,,,,,,11.0,,6.7,,,,,3.0,3.0,4.0,,3.0,,20.0,13.0,29.0,1,,51.0,2.0,1.0,1.0,
2022-23,10385630,33,7,Aston_Villa,Home,303638,149484,Tyrone Mings,tyrone-mings,D,False,,,5.0,22.0,47.0,69.0,1.0,,4.0,,,,,,,,1.0,,,,0.00739004,0.0882,0.5481,,,1.0,,,,,,90.0,1.0,,,,,,,,10.0,,7.6,,,,,2.0,,,,10.0,,30.0,49.0,79.0,1,,85.0,,,,
2022-23,10385630,33,7,Aston_Villa,Home,604232,165659,Diego Carlos,diego-carlos,D,True,,,,,,,,,,,,,,,,,,,,,,,0.0,,,,,,,,,,,,,,,,,,,,,,,,,,,,,,,,,,0,,,,,,
2022-23,10385630,33,7,Aston_Villa,Home,827679,199798,Ezri Konsa,ezri-konsa,D,False,,,2.0,9.0,62.0,71.0,,1.0,3.0,,,1.0,,,,,,5.0,,,0.00452104,0.2249,0.0,,,,,,,,,90.0,,,,,,,,,3.0,,7.4,,,,,7.0,,,,2.0,,10.0,64.0,74.0,1,,86.0,,4.0,,
2022-23,10385632,34,7,Aston_Villa,Away,10589,18892,Ashley Young,ashley-young,D,False,,,1.0,10.0,14.0,24.0,,,6.0,,,,1.0,,,1.0,4.0,4.0,,,0.00313026,0.0,0.0,1.0,,,,,,1.0,,64.0,,,,,,,,,13.0,,6.4,,,,,2.0,1.0,1.0,,3.0,,15.0,16.0,30.0,0,3.0,54.0,2.0,1.0,,
2022-23,10385632,34,7,Aston_Villa,Away,96538,101188,Lucas Digne,lucas-digne,D,True,,,,1.0,4.0,5.0,,,1.0,,,,,,,,,1.0,,,0.00022707,0.0,0.0,,,,,,,1.0,,15.0,,,,,,,,,5.0,,6.7,,,,,,,1.0,,1.0,,2.0,7.0,8.0,0,1.0,14.0,,,,1.0
2022-23,10385632,34,7,Aston_Villa,Away,227942,101184,Calum Chambers,calum-chambers,D,True,,,,6.0,7.0,13.0,,,2.0,,,1.0,,,,,1.0,2.0,,,0.00730694,0.087,0.0,1.0,,,,,,,,26.0,,,,,,,,,7.0,,6.6,,,,,,,1.0,,,,9.0,7.0,15.0,1,1.0,23.0,1.0,1.0,,
2022-23,10385632,34,7,Aston_Villa,Away,294593,106468,Álex Moreno,alex-moreno,D,False,,,2.0,7.0,15.0,22.0,1.0,,4.0,,,,,,,1.0,3.0,,,,0.0300894,0.0956,0.0585,,,,,,,,,75.0,1.0,,,,,,,,9.0,,6.4,,,,,2.0,1.0,1.0,,3.0,,10.0,15.0,24.0,1,,44.0,2.0,,,
2022-23,10385632,34,7,Aston_Villa,Away,303638,149484,Tyrone Mings,tyrone-mings,D,False,,,4.0,8.0,31.0,39.0,,1.0,6.0,,,1.0,,,,,,2.0,,,0.00289703,0.1706,0.0,,,,,,,,,90.0,,,,,,,,,13.0,,6.9,,,,,7.0,1.0,,,8.0,,12.0,40.0,52.0,1,,62.0,,,1.0,
2022-23,10385632,34,7,Aston_Villa,Away,604232,165659,Diego Carlos,diego-carlos,D,True,,,,,,,,,,,,,,,,,,,,,,,0.0,,,,,,,,,,,,,,,,,,,,,,,,,,,,,,,,,,0,,,,,,
2022-23,10385632,34,7,Aston_Villa,Away,827679,199798,Ezri Konsa,ezri-konsa,D,False,,,4.0,11.0,34.0,45.0,,1.0,5.0,,,,,,,,,6.0,,,0.0017023,0.0,0.0,,,,,,,,,90.0,,2.0,,,,,,,3.0,,7.3,,,,,1.0,,,,5.0,,12.0,34.0,46.0,0,2.0,58.0,2.0,3.0,,2.0
2022-23,10385662,35,7,Aston_Villa,Away,10589,18892,Ashley Young,ashley-young,D,False,,,1.0,18.0,18.0,36.0,,,5.0,,,1.0,1.0,,,,1.0,2.0,,,0.0290615,0.06,,,,,,,,,1.0,65.0,,,,,,,,,6.0,,6.6,,,1.0,,,,1.0,,2.0,,22.0,20.0,41.0,2,1.0,51.0,,1.0,,1.0
2022-23,10385662,35,7,Aston_Villa,Away,96538,101188,Lucas Digne,lucas-digne,D,True,,,1.0,1.0,1.0,2.0,,,1.0,,,,,,,,,1.0,,,0.00138021,,,,,,,,,1.0,,9.0,,,,,,,,,2.0,,6.8,,,,,1.0,,1.0,,1.0,,3.0,1.0,3.0,0,,9.0,,1.0,,
2022-23,10385662,35,7,Aston_Villa,Away,227942,101184,Calum Chambers,calum-chambers,D,True,,,,,,,,,,,,,,,,,,,,,,,,,,,,,,,,,,,,,,,,,,,,,,,,,,,,,,,,,0,,,,,,
2022-23,10385662,35,7,Aston_Villa,Away,294593,106468,Álex Moreno,alex-moreno,D,False,1.0,,,11.0,13.0,23.0,3.0,1.0,3.0,,,,3.0,,,,7.0,5.0,,,0.0615924,,,,,,,,,,1.0,85.0,,,,,,,,,17.0,,6.4,,,,,2.0,2.0,5.0,,1.0,,19.0,16.0,30.0,0,2.0,60.0,5.0,1.0,1.0,1.0
2022-23,10385662,35,7,Aston_Villa,Away,303638,149484,Tyrone Mings,tyrone-mings,D,False,,,3.0,26.0,37.0,63.0,,4.0,1.0,,1.0,,,,,,1.0,5.0,,,0.0222003,0.4264,,,,,,,,3.0,,90.0,,,,,,,,,6.0,,6.8,,,1.0,,3.0,2.0,1.0,,4.0,,28.0,40.0,67.0,1,,77.0,,,1.0,
2022-23,10385662,35,7,Aston_Villa,Away,604232,165659,Diego Carlos,diego-carlos,D,True,,,1.0,4.0,7.0,11.0,,3.0,,,,,,,,,1.0,3.0,,,0.0861692,,,1.0,,,,,,,1.0,25.0,,,,,,,,,3.0,,6.7,,,,,,,,,2.0,,7.0,7.0,14.0,0,,16.0,,,,
2022-23,10385662,35,7,Aston_Villa,Away,827679,199798,Ezri Konsa,ezri-konsa,D,False,,,1.0,23.0,33.0,56.0,1.0,4.0,6.0,,,,3.0,,,,6.0,8.0,,,0.0120263,,,1.0,,,,,,2.0,,90.0,,1.0,,,,,,,9.0,,6.7,,,,,1.0,2.0,,,2.0,,26.0,37.0,63.0,0,2.0,77.0,,1.0,1.0,2.0
2022-23,10385694,36,7,Aston_Villa,Home,10589,18892,Ashley Young,ashley-young,D,False,,,3.0,22.0,17.0,39.0,,,6.0,,,,,,,,,5.0,,,0.0191221,0.0914,0.0,,,,,,,,,90.0,,1.0,,,,,,,8.0,,7.1,,,1.0,,2.0,,1.0,,7.0,,28.0,18.0,45.0,1,2.0,58.0,,3.0,,2.0
2022-23,10385694,36,7,Aston_Villa,Home,96538,101188,Lucas Digne,lucas-digne,D,True,,,,,,,,,,,,,,,,,,,,,,,0.0,,,,,,,,,,,,,,,,,,,,,,,,,,,,,,,,,,0,,,,,,
2022-23,10385694,36,7,Aston_Villa,Home,227942,101184,Calum Chambers,calum-chambers,D,True,,,,,,,,,,,,,,,,,,,,,,,0.0,,,,,,,,,,,,,,,,,,,,,,,,,,,,,,,,,,0,,,,,,
2022-23,10385694,36,7,Aston_Villa,Home,294593,106468,Álex Moreno,alex-moreno,D,False,2.0,,,19.0,12.0,29.0,1.0,,6.0,1.0,,,2.0,,,,5.0,3.0,,,0.404041,0.0,0.0,1.0,,,,,,2.0,1.0,90.0,,,,,,,,,16.0,,6.9,,,,,3.0,1.0,5.0,,1.0,,25.0,16.0,36.0,0,3.0,64.0,3.0,,,2.0
2022-23,10385694,36,7,Aston_Villa,Home,303638,149484,Tyrone Mings,tyrone-mings,D,False,,,1.0,17.0,34.0,51.0,1.0,1.0,3.0,,,,,,,1.0,2.0,2.0,,,0.00966254,0.0,0.0,,,,,,,3.0,,90.0,,,,,,,,,8.0,,6.8,,,,,5.0,,,,3.0,,19.0,38.0,57.0,0,1.0,69.0,1.0,,,1.0
2022-23,10385694,36,7,Aston_Villa,Home,604232,165659,Diego Carlos,diego-carlos,D,True,,,,,,,,,,,,,,,,,,,,,,,0.0,,,,,,,,,,,,,,,,,,,,,,,,,,,,,,,,,,0,,,,,,
2022-23,10385694,36,7,Aston_Villa,Home,827679,199798,Ezri Konsa,ezri-konsa,D,False,,,,21.0,28.0,49.0,,1.0,3.0,,,,,,,,,3.0,,,0.00560469,0.0,0.0,,,,,,,1.0,,90.0,,,,,,,,,2.0,,6.8,,,,,2.0,,,,1.0,,22.0,29.0,51.0,0,1.0,59.0,,1.0,,1.0
2022-23,10385694,36,7,Aston_Villa,Home,833956,199796,Matty Cash,matty-cash,D,True,,,,,,,,,,,,,,,,,,,,,0.0,0.0,0.0,,,,,,,,,1.0,,,,,,,,,2.0,,,,,,,,,,,,,2.0,,2.0,0,,2.0,,,,
2022-23,10385690,37,7,Aston_Villa,Away,10589,18892,Ashley Young,ashley-young,D,True,,,,,,,,1.0,,,,,1.0,,,,2.0,3.0,,,0.00018318,0.0,0.0,,,,,,,3.0,,37.0,,,,,,,,,9.0,,6.6,,,,,3.0,1.0,2.0,,1.0,,5.0,1.0,4.0,0,2.0,21.0,1.0,,,2.0
2022-23,10385690,37,7,Aston_Villa,Away,96538,101188,Lucas Digne,lucas-digne,D,False,,,,6.0,8.0,14.0,,1.0,3.0,,,,1.0,,,1.0,3.0,4.0,,,0.0210569,0.0,0.0,1.0,,,,,,,,53.0,,,,,,,,,11.0,,6.7,,,,,4.0,,2.0,,1.0,,11.0,9.0,18.0,0,3.0,37.0,,,,1.0
2022-23,10385690,37,7,Aston_Villa,Away,294593,106468,Álex Moreno,alex-moreno,D,True,1.0,,,2.0,,1.0,,,,,,,,,,,,1.0,,,0.00657003,0.0,0.0,,,,,,,,,12.0,,,,,,,,,,,6.8,,,,,1.0,,1.0,,,,2.0,,1.0,0,1.0,4.0,,,,
2022-23,10385690,37,7,Aston_Villa,Away,303638,149484,Tyrone Mings,tyrone-mings,D,False,,,1.0,2.0,12.0,14.0,2.0,,4.0,,,,,,,,3.0,3.0,,,0.0017331,0.0,0.0,1.0,,,,,,5.0,,90.0,,,,,,,,,6.0,,7.3,,,,,10.0,,,,4.0,1.0,6.0,14.0,20.0,0,2.0,42.0,,1.0,,1.0
2022-23,10385690,37,7,Aston_Villa,Away,827679,199798,Ezri Konsa,ezri-konsa,D,False,,,,,19.0,19.0,1.0,,1.0,,,,,,,,1.0,4.0,,,0.00012808,0.0,0.0,,,,,,,2.0,,90.0,,3.0,,,,,,,6.0,,7.2,,,,,2.0,,,,4.0,,4.0,20.0,24.0,0,1.0,39.0,1.0,3.0,,1.0
2022-23,10385690,37,7,Aston_Villa,Away,833956,199796,Matty Cash,matty-cash,D,False,,,,1.0,11.0,12.0,1.0,,6.0,,,,,,,,5.0,6.0,,,0.0004872,0.0,0.0,2.0,,,,,,1.0,,90.0,,1.0,,,,,,,16.0,,6.8,,,,,3.0,3.0,,,5.0,,6.0,15.0,21.0,0,5.0,44.0,1.0,,1.0,3.0
2022-23,10385710,38,7,Aston_Villa,Home,10589,18892,Ashley Young,ashley-young,D,True,,,,,,,,,,,,,,,,,,,,,,,0.0,,,,,,,,,,,,,,,,,,,,,,,,,,,,,,,,,,0,,,,,,
2022-23,10385710,38,7,Aston_Villa,Home,96538,101188,Lucas Digne,lucas-digne,D,False,,,1.0,14.0,8.0,22.0,,3.0,5.0,,,,,,,,,6.0,,,0.157549,0.0865,0.0,,,,,,,1.0,1.0,90.0,,,,,,,,,12.0,,7.0,,,1.0,,1.0,2.0,5.0,,2.0,,23.0,9.0,27.0,1,,46.0,,1.0,2.0,
2022-23,10385710,38,7,Aston_Villa,Home,227942,101184,Calum Chambers,calum-chambers,D,True,,,,,,,,,,,,,,,,,,,,,,,0.0,,,,,,,,,,,,,,,,,,,,,,,,,,,,,,,,,,0,,,,,,
2022-23,10385710,38,7,Aston_Villa,Home,303638,149484,Tyrone Mings,tyrone-mings,D,False,,,,5.0,12.0,17.0,,2.0,1.0,,,,1.0,,,,2.0,4.0,,,0.00332125,0.0,0.0,1.0,,,,,,2.0,,90.0,,,,,,,,,6.0,,6.5,,,,,4.0,,,,2.0,,9.0,14.0,23.0,0,,32.0,,2.0,,
2022-23,10385710,38,7,Aston_Villa,Home,604232,165659,Diego Carlos,diego-carlos,D,True,,,,,,,,,,,,,,,,,,,,,,,0.0,,,,,,,,,,,,,,,,,,,,,,,,,,,,,,,,,,0,,,,,,
2022-23,10385710,38,7,Aston_Villa,Home,827679,199798,Ezri Konsa,ezri-konsa,D,False,,,2.0,3.0,32.0,35.0,,,6.0,,,,,,,,1.0,1.0,,,0.00148701,0.0,0.0,1.0,,,,,,2.0,,90.0,,,,,,,,,5.0,,6.8,,,,,1.0,,,,4.0,,6.0,34.0,40.0,0,1.0,46.0,,,,1.0
2022-23,10385710,38,7,Aston_Villa,Home,833956,199796,Matty Cash,matty-cash,D,False,,,2.0,5.0,12.0,17.0,2.0,,8.0,,,,1.0,,,,4.0,2.0,,,0.00173324,0.0,0.0,1.0,,,,,,1.0,,90.0,,,,,,,,,9.0,,6.4,,,,,,,,,4.0,,5.0,17.0,22.0,0,2.0,42.0,1.0,,,1.0
2022-23,10385710,38,7,Aston_Villa,Home,1135879,534836,Travis Patterson,travis-patterson,D,True,,,,,,,,,,,,,,,,,,,,,,,0.0,,,,,,,,,,,,,,,,,,,,,,,,,,,,,,,,,,0,,,,,,
