season,matchId,gameweek,team_id,team,venue,playerId,pl_code,playerName,slug,position,substitute,accurateCross,accurateKeeperSweeper,accurateLongBalls,accurateOppositionHalfPasses,accurateOwnHalfPasses,accuratePass,aerialLost,aerialWon,ballCarriesCount,ballRecovery,bigChanceCreated,bigChanceMissed,blockedScoringAttempt,challengeLost,clearanceOffLine,dispossessed,duelLost,duelWon,errorLeadToAGoal,errorLeadToAShot,expectedAssists,expectedGoals,expectedGoalsOnTarget,fouls,goalAssist,goals,goalsPrevented,goodHighClaim,hitWoodwork,interceptionWon,keyPass,lastManTackle,metersCoveredHighSpeedRunningKm,metersCoveredJoggingKm,metersCoveredRunningKm,metersCoveredSprintingKm,metersCoveredWalkingKm,minutesPlayed,onTargetScoringAttempt,outfielderBlock,ownGoals,penaltyConceded,penaltyFaced,penaltyMiss,penaltyWon,possessionLostCtrl,progressiveBallCarriesCount,punches,rating,savedShotsFromInsideTheBox,saves,shotOffTarget,substitute.1,totalBallCarriesDistance,totalClearance,totalContest,totalCross,totalKeeperSweeper,totalLongBalls,totalOffside,totalOppositionHalfPasses,totalOwnHalfPasses,totalPass,totalProgression,totalProgressiveBallCarriesDistance,totalShots,totalTackle,touches,unsuccessfulTouch,wasFouled,wonContest,wonTackle
2025-26,14025059,1,2,Leeds_United,Home,828639,200617,Daniel James,daniel-james,M,False,1.0,,,6.0,3.0,9.0,,1.0,,1.0,,,2.0,1.0,,,3.0,1.0,,,0.0502321,0.1407,,,0.0,,,,,,1.0,,0.57,3.17,1.26,0.32,2.95,78.0,,,,,,,,16.0,,,6.4,,,,,,1.0,2.0,6.0,,2.0,,13.0,3.0,16.0,,,2,,31.0,2.0,,,
2025-26,14025059,1,2,Leeds_United,Home,847097,199598,Ethan Ampadu,ethan-ampadu,M,False,,,3.0,20.0,30.0,50.0,1.0,2.0,,2.0,,,,,,,2.0,6.0,,,0.0161814,,,1.0,0.0,,,,,1.0,,,0.19,5.22,1.14,0.08,2.2,78.0,,,,,,,,15.0,,,7.0,,,,,,,,1.0,,7.0,,27.0,35.0,62.0,,,0,3.0,72.0,,1.0,,
2025-26,14025059,1,2,Leeds_United,Home,866191,180135,Sean Longstaff,sean-longstaff,M,True,,,,1.0,,1.0,,,,,,,,,,,,,,,0.00057448,,,,0.0,,,,,,,,0.03,0.3,0.13,0.0,0.11,1.0,,,,,,,,,,,,,,,,,,,,,,,1.0,,1.0,,,0,,2.0,,,,
2025-26,14025059,1,2,Leeds_United,Home,871886,248056,Ao Tanaka,ao-tanaka,M,False,,,2.0,22.0,20.0,42.0,1.0,,,5.0,,,,1.0,,1.0,5.0,2.0,,,0.0363234,0.0962,,1.0,0.0,,,,,1.0,2.0,,0.56,5.53,1.95,0.1,2.64,89.0,,,,,,,,8.0,,,6.6,,,2.0,,,,1.0,2.0,,2.0,,26.0,20.0,46.0,,,2,,58.0,,2.0,,
2025-26,14025059,1,2,Leeds_United,Home,889861,466525,Anton Stach,anton-stach,M,False,3.0,,4.0,35.0,13.0,48.0,1.0,2.0,,3.0,,1.0,1.0,,,,5.0,5.0,,,0.295512,0.2593,0.0201,1.0,0.0,,,,,1.0,4.0,,0.66,6.18,1.6,0.2,3.06,90.0,1.0,1.0,,,,,,19.0,,,7.3,,,2.0,,,5.0,4.0,6.0,,5.0,,40.0,19.0,59.0,,,4,2.0,86.0,1.0,1.0,1.0,2.0
2025-26,14025059,1,2,Leeds_United,Home,911679,486520,Ilia Gruev,ilia-gruev,M,True,,,,2.0,2.0,4.0,1.0,,,,,,,,,,1.0,,,,0.00248283,,,,0.0,,,,,,,,0.12,1.07,0.42,0.01,0.6,12.0,,,,,,,,1.0,,,6.5,,,,,,1.0,,,,,,3.0,2.0,5.0,,,0,,6.0,,,,
2025-26,14025059,1,2,Leeds_United,Home,973431,427637,Brenden Aaronson,brenden-aaronson,M,True,1.0,,,5.0,,5.0,,,,,1.0,,,1.0,,1.0,3.0,3.0,,,0.207285,,,1.0,0.0,,,,,,2.0,,0.2,1.93,0.55,0.06,0.93,23.0,,,,,,,,2.0,,,7.2,,,,,,,,1.0,,,,5.0,,5.0,,,0,2.0,15.0,1.0,1.0,,1.0
2025-26,14025065,2,2,Leeds_United,Away,828639,200617,Daniel James,daniel-james,M,False,,,1.0,2.0,4.0,6.0,,,,4.0,,,2.0,,,,,2.0,,,0.00301214,0.0701,,,0.0,,,,,,,,,,,,,66.0,,,,,,,,8.0,,,6.8,,,,,,,1.0,1.0,,1.0,,5.0,6.0,11.0,,,2,,22.0,2.0,1.0,1.0,
2025-26,14025065,2,2,Leeds_United,Away,866191,180135,Sean Longstaff,sean-longstaff,M,True,,,1.0,2.0,3.0,5.0,,,,1.0,,,,3.0,,1.0,4.0,,,,0.00097496,,,,0.0,,,,,,,,,,,,,32.0,,,,,,,,2.0,,,6.2,,,,,,1.0,,,,1.0,,2.0,4.0,6.0,,,0,,8.0,,,,
2025-26,14025065,2,2,Leeds_United,Away,871886,248056,Ao Tanaka,ao-tanaka,M,False,,,,5.0,14.0,19.0,1.0,,,2.0,,,,4.0,,1.0,6.0,,,,0.00142661,,,,0.0,,,,,,,,,,,,,58.0,,,,,,,,6.0,,,5.8,,,,,,,,,,,,7.0,17.0,24.0,,,0,,26.0,,,,
2025-26,14025065,2,2,Leeds_United,Away,889861,466525,Anton Stach,anton-stach,M,False,1.0,,1.0,10.0,11.0,21.0,,,,1.0,,,,,,,2.0,5.0,,1.0,0.0727339,,,2.0,0.0,,,,,,3.0,,,,,,,90.0,,,,1.0,,,,7.0,,,6.2,,,,,,1.0,,3.0,,1.0,,12.0,13.0,25.0,,,0,2.0,35.0,1.0,3.0,,
2025-26,14025065,2,2,Leeds_United,Away,911679,486520,Ilia Gruev,ilia-gruev,M,False,,,1.0,4.0,30.0,34.0,,,,3.0,,,,1.0,,,1.0,2.0,,,0.00121826,,,,0.0,,,,,1.0,,,,,,,,90.0,,1.0,,,,,,3.0,,,6.2,,,,,,,,,,1.0,,6.0,31.0,37.0,,,0,2.0,41.0,,,,1.0
2025-26,14025065,2,2,Leeds_United,Away,973431,427637,Brenden Aaronson,brenden-aaronson,M,True,,,,3.0,2.0,5.0,,,,2.0,,,,1.0,,,2.0,3.0,,,0.041304,,,1.0,0.0,,,,,,,,,,,,,24.0,,,,,,,,5.0,,,6.6,,,,,,,1.0,1.0,,,,5.0,3.0,8.0,,,0,1.0,15.0,1.0,1.0,1.0,1.0
2025-26,14025100,3,2,Leeds_United,Home,828639,200617,Daniel James,daniel-james,M,False,1.0,,,5.0,1.0,6.0,,,,2.0,,1.0,,,,,,3.0,,,0.116732,0.2186,,,0.0,,,,,,1.0,,,,,,,60.0,,,,,,,,7.0,,,7.1,,,1.0,,,,,4.0,,,,8.0,2.0,10.0,,,1,1.0,20.0,,2.0,,1.0
2025-26,14025100,3,2,Leeds_United,Home,866191,180135,Sean Longstaff,sean-longstaff,M,False,,,,12.0,18.0,30.0,,1.0,,6.0,,,,1.0,,1.0,4.0,8.0,,,0.0148071,,,1.0,0.0,,,,,2.0,1.0,,,,,,,90.0,,,,,,,,8.0,,,7.0,,,,,,,1.0,,,3.0,,14.0,21.0,35.0,,,0,5.0,52.0,,2.0,,4.0
2025-26,14025100,3,2,Leeds_United,Home,889861,466525,Anton Stach,anton-stach,M,False,1.0,,1.0,16.0,4.0,20.0,,2.0,,2.0,,,1.0,,,,3.0,5.0,,,0.0231248,0.1769,,3.0,0.0,,,,,1.0,3.0,,,,,,,90.0,,,,,,,,12.0,,,7.0,,,2.0,,,1.0,,4.0,,3.0,,20.0,7.0,27.0,,,3,2.0,44.0,,1.0,,1.0
2025-26,14025100,3,2,Leeds_United,Home,911679,486520,Ilia Gruev,ilia-gruev,M,False,,,4.0,21.0,31.0,52.0,1.0,1.0,,2.0,,,,3.0,,,4.0,4.0,,,0.0122582,,,,0.0,,,,,2.0,,,,,,,,90.0,,,,,,,,4.0,,,7.1,,,,,,1.0,,,,5.0,,23.0,32.0,55.0,,,0,3.0,66.0,1.0,,,3.0
2025-26,14025100,3,2,Leeds_United,Home,973431,427637,Brenden Aaronson,brenden-aaronson,M,True,,,,4.0,2.0,6.0,,,,,,,,,,,,3.0,,,0.0161107,,,,0.0,,,,,,,,,,,,,30.0,,,,,,,,3.0,,,6.9,,,,,,,2.0,,,1.0,,6.0,2.0,8.0,,,0,1.0,13.0,1.0,,2.0,1.0
2025-26,14025139,4,2,Leeds_United,Away,828639,200617,Daniel James,daniel-james,M,True,,,,,,,,,,,,,,1.0,,,2.0,1.0,,,,,,,0.0,,,,,,,,,,,,,12.0,,,,,,,,3.0,,,6.5,,,,,,,1.0,1.0,,,,1.0,,1.0,,,0,,6.0,,1.0,,
2025-26,14025139,4,2,Leeds_United,Away,847097,199598,Ethan Ampadu,ethan-ampadu,M,False,,,1.0,11.0,23.0,34.0,,1.0,,6.0,,,,,,,,4.0,,,0.0109263,,,,0.0,,,,,1.0,,,,,,,,90.0,,,,,,,,13.0,,,6.9,,,,,,3.0,,1.0,,5.0,,20.0,24.0,44.0,,,0,2.0,56.0,,1.0,,1.0
2025-26,14025139,4,2,Leeds_United,Away,866191,180135,Sean Longstaff,sean-longstaff,M,False,,,,15.0,18.0,33.0,2.0,1.0,,4.0,,,,2.0,,2.0,8.0,5.0,,,0.0155323,0.042,,1.0,0.0,,,,1.0,,,,,,,,,90.0,,,,,,,,10.0,,,6.4,,,1.0,,,1.0,1.0,1.0,,,,17.0,22.0,39.0,,,1,2.0,53.0,,2.0,,1.0
2025-26,14025139,4,2,Leeds_United,Away,871886,248056,Ao Tanaka,ao-tanaka,M,True,,,,,,,,,,,,,,,,,,,,,,,,,,,,,,,,,,,,,,,,,,,,,,,,,,,,,,,,,,,,,,,,,,0,,,,,,
2025-26,14025139,4,2,Leeds_United,Away,889861,466525,Anton Stach,anton-stach,M,False,,,2.0,16.0,11.0,27.0,1.0,5.0,,2.0,,,2.0,,,2.0,8.0,9.0,,,0.109797,0.0791,,3.0,0.0,,,,,,1.0,,,,,,,90.0,,,,,,,,16.0,,,6.5,,,1.0,,,2.0,3.0,2.0,,2.0,,23.0,13.0,36.0,,,3,1.0,54.0,,2.0,1.0,
2025-26,14025139,4,2,Leeds_United,Away,911679,486520,Ilia Gruev,ilia-gruev,M,True,,,,,,,,,,,,,,,,,,,,,,,,,,,,,,,,,,,,,,,,,,,,,,,,,,,,,,,,,,,,,,,,,,0,,,,,,
2025-26,14025139,4,2,Leeds_United,Away,973431,427637,Brenden Aaronson,brenden-aaronson,M,False,,,,9.0,5.0,14.0,2.0,,,5.0,1.0,,,1.0,,2.0,7.0,8.0,,,0.319836,0.1318,0.2214,,0.0,,,,,,1.0,,,,,,,77.0,1.0,,,,,,,11.0,,,7.2,,,,,,2.0,3.0,,,1.0,,11.0,6.0,17.0,,,1,5.0,44.0,2.0,2.0,1.0,3.0
2025-26,14025178,5,2,Leeds_United,Away,847097,199598,Ethan Ampadu,ethan-ampadu,M,False,,,2.0,23.0,30.0,53.0,2.0,2.0,,6.0,,,,,,,4.0,7.0,,,0.0111653,0.0154,,1.0,0.0,,,,,,,,,,,,,90.0,,,,,,,,7.0,,,7.3,,,1.0,,,5.0,2.0,1.0,,2.0,,24.0,32.0,56.0,,,1,4.0,74.0,1.0,,1.0,2.0
2025-26,14025178,5,2,Leeds_United,Away,866191,180135,Sean Longstaff,sean-longstaff,M,False,,,,10.0,14.0,24.0,,1.0,,3.0,,,,1.0,,2.0,4.0,8.0,,,0.00451538,0.0652,0.137,1.0,0.0,,,,,,,,,,,,,83.0,1.0,1.0,,,,,,7.0,,,7.1,,,,,,1.0,,1.0,,,,10.0,16.0,26.0,,,1,6.0,44.0,2.0,1.0,,4.0
2025-26,14025178,5,2,Leeds_United,Away,871886,248056,Ao Tanaka,ao-tanaka,M,True,,,,,,,,,,,,,,,,,,,,,,,,,0.0,,,,,2.0,,,,,,,,12.0,,,,,,,,1.0,,,6.5,,,,,,,,,,,,1.0,,1.0,,,0,,3.0,,,,
2025-26,14025178,5,2,Leeds_United,Away,889861,466525,Anton Stach,anton-stach,M,False,,,1.0,17.0,15.0,32.0,,,,7.0,1.0,,,,,,1.0,5.0,,,0.0586814,0.079,0.4836,,1.0,1.0,,,,1.0,1.0,,,,,,,90.0,1.0,,,,,,,16.0,,,8.4,,,,,,4.0,1.0,1.0,,2.0,,28.0,16.0,44.0,,,1,3.0,61.0,2.0,2.0,,3.0
2025-26,14025178,5,2,Leeds_United,Away,911679,486520,Ilia Gruev,ilia-gruev,M,True,,,,1.0,,1.0,,,,,,,,,,,,,,,0.00013445,,,,0.0,,,,,,,,,,,,,1.0,,,,,,,,,,,,,,,,,,,,,,,1.0,,1.0,,,0,,1.0,,,,
2025-26,14025178,5,2,Leeds_United,Away,973431,427637,Brenden Aaronson,brenden-aaronson,M,False,,,,16.0,7.0,23.0,1.0,,,7.0,,,,3.0,,3.0,7.0,3.0,,,0.194978,0.0541,,,0.0,,,,,,,,,,,,,89.0,,,,,,,,12.0,,,6.6,,,1.0,,,2.0,,1.0,,,,17.0,8.0,25.0,,,1,1.0,46.0,6.0,2.0,,1.0
2025-26,14025196,6,2,Leeds_United,Home,828639,200617,Daniel James,daniel-james,M,True,,,,,,,,,,,,,,,,,,,,,,,,,,,,,,,,,,,,,,,,,,,,,,,,,,,,,,,,,,,,,,,,,,0,,,,,,
2025-26,14025196,6,2,Leeds_United,Home,847097,199598,Ethan Ampadu,ethan-ampadu,M,False,,,5.0,16.0,32.0,48.0,2.0,1.0,,5.0,,,,,,,4.0,3.0,,,0.0164883,,,3.0,0.0,,,,,2.0,,,,,,,,90.0,,,,,,,,11.0,,,6.8,,,,,,1.0,1.0,,,6.0,,20.0,35.0,55.0,,,0,1.0,66.0,,1.0,1.0,
2025-26,14025196,6,2,Leeds_United,Home,866191,180135,Sean Longstaff,sean-longstaff,M,False,7.0,,4.0,15.0,21.0,36.0,,2.0,,2.0,2.0,,,3.0,,,3.0,10.0,,,0.247155,0.0974,0.562,,1.0,1.0,,,,1.0,7.0,,,,,,,90.0,1.0,1.0,,,,,,8.0,,,9.3,,,1.0,,,3.0,,9.0,,6.0,,20.0,21.0,41.0,,,2,6.0,70.0,1.0,2.0,,4.0
2025-26,14025196,6,2,Leeds_United,Home,871886,248056,Ao Tanaka,ao-tanaka,M,True,,,,,1.0,1.0,1.0,,,1.0,,,,1.0,,1.0,4.0,1.0,,,4.84e-06,,,1.0,0.0,,,,,,,,,,,,,10.0,,,,,,,,2.0,,,6.3,,,,,,,,,,,,,1.0,1.0,,,0,1.0,4.0,1.0,,,1.0
2025-26,14025196,6,2,Leeds_United,Home,889861,466525,Anton Stach,anton-stach,M,False,,,,10.0,15.0,25.0,1.0,,,5.0,,,,,,1.0,4.0,3.0,,,0.0102145,,,1.0,0.0,,,,,,1.0,,,,,,,90.0,,,,,,,,10.0,,,5.9,,,,,,,2.0,,,1.0,,14.0,19.0,33.0,,,0,2.0,40.0,,,1.0,1.0
2025-26,14025196,6,2,Leeds_United,Home,911679,486520,Ilia Gruev,ilia-gruev,M,True,,,,,,,,,,,,,,,,,,,,,,,,,,,,,,,,,,,,,,,,,,,,,,,,,,,,,,,,,,,,,,,,,,0,,,,,,
2025-26,14025196,6,2,Leeds_United,Home,973431,427637,Brenden Aaronson,brenden-aaronson,M,False,,,,11.0,2.0,13.0,1.0,2.0,,2.0,1.0,,3.0,2.0,,2.0,8.0,8.0,,,0.0170275,0.4692,0.1765,1.0,0.0,,,,,2.0,1.0,,,,,,,87.0,1.0,,,,,,,11.0,,,6.7,,,1.0,,,,2.0,1.0,,,,14.0,3.0,17.0,,,5,2.0,43.0,2.0,4.0,,1.0
2025-26,14025225,7,2,Leeds_United,Home,847097,199598,Ethan Ampadu,ethan-ampadu,M,False,2.0,,2.0,23.0,38.0,61.0,1.0,,,5.0,,,,1.0,,,4.0,3.0,,1.0,0.0604497,,,2.0,0.0,,,,,2.0,1.0,,,,,,,90.0,,1.0,,,,,,13.0,,,6.8,,,,,,3.0,,2.0,,7.0,,31.0,38.0,69.0,,,0,2.0,90.0,3.0,1.0,,2.0
2025-26,14025225,7,2,Leeds_United,Home,866191,180135,Sean Longstaff,sean-longstaff,M,False,4.0,,1.0,17.0,22.0,39.0,,,,5.0,1.0,,1.0,3.0,,1.0,5.0,5.0,,,0.202938,0.2245,,1.0,0.0,,,,,,5.0,,,,,,,90.0,,,,,,,,12.0,,,6.8,,,3.0,,,,,6.0,,2.0,,24.0,22.0,46.0,,,4,4.0,64.0,2.0,1.0,,2.0
2025-26,14025225,7,2,Leeds_United,Home,871886,248056,Ao Tanaka,ao-tanaka,M,True,,,,19.0,8.0,27.0,1.0,2.0,,2.0,,,,,,,1.0,2.0,,,0.022406,,,,0.0,,,,,,1.0,,,,,,,23.0,,,,,,,,3.0,,,6.8,,,,,,,,,,,,22.0,8.0,30.0,,,0,,32.0,,,,
2025-26,14025225,7,2,Leeds_United,Home,889861,466525,Anton Stach,anton-stach,M,False,1.0,,,9.0,7.0,16.0,,,,5.0,1.0,,,1.0,,1.0,3.0,4.0,,,0.0317621,0.0443,,1.0,0.0,,,,,,1.0,,,,,,,67.0,,1.0,,,,,,10.0,,,6.6,,,1.0,,,,1.0,2.0,,,,14.0,9.0,23.0,,,1,2.0,37.0,1.0,1.0,1.0,1.0
2025-26,14025225,7,2,Leeds_United,Home,911679,486520,Ilia Gruev,ilia-gruev,M,True,,,,,,,,,,,,,,,,,,,,,,,,,,,,,,,,,,,,,,,,,,,,,,,,,,,,,,,,,,,,,,,,,,0,,,,,,
2025-26,14025225,7,2,Leeds_United,Home,973431,427637,Brenden Aaronson,brenden-aaronson,M,False,,,,6.0,9.0,15.0,1.0,1.0,,2.0,,,,1.0,,2.0,5.0,5.0,,,0.0176375,0.0892,0.3307,,0.0,,,,,,1.0,,,,,,,67.0,1.0,,,,,,,10.0,,,6.6,,,,,,,1.0,2.0,,,,7.0,10.0,17.0,,,1,1.0,30.0,3.0,3.0,,1.0
2025-26,14025235,8,2,Leeds_United,Away,828639,200617,Daniel James,daniel-james,M,True,2.0,,,3.0,2.0,5.0,,1.0,,,,,,,,,2.0,2.0,,,0.199837,,,,0.0,,,,,,2.0,,,,,,,24.0,,,,,,,,11.0,,,7.1,,,,,,,2.0,8.0,,,,4.0,3.0,7.0,,,0,1.0,20.0,1.0,,,1.0
2025-26,14025235,8,2,Leeds_United,Away,847097,199598,Ethan Ampadu,ethan-ampadu,M,False,1.0,,,45.0,19.0,64.0,,,,4.0,,,,,,,1.0,5.0,,,0.046148,0.124,,1.0,0.0,,,,,1.0,,,,,,,,81.0,,,,,,,,10.0,,,7.2,,,1.0,,,1.0,,1.0,,1.0,,50.0,20.0,70.0,,,1,5.0,86.0,,,,3.0
2025-26,14025235,8,2,Leeds_United,Away,866191,180135,Sean Longstaff,sean-longstaff,M,False,5.0,,1.0,32.0,20.0,52.0,1.0,1.0,,2.0,1.0,,,1.0,,,3.0,3.0,,,0.149145,,,,0.0,,,,,2.0,4.0,,,,,,,90.0,,,,,,,,13.0,,,6.6,,,,,,,1.0,7.0,,2.0,,38.0,23.0,61.0,,,0,,79.0,1.0,2.0,,
2025-26,14025235,8,2,Leeds_United,Away,871886,248056,Ao Tanaka,ao-tanaka,M,True,1.0,,,5.0,8.0,13.0,,,,1.0,,,,,,,,,,,0.0432491,,,,0.0,,,,,,1.0,,,,,,,9.0,,,,,,,,4.0,,,6.8,,,,,,,,3.0,,,,7.0,8.0,15.0,,,0,,20.0,,,,
2025-26,14025235,8,2,Leeds_United,Away,889861,466525,Anton Stach,anton-stach,M,False,,,3.0,26.0,16.0,42.0,,1.0,,2.0,,,,,,1.0,3.0,2.0,,,0.0371956,0.1535,0.1311,2.0,0.0,,,,,1.0,,,,,,,,73.0,1.0,,,,,,,8.0,,,6.3,,,1.0,,,,,,,4.0,,31.0,18.0,49.0,,,2,,56.0,,1.0,,
2025-26,14025235,8,2,Leeds_United,Away,911679,486520,Ilia Gruev,ilia-gruev,M,True,,,,,,,,,,,,,,,,,,,,,,,,,,,,,,,,,,,,,,,,,,,,,,,,,,,,,,,,,,,,,,,,,,0,,,,,,
2025-26,14025235,8,2,Leeds_United,Away,973431,427637,Brenden Aaronson,brenden-aaronson,M,False,2.0,,,14.0,4.0,18.0,,,,3.0,,1.0,,,,2.0,3.0,2.0,,,0.188996,0.3086,0.2842,1.0,0.0,,,,1.0,3.0,2.0,,,,,,,66.0,1.0,,,,,,,7.0,,,7.0,,,,,,,1.0,3.0,,,,17.0,4.0,21.0,,,1,1.0,40.0,1.0,,1.0,
2025-26,14025265,9,2,Leeds_United,Home,828639,200617,Daniel James,daniel-james,M,True,,,,,,,,,,,,,,,,,,,,,,,,,0.0,,,,,,,,,,,,,8.0,,,,,,,,,,,6.2,,,,,,,,,,,,,,,,,0,,,,,,
2025-26,14025265,9,2,Leeds_United,Home,847097,199598,Ethan Ampadu,ethan-ampadu,M,False,,,2.0,10.0,26.0,36.0,1.0,,,5.0,,,,,,1.0,5.0,3.0,,,0.0142381,0.2342,,3.0,0.0,,,,,1.0,1.0,,,,,,,90.0,,1.0,,,,,,10.0,,,6.7,,,2.0,,,5.0,1.0,,,4.0,,14.0,29.0,43.0,,,2,2.0,66.0,2.0,,1.0,1.0
2025-26,14025265,9,2,Leeds_United,Home,866191,180135,Sean Longstaff,sean-longstaff,M,False,1.0,,,8.0,17.0,25.0,3.0,1.0,,4.0,1.0,,,,,,4.0,6.0,,,0.180928,,,1.0,1.0,,,,,,1.0,,,,,,,90.0,,1.0,,,,,,9.0,,,7.1,,,,,,1.0,,3.0,,3.0,,12.0,20.0,32.0,,,0,4.0,46.0,,1.0,,2.0
2025-26,14025265,9,2,Leeds_United,Home,871886,248056,Ao Tanaka,ao-tanaka,M,False,,,,8.0,18.0,26.0,,1.0,,2.0,,,,,,1.0,2.0,1.0,,,0.0100213,0.0674,,1.0,0.0,,,,,1.0,,,,,,,,72.0,,,,,,,,8.0,,,6.5,,,1.0,,,,,,,1.0,,10.0,20.0,30.0,,,1,,38.0,3.0,,,
2025-26,14025265,9,2,Leeds_United,Home,889861,466525,Anton Stach,anton-stach,M,True,,,,,,,,,,,,,,,,,,,,,,,,,,,,,,,,,,,,,,,,,,,,,,,,,,,,,,,,,,,,,,,,,,0,,,,,,
2025-26,14025265,9,2,Leeds_United,Home,911679,486520,Ilia Gruev,ilia-gruev,M,True,,,,2.0,3.0,5.0,1.0,,,2.0,,,,,,,2.0,2.0,,,0.00048772,,,1.0,0.0,,,,,,,,,,,,,18.0,,,,,,,,,,,6.4,,,,,,,,,,,,2.0,3.0,5.0,,,0,1.0,7.0,,1.0,,1.0
2025-26,14025265,9,2,Leeds_United,Home,973431,427637,Brenden Aaronson,brenden-aaronson,M,False,2.0,,,8.0,3.0,11.0,2.0,,,4.0,,,2.0,1.0,,1.0,4.0,8.0,,,0.263436,0.5665,0.2748,,0.0,1.0,,,1.0,2.0,2.0,,,,,,,87.0,1.0,,,,,,,7.0,,,8.2,,,,,,,3.0,4.0,,1.0,1.0,12.0,3.0,15.0,,,3,3.0,37.0,,2.0,3.0,
2025-26,14025273,10,2,Leeds_United,Away,828639,200617,Daniel James,daniel-james,M,True,,,,2.0,,2.0,1.0,,,1.0,1.0,,,1.0,,,4.0,,,,0.150506,,,,0.0,,,,,,1.0,,,,,,,29.0,,,,,,,,4.0,,,6.2,,,,,,,2.0,,,,,4.0,,4.0,,,0,,6.0,,,,
2025-26,14025273,10,2,Leeds_United,Away,847097,199598,Ethan Ampadu,ethan-ampadu,M,False,,,3.0,22.0,36.0,58.0,,1.0,,4.0,,,,2.0,,,4.0,4.0,,,0.012536,,,2.0,0.0,,,,,,,,,,,,,90.0,,1.0,,,,,,6.0,,,6.5,,,,,,2.0,,,,4.0,,25.0,38.0,63.0,,,0,2.0,71.0,1.0,1.0,,2.0
2025-26,14025273,10,2,Leeds_United,Away,866191,180135,Sean Longstaff,sean-longstaff,M,False,3.0,,,10.0,15.0,25.0,1.0,,,3.0,,,1.0,1.0,,2.0,4.0,5.0,,,0.11402,0.2538,,,0.0,,,,,,,,,,,,,60.0,,1.0,,,,,,8.0,,,6.7,,,1.0,,,,,5.0,,1.0,1.0,14.0,15.0,29.0,,,2,3.0,45.0,,2.0,,2.0
2025-26,14025273,10,2,Leeds_United,Away,871886,248056,Ao Tanaka,ao-tanaka,M,False,,,2.0,17.0,32.0,49.0,,,,5.0,,,,,,,,1.0,,1.0,0.010967,,,,0.0,,,,,3.0,,,,,,,,61.0,,,,,,,,6.0,,,6.4,,,,,,,,,,5.0,,20.0,35.0,55.0,,,0,1.0,62.0,,,,
2025-26,14025273,10,2,Leeds_United,Away,889861,466525,Anton Stach,anton-stach,M,True,,,2.0,11.0,13.0,24.0,,2.0,,1.0,,,,,,,,4.0,,,0.0124735,0.0852,0.6196,,0.0,,,,,1.0,,,,,,,,30.0,1.0,,,,,,,5.0,,,7.2,,,,,,1.0,2.0,3.0,,3.0,,13.0,13.0,26.0,,,1,,34.0,,,2.0,
2025-26,14025273,10,2,Leeds_United,Away,911679,486520,Ilia Gruev,ilia-gruev,M,True,,,,,,,,,,,,,,,,,,,,,,,,,,,,,,,,,,,,,,,,,,,,,,,,,,,,,,,,,,,,,,,,,,0,,,,,,
2025-26,14025273,10,2,Leeds_United,Away,973431,427637,Brenden Aaronson,brenden-aaronson,M,False,,,,13.0,11.0,24.0,1.0,1.0,,1.0,,,,1.0,,3.0,7.0,3.0,,,0.154783,,,,0.0,,,,,,1.0,,,,,,,90.0,,,,,,,,11.0,,,6.1,,,,,,,2.0,,,,,13.0,13.0,26.0,,,0,,41.0,4.0,2.0,,
2025-26,14025051,11,2,Leeds_United,Away,828639,200617,Daniel James,daniel-james,M,True,,,,1.0,,1.0,,,,2.0,,,,,,1.0,2.0,,,,0.00969825,0.0564,0.2966,1.0,0.0,,,,,,1.0,,,,,,,16.0,1.0,,,,,,,9.0,,,6.5,,,1.0,,,,,1.0,,1.0,,4.0,1.0,5.0,,,2,,12.0,1.0,,,
2025-26,14025051,11,2,Leeds_United,Away,847097,199598,Ethan Ampadu,ethan-ampadu,M,False,,,1.0,13.0,19.0,32.0,1.0,1.0,,4.0,,,1.0,1.0,,,5.0,4.0,,,0.030512,0.0344,,3.0,0.0,,,,,3.0,,,,,,,,90.0,,,,,,,,15.0,,,6.4,,,,,,1.0,,1.0,,5.0,,19.0,23.0,42.0,,,1,2.0,58.0,1.0,1.0,,1.0
2025-26,14025051,11,2,Leeds_United,Away,866191,180135,Sean Longstaff,sean-longstaff,M,False,,,1.0,8.0,16.0,24.0,1.0,1.0,,2.0,,,,2.0,,,4.0,5.0,,,0.00306283,,,,0.0,,,,,3.0,,,,,,,,74.0,,1.0,,,,,,13.0,,,6.5,,,,,,,1.0,4.0,,5.0,,14.0,17.0,31.0,,,0,2.0,48.0,1.0,2.0,,2.0
2025-26,14025051,11,2,Leeds_United,Away,871886,248056,Ao Tanaka,ao-tanaka,M,True,,,,,,,,,,,,,,,,,,,,,,,,,,,,,,,,,,,,,,,,,,,,,,,,,,,,,,,,,,,,,,,,,,0,,,,,,
2025-26,14025051,11,2,Leeds_United,Away,889861,466525,Anton Stach,anton-stach,M,False,1.0,,5.0,13.0,23.0,36.0,,5.0,,5.0,,,,,,1.0,4.0,7.0,,,0.114947,,,1.0,0.0,,,,,,2.0,,,,,,,90.0,,,,,,,,15.0,,,7.0,,,,,,6.0,2.0,1.0,,10.0,,21.0,25.0,46.0,,,0,1.0,68.0,2.0,1.0,,1.0
2025-26,14025051,11,2,Leeds_United,Away,911679,486520,Ilia Gruev,ilia-gruev,M,True,,,,,,,,,,,,,,,,,,,,,,,,,,,,,,,,,,,,,,,,,,,,,,,,,,,,,,,,,,,,,,,,,,0,,,,,,
2025-26,14025051,11,2,Leeds_United,Away,973431,427637,Brenden Aaronson,brenden-aaronson,M,False,,,1.0,6.0,8.0,14.0,,,,10.0,,,1.0,1.0,,1.0,8.0,8.0,,,0.00877391,0.0443,,,1.0,,,,,,1.0,,,,,,,74.0,,1.0,,,,,,10.0,,,7.1,,,1.0,,,,7.0,,,1.0,,7.0,8.0,15.0,,,2,3.0,39.0,2.0,4.0,1.0,1.0
2025-26,14025078,12,2,Leeds_United,Home,828639,200617,Daniel James,daniel-james,M,True,,,,9.0,,9.0,,,,2.0,,1.0,1.0,,,,,2.0,,,0.00917889,0.2187,0.1706,,0.0,,,,,,1.0,,,,,,,19.0,1.0,,,,,,,6.0,,,6.6,,,1.0,,,,1.0,5.0,,,,9.0,,9.0,,,3,,21.0,,1.0,1.0,
2025-26,14025078,12,2,Leeds_United,Home,847097,199598,Ethan Ampadu,ethan-ampadu,M,False,,,2.0,19.0,29.0,48.0,,,,10.0,,,,,,1.0,2.0,6.0,,,0.0154361,,,1.0,0.0,,,,,2.0,2.0,,,,,,,90.0,,,,,,,,9.0,,,7.1,,,,,,1.0,,,,5.0,,22.0,32.0,54.0,,,0,5.0,70.0,1.0,1.0,,5.0
2025-26,14025078,12,2,Leeds_United,Home,866191,180135,Sean Longstaff,sean-longstaff,M,False,2.0,,3.0,22.0,15.0,37.0,,,,4.0,1.0,,,2.0,,,5.0,5.0,,,0.353011,0.0649,,3.0,0.0,,,,,1.0,2.0,,,,,,,90.0,,,,,,,,13.0,,,7.2,,,1.0,,,2.0,1.0,8.0,,4.0,,25.0,17.0,42.0,,,1,3.0,61.0,1.0,2.0,,1.0
2025-26,14025078,12,2,Leeds_United,Home,871886,248056,Ao Tanaka,ao-tanaka,M,True,,,,15.0,14.0,29.0,,,,5.0,,,,2.0,,,5.0,6.0,,,0.0136894,,,2.0,0.0,,,,,3.0,1.0,,,,,,,48.0,,1.0,,,,,,3.0,,,7.1,,,,,,1.0,2.0,,,,,16.0,14.0,30.0,,,0,3.0,44.0,1.0,2.0,1.0,1.0
2025-26,14025078,12,2,Leeds_United,Home,889861,466525,Anton Stach,anton-stach,M,False,,,,5.0,5.0,10.0,,1.0,,1.0,,,,1.0,,1.0,4.0,2.0,,,0.00362747,0.212,,1.0,0.0,,,,,,,,,,,,,23.0,1.0,,,,,,,2.0,,,6.5,,,,,,,1.0,,,,,5.0,5.0,10.0,,,1,,15.0,,1.0,,
2025-26,14025078,12,2,Leeds_United,Home,911679,486520,Ilia Gruev,ilia-gruev,M,True,,,,,,,,,,,,,,,,,,,,,,,,,,,,,,,,,,,,,,,,,,,,,,,,,,,,,,,,,,,,,,,,,,0,,,,,,
2025-26,14025078,12,2,Leeds_United,Home,973431,427637,Brenden Aaronson,brenden-aaronson,M,False,,,1.0,8.0,11.0,19.0,,1.0,,5.0,,,1.0,1.0,,2.0,8.0,6.0,,,0.00561088,0.3054,0.103,1.0,0.0,,,,,,,,,,,,,80.0,1.0,,,,,,,12.0,,,6.3,,,1.0,,,,5.0,1.0,,2.0,1.0,9.0,13.0,22.0,,,3,3.0,40.0,1.0,1.0,1.0,2.0
2025-26,14025108,13,2,Leeds_United,Away,828639,200617,Daniel James,daniel-james,M,False,,,,2.0,,2.0,,,4.0,,,,,,,1.0,1.0,4.0,,,0.0209682,,,,0.0,,,,,1.0,,,,,,,,45.0,,,,,,,,4.0,,,6.8,,,,,29.608656253057,,1.0,1.0,,,1.0,2.0,1.0,3.0,-22.575,,0,2.0,12.0,1.0,1.0,1.0,1.0
2025-26,14025108,13,2,Leeds_United,Away,847097,199598,Ethan Ampadu,ethan-ampadu,M,False,,,2.0,15.0,31.0,46.0,,,16.0,4.0,,,,,,,1.0,2.0,,,0.0167716,0.1509,,,0.0,,,,,1.0,,,,,,,,90.0,1.0,,,,,,,15.0,,,6.5,,,,,109.09760401232,,2.0,,,3.0,,21.0,33.0,54.0,-22.155,,1,,69.0,1.0,1.0,1.0,
2025-26,14025108,13,2,Leeds_United,Away,871886,248056,Ao Tanaka,ao-tanaka,M,False,,,,8.0,10.0,18.0,1.0,2.0,7.0,5.0,,,,3.0,,,5.0,7.0,,,0.262392,,,1.0,0.0,,,,,1.0,,,,,,,,89.0,,,,,,,,12.0,,,6.5,,,,,44.916745331975,2.0,,2.0,,1.0,,10.0,15.0,25.0,2.52,,0,5.0,40.0,2.0,,,3.0
2025-26,14025108,13,2,Leeds_United,Away,911679,486520,Ilia Gruev,ilia-gruev,M,False,2.0,,2.0,14.0,24.0,38.0,1.0,,3.0,5.0,,,,1.0,,,7.0,4.0,,,0.207335,,,4.0,0.0,,,,,1.0,2.0,,,,,,,90.0,,1.0,,,,,,8.0,,,6.9,,,,,21.855154694158,,1.0,5.0,,2.0,,15.0,25.0,40.0,-2.625,,0,4.0,56.0,2.0,,,1.0
2025-26,14025108,13,2,Leeds_United,Away,973431,427637,Brenden Aaronson,brenden-aaronson,M,True,,,,1.0,,1.0,,1.0,1.0,,,,,,,,,3.0,,,0.00018473,,,,0.0,,,,,,,,,,,,,9.0,,,,,,,,6.0,,,6.7,,,,,11.694115443248,,,1.0,,1.0,,4.0,,4.0,-11.34,,0,2.0,10.0,2.0,,,1.0
2025-26,14025138,14,2,Leeds_United,Home,847097,199598,Ethan Ampadu,ethan-ampadu,M,False,,,1.0,14.0,10.0,24.0,1.0,2.0,11.0,6.0,,,,2.0,,2.0,5.0,6.0,,,0.0444768,,,1.0,0.0,,,,,2.0,,,,,,,,90.0,,1.0,,,,,,10.0,,,7.2,,,,,106.22338967229,6.0,,,,1.0,,16.0,12.0,28.0,15.645,,0,2.0,54.0,1.0,2.0,,2.0
2025-26,14025138,14,2,Leeds_United,Home,871886,248056,Ao Tanaka,ao-tanaka,M,False,,,1.0,10.0,4.0,14.0,2.0,,3.0,2.0,,,,1.0,,,3.0,,,,0.00525189,0.2352,0.4894,,0.0,1.0,,,,1.0,,,,,,,,67.0,1.0,,,,,,,7.0,,,7.3,,,3.0,,17.22685909054,,,,,2.0,,13.0,7.0,20.0,13.23,,4,,30.0,1.0,,,
2025-26,14025138,14,2,Leeds_United,Home,889861,466525,Anton Stach,anton-stach,M,False,3.0,,1.0,14.0,5.0,19.0,,1.0,9.0,4.0,1.0,,2.0,,,2.0,5.0,3.0,,,0.212977,0.1085,,2.0,1.0,,,,,2.0,4.0,,,,,,,90.0,,1.0,,,,,,15.0,,,7.1,,,1.0,,126.63643722532,3.0,1.0,7.0,,4.0,,19.0,6.0,25.0,81.795,,3,2.0,50.0,2.0,,,1.0
2025-26,14025138,14,2,Leeds_United,Home,911679,486520,Ilia Gruev,ilia-gruev,M,True,,,,1.0,5.0,6.0,,,2.0,4.0,,,,,,,,1.0,,,0.00118266,,,,0.0,,,,,,,,,,,,,23.0,,,,,,,,,,,6.7,,,,,20.011419527322,,,,,,,1.0,5.0,6.0,-5.88,,0,,9.0,,1.0,,
2025-26,14025138,14,2,Leeds_United,Home,973431,427637,Brenden Aaronson,brenden-aaronson,M,True,,,,,,,,,,,,,,,,,,,,,,,,,,,,,,,,,,,,,,,,,,,,,,,,,,,,,,,,,,,,,,,,,,0,,,,,,
2025-26,14025168,15,2,Leeds_United,Home,847097,199598,Ethan Ampadu,ethan-ampadu,M,False,,,1.0,9.0,17.0,26.0,,,13.0,4.0,,,,2.0,,1.0,3.0,3.0,,,0.0505806,,,,0.0,,,,,1.0,,,,,,,,87.0,,,,,,,,8.0,,,6.7,,,,,139.01234879298,2.0,1.0,,,2.0,,12.0,18.0,30.0,82.53,,0,1.0,46.0,1.0,1.0,1.0,1.0
2025-26,14025168,15,2,Leeds_United,Home,871886,248056,Ao Tanaka,ao-tanaka,M,True,,,,11.0,2.0,13.0,,2.0,4.0,1.0,,,,,,,,3.0,,,0.0305942,0.1984,0.8184,,0.0,1.0,,,,,,,,,,,,25.0,2.0,,,,,,,2.0,,,7.8,,,,,45.095148464448,1.0,,,,,,12.0,3.0,15.0,35.385,,2,1.0,20.0,,,,
2025-26,14025168,15,2,Leeds_United,Home,889861,466525,Anton Stach,anton-stach,M,False,2.0,,4.0,22.0,15.0,37.0,1.0,1.0,17.0,6.0,,,,,,1.0,6.0,4.0,,,0.179001,0.1071,0.2652,4.0,0.0,1.0,,,,2.0,3.0,,,,,,,90.0,1.0,,,,,,,10.0,,,8.1,,,,,153.15159287763,,2.0,6.0,,6.0,,26.0,16.0,42.0,40.635,,1,1.0,60.0,,1.0,2.0,1.0
2025-26,14025168,15,2,Leeds_United,Home,911679,486520,Ilia Gruev,ilia-gruev,M,False,,,,12.0,11.0,23.0,,1.0,7.0,3.0,,,,,,,1.0,3.0,,,0.00464114,,,1.0,0.0,,,,,,,,,,,,,65.0,,,,,,,,4.0,,,6.6,,,,,56.280901051688,,,1.0,,,,13.0,12.0,25.0,23.415,,0,1.0,32.0,1.0,2.0,,1.0
2025-26,14025168,15,2,Leeds_United,Home,973431,427637,Brenden Aaronson,brenden-aaronson,M,True,,,,5.0,3.0,8.0,1.0,1.0,4.0,,,,,2.0,,1.0,5.0,2.0,,,0.0239448,0.0226,0.0511,,1.0,,,,,,1.0,,,,,,,25.0,1.0,,,,,,,6.0,,,6.5,,,,,34.398033314017,,1.0,,,,,7.0,4.0,11.0,19.215,,1,,18.0,1.0,1.0,,
2025-26,14025186,16,2,Leeds_United,Away,847097,199598,Ethan Ampadu,ethan-ampadu,M,False,1.0,,3.0,27.0,19.0,46.0,,1.0,15.0,6.0,,,1.0,,,2.0,3.0,3.0,,,0.202276,0.0656,,,0.0,,,,,1.0,1.0,,,,,,,90.0,,,,,,,,19.0,,,7.0,,,1.0,,126.4170800275,2.0,2.0,4.0,,5.0,,31.0,19.0,50.0,-31.185,,2,1.0,76.0,1.0,,1.0,
2025-26,14025186,16,2,Leeds_United,Away,871886,248056,Ao Tanaka,ao-tanaka,M,False,,,,8.0,8.0,16.0,1.0,,6.0,2.0,1.0,,,2.0,,,4.0,1.0,,,0.10258,0.0342,,1.0,0.0,,,,,,1.0,,,,,,,73.0,,,,,,,,6.0,,,6.3,,,1.0,,52.684841067833,2.0,1.0,1.0,,,,10.0,9.0,19.0,-15.015,,1,1.0,27.0,1.0,,,
2025-26,14025186,16,2,Leeds_United,Away,889861,466525,Anton Stach,anton-stach,M,False,1.0,,,21.0,10.0,31.0,2.0,,21.0,5.0,,,5.0,1.0,,1.0,5.0,3.0,,,0.0862769,0.2361,,,0.0,,,,,2.0,1.0,,,,,,,90.0,,,,,,,,17.0,,,6.1,,,1.0,,182.23666644326,1.0,2.0,6.0,,,,27.0,12.0,39.0,-77.49,,6,1.0,68.0,2.0,1.0,1.0,1.0
2025-26,14025186,16,2,Leeds_United,Away,911679,486520,Ilia Gruev,ilia-gruev,M,True,,,,,,,,,,,,,,,,,,,,,,,,,,,,,,,,,,,,,,,,,,,,,,,,,,,,,,,,,,,,,,,,,,0,,,,,,
2025-26,14025186,16,2,Leeds_United,Away,973431,427637,Brenden Aaronson,brenden-aaronson,M,True,,,,2.0,4.0,6.0,2.0,,1.0,3.0,,,,,,,2.0,,,,0.0010166,0.0639,0.6509,1.0,0.0,,,,,,,,,,,,,17.0,1.0,,,,,,,5.0,,,6.9,,,,,7.0046627327802,1.0,,1.0,,,,4.0,5.0,9.0,6.93,,1,,14.0,1.0,,,
2025-26,14025224,17,2,Leeds_United,Home,847097,199598,Ethan Ampadu,ethan-ampadu,M,False,,,3.0,15.0,16.0,31.0,2.0,3.0,13.0,9.0,,,,,,,3.0,9.0,,,0.0318305,0.1275,0.7599,1.0,0.0,1.0,,,,,1.0,,,,,,,87.0,1.0,,,,,,,18.0,1.0,,8.7,,,,,105.70038958298,3.0,1.0,1.0,,4.0,,21.0,17.0,38.0,42.63,28.281463204721,1,3.0,66.0,1.0,2.0,1.0,2.0
2025-26,14025224,17,2,Leeds_United,Home,871886,248056,Ao Tanaka,ao-tanaka,M,True,,,,1.0,3.0,4.0,,,2.0,,,,,,,,,,,,0.00099252,,,,0.0,,,,,,,,,,,,,13.0,,,,,,,,4.0,,,6.3,,,,,9.1801741051988,,,1.0,,,,2.0,3.0,5.0,7.35,,0,,10.0,2.0,,,
2025-26,14025224,17,2,Leeds_United,Home,889861,466525,Anton Stach,anton-stach,M,False,5.0,,2.0,16.0,11.0,27.0,1.0,,8.0,6.0,,,1.0,1.0,,2.0,5.0,2.0,,,0.559935,0.1142,0.328,1.0,0.0,1.0,,,,,5.0,,,,,,,90.0,1.0,1.0,,,,,,15.0,3.0,,8.9,,,1.0,,75.882322504805,2.0,,10.0,,4.0,,21.0,12.0,33.0,44.14,46.890574423123,3,2.0,57.0,2.0,,,1.0
2025-26,14025224,17,2,Leeds_United,Home,911679,486520,Ilia Gruev,ilia-gruev,M,True,,,,1.0,,1.0,,,,1.0,,,,,,,,1.0,,,0.00082199,,,,0.0,,,,,,,,,,,,,15.0,,,,,,,,2.0,,,6.5,,,,,,,,,,,,2.0,,2.0,,,0,,5.0,1.0,1.0,,
2025-26,14025224,17,2,Leeds_United,Home,973431,427637,Brenden Aaronson,brenden-aaronson,M,False,,,1.0,11.0,8.0,19.0,1.0,2.0,10.0,4.0,,,,1.0,,3.0,6.0,5.0,,,0.00987589,0.0178,,,0.0,,,,,1.0,,,,,,,,77.0,,,,,,,,14.0,2.0,,6.9,,,1.0,,120.52022299311,1.0,2.0,2.0,,1.0,,13.0,9.0,22.0,37.17,44.506262994848,1,1.0,43.0,4.0,1.0,1.0,1.0
2025-26,14025250,18,2,Leeds_United,Away,847097,199598,Ethan Ampadu,ethan-ampadu,M,False,,,1.0,29.0,24.0,53.0,1.0,5.0,27.0,6.0,,1.0,1.0,1.0,,,2.0,9.0,,,0.210983,0.3398,0.0175,,0.0,,,,,1.0,,,,,,,,90.0,1.0,1.0,,,,,,12.0,1.0,,7.2,,,1.0,,247.53910410545,4.0,,2.0,,5.0,,37.0,25.0,62.0,77.595,38.923587000686,3,2.0,86.0,,2.0,,
2025-26,14025250,18,2,Leeds_United,Away,871886,248056,Ao Tanaka,ao-tanaka,M,True,,,,11.0,19.0,30.0,,1.0,14.0,4.0,,,,,,,1.0,3.0,,,0.081514,0.1958,,1.0,0.0,,,,,,2.0,,,,,,,59.0,,,,,,,,12.0,1.0,,6.6,,,1.0,,127.31640865417,,1.0,2.0,,2.0,,18.0,19.0,37.0,74.235,25.270179441389,1,2.0,47.0,1.0,,,2.0
2025-26,14025250,18,2,Leeds_United,Away,889861,466525,Anton Stach,anton-stach,M,False,4.0,,5.0,26.0,17.0,43.0,2.0,4.0,15.0,5.0,1.0,,2.0,,,,5.0,10.0,,,0.523365,0.1364,0.0892,2.0,0.0,,,,,,3.0,,,,,,,90.0,1.0,1.0,,,,,,15.0,2.0,,7.9,,,,,153.09505085916,2.0,2.0,12.0,,6.0,,30.0,18.0,48.0,82.215,43.200462675856,3,5.0,79.0,1.0,,1.0,3.0
2025-26,14025250,18,2,Leeds_United,Away,911679,486520,Ilia Gruev,ilia-gruev,M,True,,,,,,,,,,,,,,,,,,,,,,,,,,,,,,,,,,,,,,,,,,,,,,,,,,,,,,,,,,,,,,,,,,0,,,,,,
2025-26,14025250,18,2,Leeds_United,Away,973431,427637,Brenden Aaronson,brenden-aaronson,M,False,1.0,,,23.0,8.0,31.0,3.0,,17.0,2.0,2.0,1.0,1.0,2.0,,3.0,9.0,,,,0.793773,0.2406,,,1.0,,,,,,5.0,,,,,,,90.0,1.0,,,,,,,14.0,3.0,,6.3,,,1.0,,138.87833514258,,1.0,2.0,,1.0,,28.0,9.0,37.0,44.415,37.651668844058,3,,55.0,3.0,,,
2025-26,14025264,19,2,Leeds_United,Away,847097,199598,Ethan Ampadu,ethan-ampadu,M,False,,,1.0,5.0,18.0,23.0,1.0,4.0,6.0,3.0,,1.0,,,,,1.0,7.0,,1.0,0.00199178,0.4978,0.9595,1.0,0.0,,,,,4.0,,,,,,,,90.0,1.0,4.0,,,,,,21.0,,,7.0,,,,,45.61556529105,3.0,,,,4.0,,15.0,21.0,36.0,-20.79,,1,3.0,59.0,4.0,,,2.0
2025-26,14025264,19,2,Leeds_United,Away,871886,248056,Ao Tanaka,ao-tanaka,M,True,,,,,,,,,1.0,1.0,,,,,,,,,,,,,,,0.0,,,,,,,,,,,,,1.0,,,,,,,,2.0,,,,,,,,11.732295981606,,,,,2.0,,1.0,1.0,2.0,11.025,,0,,2.0,,,,
2025-26,14025264,19,2,Leeds_United,Away,889861,466525,Anton Stach,anton-stach,M,False,2.0,,1.0,9.0,8.0,17.0,4.0,3.0,11.0,7.0,,,1.0,2.0,,2.0,9.0,5.0,,,0.0373436,0.1813,,,0.0,,,,,,1.0,,,,,,,90.0,,,,,,,,15.0,1.0,,6.6,,,1.0,,100.70391303228,3.0,1.0,6.0,,2.0,,13.0,11.0,24.0,62.16,22.523041002493,2,2.0,45.0,1.0,,,1.0
2025-26,14025264,19,2,Leeds_United,Away,911679,486520,Ilia Gruev,ilia-gruev,M,False,,,2.0,10.0,21.0,31.0,,2.0,6.0,7.0,,,,3.0,,,3.0,7.0,,,0.0336157,,,,0.0,,,,,1.0,,,,,,,,89.0,,,,,,,,7.0,1.0,,7.3,,,,,39.148822254046,1.0,3.0,,,3.0,,12.0,25.0,37.0,16.485,8.2571106326608,0,2.0,46.0,1.0,,3.0,
2025-26,14025264,19,2,Leeds_United,Away,973431,427637,Brenden Aaronson,brenden-aaronson,M,False,,,1.0,8.0,5.0,13.0,,2.0,12.0,3.0,,,,1.0,,1.0,3.0,4.0,,,0.020386,,,1.0,0.0,,,,,,,,,,,,,70.0,,,,,,,,12.0,1.0,,6.5,,,,,118.29165663196,,1.0,,,1.0,,12.0,9.0,21.0,9.765,12.886257214568,0,1.0,29.0,3.0,,1.0,
2025-26,14025284,20,2,Leeds_United,Home,866191,180135,Sean Longstaff,sean-longstaff,M,True,,,,,,,,,,,,,,,,,,,,,,,,,,,,,,,,,,,,,,,,,,,,,,,,,,,,,,,,,,,,,,,,,,0,,,,,,
2025-26,14025284,20,2,Leeds_United,Home,871886,248056,Ao Tanaka,ao-tanaka,M,True,,,3.0,4.0,3.0,7.0,,,3.0,2.0,,,,,,,,1.0,,,0.0104648,,,,0.0,,,,,,,,,,,,,10.0,,,,,,,,2.0,,,6.9,,,,,23.778436949689,,,,,4.0,,6.0,3.0,9.0,10.71,,0,1.0,10.0,,,,
2025-26,14025284,20,2,Leeds_United,Home,889861,466525,Anton Stach,anton-stach,M,False,2.0,,2.0,23.0,15.0,38.0,2.0,1.0,9.0,6.0,,,,1.0,,2.0,6.0,7.0,,,0.19005,0.0185,,,0.0,,,,,1.0,4.0,,,,,,,90.0,,1.0,,,,,,21.0,2.0,,7.1,,,1.0,,103.98331056007,,1.0,8.0,,3.0,,33.0,17.0,50.0,19.11,36.329215892069,1,5.0,75.0,,1.0,,3.0
2025-26,14025284,20,2,Leeds_United,Home,911679,486520,Ilia Gruev,ilia-gruev,M,False,,,1.0,23.0,20.0,43.0,,2.0,7.0,3.0,,,,2.0,,,2.0,4.0,,,0.0312376,,,,0.0,,,,,,,,,,,,,80.0,,1.0,,,,,,8.0,,,6.9,,,,,42.259384139045,,,,,1.0,,27.0,24.0,51.0,-7.56,,0,2.0,57.0,,,,1.0
2025-26,14025284,20,2,Leeds_United,Home,973431,427637,Brenden Aaronson,brenden-aaronson,M,False,,,,18.0,8.0,26.0,1.0,2.0,18.0,8.0,,,,1.0,,3.0,9.0,2.0,,,0.15598,0.3196,0.6821,1.0,0.0,1.0,,,,1.0,1.0,,,,,,,87.0,1.0,,,,,,,18.0,3.0,,7.2,,,1.0,,168.40499520599,,3.0,1.0,,,,25.0,8.0,33.0,75.285,45.120687544823,2,,51.0,3.0,,,
2025-26,14025284,20,2,Leeds_United,Home,1584929,565863,Sam Chambers,sam-chambers,M,True,,,,,,,,,,,,,,,,,,,,,,,,,,,,,,,,,,,,,,,,,,,,,,,,,,,,,,,,,,,,,,,,,,0,,,,,,
2025-26,14025052,21,2,Leeds_United,Away,847097,199598,Ethan Ampadu,ethan-ampadu,M,False,,,1.0,22.0,17.0,39.0,3.0,1.0,9.0,6.0,,,,1.0,,1.0,9.0,7.0,,,0.0771842,,,4.0,0.0,,,,,3.0,,,,,,,,90.0,,1.0,,,,,,14.0,,,6.7,,,,,55.846548642203,1.0,,,,2.0,,27.0,17.0,44.0,3.99,,0,4.0,66.0,2.0,2.0,,2.0
2025-26,14025052,21,2,Leeds_United,Away,871886,248056,Ao Tanaka,ao-tanaka,M,True,,,,,1.0,1.0,1.0,,,1.0,,,,1.0,,,2.0,,,,6.41e-06,,,,0.0,,,,,,,,,,,,,1.0,,,,,,,,1.0,,,,,,,,,,,,,1.0,,1.0,1.0,2.0,,,0,,2.0,,,,
2025-26,14025052,21,2,Leeds_United,Away,889861,466525,Anton Stach,anton-stach,M,False,3.0,,,13.0,5.0,18.0,1.0,,9.0,4.0,1.0,,,,,1.0,3.0,5.0,,,0.312448,0.1042,0.0643,1.0,0.0,,,,,,4.0,1.0,,,,,,80.0,1.0,,,,,,,13.0,1.0,,7.2,,,1.0,,97.647708729733,,2.0,7.0,,1.0,,21.0,5.0,26.0,82.845,45.810267680947,2,3.0,42.0,,,2.0,1.0
2025-26,14025052,21,2,Leeds_United,Away,911679,486520,Ilia Gruev,ilia-gruev,M,False,,,2.0,19.0,13.0,32.0,1.0,,6.0,7.0,,,,1.0,,,2.0,5.0,,,0.0370843,,,,1.0,,,,,3.0,2.0,,,,,,,89.0,,,,,,,,5.0,,,7.2,,,,,36.848797125471,1.0,2.0,,,4.0,,22.0,14.0,36.0,10.605,,0,2.0,49.0,1.0,1.0,2.0,2.0
2025-26,14025052,21,2,Leeds_United,Away,973431,427637,Brenden Aaronson,brenden-aaronson,M,False,,,,16.0,11.0,27.0,1.0,2.0,12.0,7.0,,,,,,4.0,5.0,9.0,,,0.0717105,0.2195,1.0981,1.0,0.0,2.0,,,,,1.0,,,,,,,89.0,3.0,,,1.0,,,,18.0,3.0,,9.3,,,,,98.612554715552,,3.0,1.0,,,,23.0,12.0,35.0,70.665,43.19350613318,3,4.0,58.0,5.0,,3.0,1.0
2025-26,14025073,22,2,Leeds_United,Home,847097,199598,Ethan Ampadu,ethan-ampadu,M,False,2.0,,6.0,21.0,20.0,41.0,1.0,2.0,18.0,4.0,1.0,,,,,1.0,2.0,6.0,,,0.386855,,,,1.0,,,,,,4.0,,,,,,,90.0,,,,,,,,15.0,,,8.0,,,,,111.77458924404,1.0,1.0,3.0,,8.0,,29.0,20.0,49.0,36.855,,0,1.0,68.0,,2.0,1.0,1.0
2025-26,14025073,22,2,Leeds_United,Home,866191,180135,Sean Longstaff,sean-longstaff,M,True,,,,,,,,,,,,,,,,,,,,,,,,,,,,,,,,,,,,,,,,,,,,,,,,,,,,,,,,,,,,,,,,,,0,,,,,,
2025-26,14025073,22,2,Leeds_United,Home,871886,248056,Ao Tanaka,ao-tanaka,M,True,,,,3.0,3.0,6.0,,,3.0,2.0,,,,,,,,,,,0.00291539,,,,0.0,,,,,,,,,,,,,9.0,,,,,,,,1.0,,,6.6,,,,,25.521304156331,,,,,1.0,,3.0,4.0,7.0,21.735,,0,,8.0,,,,
2025-26,14025073,22,2,Leeds_United,Home,911679,486520,Ilia Gruev,ilia-gruev,M,False,,,,8.0,16.0,24.0,3.0,3.0,6.0,2.0,,,,,,1.0,4.0,3.0,,,0.00448152,0.0318,,,0.0,,,,,1.0,1.0,,,,,,,81.0,,,,,,,,9.0,,,6.6,,,1.0,,32.658003164205,1.0,,3.0,,,,11.0,17.0,28.0,4.305,,1,,37.0,,,,
2025-26,14025073,22,2,Leeds_United,Home,973431,427637,Brenden Aaronson,brenden-aaronson,M,False,1.0,,,8.0,7.0,15.0,2.0,,14.0,5.0,2.0,1.0,,,,7.0,11.0,6.0,,,0.170253,0.2596,,2.0,0.0,,,,,1.0,2.0,,,,,,,89.0,,1.0,,,,,,20.0,2.0,,6.7,,,1.0,,160.90124640379,,2.0,4.0,,,3.0,14.0,7.0,21.0,48.195,65.521087283737,1,2.0,55.0,2.0,2.0,2.0,1.0
2025-26,14025073,22,2,Leeds_United,Home,1117025,536916,Facundo Buonanotte,facundo-buonanotte,M,True,,,,,,,,,,,,,,,,,,,,,,,,,,,,,,,,,,,,,,,,,,,,,,,,,,,,,,,,,,,,,,,,,,0,,,,,,
2025-26,15129439,23,2,Leeds_United,Away,847097,199598,Ethan Ampadu,ethan-ampadu,M,False,,,1.0,18.0,23.0,41.0,1.0,2.0,14.0,9.0,,,,,,,2.0,6.0,,,0.0239668,0.0257,,1.0,0.0,,,,,3.0,,,,,,,,90.0,,,,,,,,10.0,1.0,,7.2,,,1.0,,142.03706026844,2.0,,,,4.0,,22.0,27.0,49.0,76.02,47.542304119594,1,3.0,68.0,,2.0,,2.0
2025-26,15129439,23,2,Leeds_United,Away,866191,180135,Sean Longstaff,sean-longstaff,M,True,1.0,,,1.0,,1.0,1.0,,1.0,,,,,,,,1.0,,,,0.0351317,0.0786,,,0.0,,,,,,1.0,,,,,,,10.0,,,,,,,,1.0,,,6.4,,,1.0,,3.4662371528792,,,2.0,,,,1.0,,1.0,-2.52,,1,,4.0,,,,
2025-26,15129439,23,2,Leeds_United,Away,871886,248056,Ao Tanaka,ao-tanaka,M,True,,,1.0,2.0,4.0,6.0,,,2.0,2.0,,,,,,,,2.0,,,0.00202042,,,,0.0,,,,,,,,,,,,,24.0,,,,,,,,4.0,,,6.6,,,,,14.069595441731,1.0,,,,2.0,,5.0,5.0,10.0,-3.465,,0,2.0,15.0,,,,1.0
2025-26,15129439,23,2,Leeds_United,Away,889861,466525,Anton Stach,anton-stach,M,False,1.0,,,8.0,5.0,13.0,,3.0,6.0,5.0,2.0,,,1.0,,2.0,7.0,8.0,,,0.375986,0.0852,0.1936,2.0,1.0,,,,,1.0,2.0,,,,,,,85.0,1.0,1.0,,,,,,15.0,1.0,,7.5,,,,,64.521157231906,4.0,2.0,4.0,,1.0,,14.0,5.0,19.0,52.08,29.952877808318,1,5.0,44.0,2.0,,,4.0
2025-26,15129439,23,2,Leeds_United,Away,911679,486520,Ilia Gruev,ilia-gruev,M,False,,,1.0,9.0,22.0,31.0,2.0,1.0,6.0,2.0,,,,1.0,,,4.0,1.0,,,0.00428113,0.0408,,1.0,0.0,,,,,,,,,,,,,66.0,,,,,,,,5.0,,,6.4,,,1.0,,47.162096255061,,,1.0,,1.0,,13.0,22.0,35.0,27.405,,1,,40.0,,,,
2025-26,15129439,23,2,Leeds_United,Away,973431,427637,Brenden Aaronson,brenden-aaronson,M,False,,,1.0,15.0,8.0,23.0,1.0,,19.0,6.0,,,,3.0,,2.0,11.0,5.0,,,0.0939692,0.0541,0.1786,1.0,0.0,,,,,,1.0,,,,,,,85.0,1.0,1.0,,,,,,14.0,7.0,,6.8,,,,,216.08946988958,2.0,5.0,1.0,,2.0,,16.0,10.0,26.0,130.725,119.63369877985,1,3.0,50.0,1.0,2.0,,2.0
2025-26,15129439,23,2,Leeds_United,Away,1117025,536916,Facundo Buonanotte,facundo-buonanotte,M,True,,,,2.0,,2.0,,,2.0,1.0,,,1.0,1.0,,,1.0,,,,0.00612322,0.0401,,,0.0,,,,,1.0,,,,,,,,10.0,,,,,,,,1.0,,,6.5,,,,,16.10571670236,,,,,,,3.0,,3.0,14.28,,1,,5.0,,,,
2025-26,14025134,24,2,Leeds_United,Home,847097,199598,Ethan Ampadu,ethan-ampadu,M,False,,,1.0,28.0,21.0,49.0,,,15.0,4.0,,,,,,,2.0,2.0,,,0.0231333,0.0205,,2.0,0.0,,,,,1.0,,,,,,,,90.0,,,,,,,,11.0,,,6.8,,,1.0,,110.5997772277,2.0,,2.0,,3.0,,33.0,21.0,54.0,48.450828227524,,1,1.0,67.0,3.0,1.0,,1.0
2025-26,14025134,24,2,Leeds_United,Home,866191,180135,Sean Longstaff,sean-longstaff,M,True,,,2.0,9.0,9.0,18.0,,,5.0,2.0,,,1.0,,,,,2.0,,,0.00421497,0.0259,,,0.0,,,,,1.0,,,,,,,,45.0,,,,,,,,1.0,1.0,,6.6,,,,,74.135836374839,1.0,,1.0,,2.0,,9.0,9.0,18.0,43.477853104742,26.560815951322,1,2.0,26.0,,,,
2025-26,14025134,24,2,Leeds_United,Home,871886,248056,Ao Tanaka,ao-tanaka,M,True,,,,,,,,,,,,,,,,,,,,,,,,,,,,,,,,,,,,,,,,,,,,,,,,,,,,,,,,,,,,,,,,,,0,,,,,,
2025-26,14025134,24,2,Leeds_United,Home,889861,466525,Anton Stach,anton-stach,M,False,1.0,,,14.0,11.0,25.0,,,4.0,5.0,,,,1.0,,,1.0,8.0,,,0.067973,,,,0.0,,,,,,1.0,,,,,,,81.0,,,,,,,,11.0,,,7.4,,,,,29.483915362327,2.0,4.0,6.0,,,,16.0,13.0,29.0,16.35725666105,,0,4.0,52.0,2.0,,4.0,2.0
2025-26,14025134,24,2,Leeds_United,Home,911679,486520,Ilia Gruev,ilia-gruev,M,False,,,,5.0,13.0,18.0,1.0,1.0,4.0,1.0,,,,,,1.0,2.0,2.0,,,0.00156799,,,,0.0,,,,,,,,,,,,,45.0,,,,,,,,4.0,,,6.5,,,,,23.045758360091,3.0,,,,,,6.0,15.0,21.0,14.30797151158,,0,,26.0,,1.0,,
2025-26,14025134,24,2,Leeds_United,Home,973431,427637,Brenden Aaronson,brenden-aaronson,M,False,,,,12.0,5.0,17.0,3.0,1.0,12.0,3.0,,,,2.0,,2.0,12.0,2.0,,,0.0145424,,,1.0,0.0,,,,,,,,,,,,,71.0,,,,,,,,12.0,1.0,,5.8,,,,,103.51142652742,,5.0,,,,,15.0,5.0,20.0,58.177096041701,12.918472974775,0,,34.0,3.0,,1.0,
2025-26,14025134,24,2,Leeds_United,Home,1117025,536916,Facundo Buonanotte,facundo-buonanotte,M,True,,,,2.0,,2.0,,1.0,4.0,,,,,1.0,,,3.0,1.0,,,0.00118713,,,1.0,0.0,,,,,,,,,,,,,19.0,,,,,,,,6.0,1.0,,6.3,,,,,39.978929724844,,1.0,,,1.0,,5.0,,5.0,28.67332882467,14.899232329217,0,,11.0,2.0,,,
2025-26,14025170,25,2,Leeds_United,Home,828639,200617,Daniel James,daniel-james,M,True,,,,3.0,,3.0,1.0,,1.0,1.0,,,,1.0,,,2.0,,,,0.0122459,,,,0.0,,,,,,,,,,,,,12.0,,,,,,,,2.0,1.0,,6.3,,,,,13.678386454549,,,,,,,5.0,,5.0,13.64802374623,13.678386454549,0,,5.0,,,,
2025-26,14025170,25,2,Leeds_United,Home,847097,199598,Ethan Ampadu,ethan-ampadu,M,False,,,4.0,17.0,25.0,42.0,,4.0,11.0,1.0,,,,,,,1.0,6.0,,,0.0348844,,,1.0,0.0,,,,,1.0,1.0,,,,,,,90.0,,,,,,,,13.0,2.0,,7.3,,,,,90.359356699662,3.0,,,,5.0,,23.0,31.0,54.0,49.993538377076,44.015810122219,0,2.0,64.0,,,,1.0
2025-26,14025170,25,2,Leeds_United,Home,866191,180135,Sean Longstaff,sean-longstaff,M,True,,,,1.0,1.0,2.0,1.0,,1.0,,,,,1.0,,1.0,4.0,,,,0.00082771,,,1.0,0.0,,,,,,,,,,,,,8.0,,,,,,,,2.0,,,6.1,,,,,33.926518845882,,,,,,,2.0,1.0,3.0,-28.548037617052,,0,,4.0,,,,
2025-26,14025170,25,2,Leeds_United,Home,871886,248056,Ao Tanaka,ao-tanaka,M,True,,,,,,,,,,,,,,,,,,,,,,,,,,,,,,,,,,,,,,,,,,,,,,,,,,,,,,,,,,,,,,,,,,0,,,,,,
2025-26,14025170,25,2,Leeds_United,Home,911679,486520,Ilia Gruev,ilia-gruev,M,False,1.0,,1.0,23.0,21.0,44.0,1.0,,9.0,4.0,2.0,1.0,1.0,2.0,,,3.0,2.0,,,0.426446,0.2883,0.1981,,2.0,,,,,1.0,4.0,,,,,,,90.0,1.0,1.0,,,,,,4.0,,,8.1,,,,,69.864311059156,2.0,1.0,4.0,,1.0,,23.0,22.0,45.0,22.197992624837,,2,,58.0,,1.0,1.0,
2025-26,14025170,25,2,Leeds_United,Home,973431,427637,Brenden Aaronson,brenden-aaronson,M,False,,,,8.0,10.0,18.0,1.0,,15.0,7.0,,,2.0,,,5.0,7.0,10.0,,,0.0386716,0.2131,,,0.0,,,,,,1.0,,,,,,,78.0,,,,,,,,16.0,1.0,,6.6,,,,,181.52410112468,,3.0,,,3.0,,12.0,10.0,22.0,12.153428440768,26.518979637233,2,2.0,52.0,5.0,6.0,2.0,1.0
2025-26,14025188,26,2,Leeds_United,Away,828639,200617,Daniel James,daniel-james,M,True,,,,3.0,,3.0,,,,,,,,,,,,,,,0.00441129,,,,0.0,,,,,,,,,,,,,8.0,,,,,,,,1.0,,,6.6,,,,,,1.0,,,,,,4.0,,4.0,,,0,,5.0,,,,
2025-26,14025188,26,2,Leeds_United,Away,847097,199598,Ethan Ampadu,ethan-ampadu,M,False,,,2.0,15.0,13.0,28.0,1.0,1.0,1.0,2.0,,,,,,,2.0,1.0,,,0.0123486,,,1.0,0.0,,,,,2.0,,,,,,,,90.0,,1.0,,,,,,10.0,0.0,,6.6,,,,,4.2443543678633,1.0,,1.0,,4.0,,17.0,15.0,32.0,3.46414137758,,0,,43.0,,,,
2025-26,14025188,26,2,Leeds_United,Away,866191,180135,Sean Longstaff,sean-longstaff,M,True,,,,,,,,,,,,,,,,,1.0,,,,,,,1.0,0.0,,,,,,,,,,,,,1.0,,,,,,,,,,,,,,,,,,,,,,,,,,,,0,,,,,,
2025-26,14025188,26,2,Leeds_United,Away,871886,248056,Ao Tanaka,ao-tanaka,M,True,,,,,,,,,,,,,,,,,,,,,,,,,,,,,,,,,,,,,,,,,,,,,,,,,,,,,,,,,,,,,,,,,,0,,,,,,
2025-26,14025188,26,2,Leeds_United,Away,911679,486520,Ilia Gruev,ilia-gruev,M,False,1.0,,3.0,14.0,26.0,40.0,1.0,,8.0,1.0,,,,,,1.0,3.0,3.0,,,0.0270863,,,1.0,0.0,,,,,2.0,1.0,,,,,,,90.0,,,,,,,,6.0,0.0,,6.8,,,,,53.651873356171,1.0,,1.0,,4.0,,18.0,26.0,44.0,6.3854344400549,,0,3.0,58.0,1.0,,,1.0
2025-26,14025188,26,2,Leeds_United,Away,973431,427637,Brenden Aaronson,brenden-aaronson,M,False,,,,12.0,5.0,17.0,1.0,,5.0,3.0,,,1.0,1.0,,1.0,5.0,2.0,,,0.00953912,0.0318,,1.0,0.0,,,,,,,,,,,,,89.0,,,,,,,,3.0,0.0,,6.2,,,,,37.105640949663,,1.0,,,1.0,,13.0,5.0,18.0,-4.2558620184093,,1,1.0,26.0,,1.0,,1.0
2025-26,14025188,26,2,Leeds_United,Away,1117025,536916,Facundo Buonanotte,facundo-buonanotte,M,True,,,,,,,,,,,,,,,,,,,,,,,,,,,,,,,,,,,,,,,,,,,,,,,,,,,,,,,,,,,,,,,,,,0,,,,,,
2025-26,14025215,27,2,Leeds_United,Away,828639,200617,Daniel James,daniel-james,M,True,,,,,,,,,,,,,,,,,,,,,,,,,,,,,,,,,,,,,,,,,,,,,,,,,,,,,,,,,,,,,,,,,,0,,,,,,
2025-26,14025215,27,2,Leeds_United,Away,847097,199598,Ethan Ampadu,ethan-ampadu,M,False,1.0,,2.0,12.0,11.0,23.0,,2.0,15.0,9.0,,,,,,,2.0,8.0,,,0.0134036,,,2.0,0.0,,,,,2.0,1.0,,,,,,,90.0,,,,,,,,9.0,2.0,,7.6,,,,,171.01105264947,5.0,,1.0,,4.0,,16.0,12.0,28.0,71.49061773148,73.582554864617,0,5.0,51.0,1.0,1.0,,1.0
2025-26,14025215,27,2,Leeds_United,Away,866191,180135,Sean Longstaff,sean-longstaff,M,True,1.0,,,1.0,,1.0,,,,,,,,1.0,,,1.0,1.0,,,0.186482,,,,0.0,,,,,,1.0,,,,,,,13.0,,,,,,,,3.0,,,6.7,,,,,,,1.0,3.0,,1.0,,2.0,,2.0,,,0,,6.0,,,1.0,
2025-26,14025215,27,2,Leeds_United,Away,871886,248056,Ao Tanaka,ao-tanaka,M,True,,,,,,,,,,,,,,,,,,,,,,,,,,,,,,,,,,,,,,,,,,,,,,,,,,,,,,,,,,,,,,,,,,0,,,,,,
2025-26,14025215,27,2,Leeds_United,Away,889861,466525,Anton Stach,anton-stach,M,False,2.0,,,7.0,2.0,9.0,2.0,1.0,10.0,6.0,,,2.0,,,1.0,6.0,2.0,,,0.342008,0.0725,0.2513,1.0,0.0,1.0,,,,2.0,2.0,,,,,,,83.0,1.0,1.0,,,,,,10.0,1.0,,8.2,,,,,97.16974721838,2.0,2.0,4.0,,3.0,,11.0,2.0,13.0,53.301349537395,29.088935628517,3,,36.0,1.0,1.0,,
2025-26,14025215,27,2,Leeds_United,Away,911679,486520,Ilia Gruev,ilia-gruev,M,False,,,,6.0,18.0,24.0,2.0,,4.0,1.0,,,,2.0,,2.0,9.0,3.0,,,0.0149367,0.079,,3.0,0.0,,,,,2.0,,,,,,,,90.0,,,,,,,,7.0,0.0,,6.0,,,2.0,,23.977254799108,2.0,,,,1.0,,7.0,19.0,26.0,-0.57887183739184,,2,3.0,42.0,2.0,,,1.0
2025-26,14025215,27,2,Leeds_United,Away,973431,427637,Brenden Aaronson,brenden-aaronson,M,False,,,,5.0,4.0,9.0,6.0,1.0,9.0,3.0,,,,3.0,,3.0,13.0,5.0,,,0.00692986,,,,0.0,,,,,1.0,,,,,,,,73.0,,,,,,,,10.0,1.0,,6.1,,,,,74.490206492561,,2.0,1.0,,,,7.0,6.0,13.0,38.567521653891,19.368149111363,0,1.0,33.0,1.0,2.0,1.0,1.0
2025-26,14023974,28,2,Leeds_United,Home,828639,200617,Daniel James,daniel-james,M,True,,,,3.0,1.0,4.0,,,3.0,,,,,,,,,,,,0.0013674,,,,0.0,,,,,,,,,,,,,14.0,,,,,,,,4.0,0.0,,6.6,,,,,21.010608043485,,,3.0,,,,4.0,1.0,5.0,11.241410751522,,0,,8.0,,,,
2025-26,14023974,28,2,Leeds_United,Home,847097,199598,Ethan Ampadu,ethan-ampadu,M,False,2.0,,2.0,12.0,20.0,32.0,1.0,2.0,10.0,11.0,,,2.0,3.0,,1.0,7.0,6.0,,1.0,0.110806,0.053,,1.0,0.0,,,,,,2.0,,,,,,,90.0,,,,,,,,23.0,0.0,,7.0,,,,,61.710929311903,4.0,1.0,3.0,,7.0,,17.0,27.0,44.0,-6.9623994886748,,2,4.0,71.0,2.0,,,1.0
2025-26,14023974,28,2,Leeds_United,Home,866191,180135,Sean Longstaff,sean-longstaff,M,True,,,,,,,,,,,,,,,,,,,,,,,,,,,,,,,,,,,,,,,,,,,,,,,,,,,,,,,,,,,,,,,,,,0,,,,,,
2025-26,14023974,28,2,Leeds_United,Home,871886,248056,Ao Tanaka,ao-tanaka,M,True,,,,,,,,,,,,,,,,,,,,,,,,,,,,,,,,,,,,,,,,,,,,,,,,,,,,,,,,,,,,,,,,,,0,,,,,,
2025-26,14023974,28,2,Leeds_United,Home,889861,466525,Anton Stach,anton-stach,M,False,2.0,,3.0,12.0,9.0,21.0,2.0,1.0,7.0,6.0,2.0,,1.0,7.0,,1.0,11.0,6.0,,,0.161963,0.0171,,,0.0,,,,,1.0,4.0,,,,,,,90.0,,,,,,,,17.0,1.0,,6.8,,,,,65.543989427734,,2.0,8.0,,3.0,,20.0,9.0,29.0,43.776814079055,21.684929697834,1,3.0,50.0,1.0,1.0,1.0,1.0
2025-26,14023974,28,2,Leeds_United,Home,911679,486520,Ilia Gruev,ilia-gruev,M,False,,,,5.0,8.0,13.0,2.0,,3.0,,,,,1.0,,,6.0,1.0,,,0.0492717,,,3.0,0.0,,,,,1.0,,,,,,,,75.0,,1.0,,,,,,6.0,0.0,,6.3,,,,,26.550349079469,3.0,,,,1.0,,9.0,8.0,17.0,1.2395460842757,,0,,26.0,1.0,1.0,,
2025-26,14023974,28,2,Leeds_United,Home,973431,427637,Brenden Aaronson,brenden-aaronson,M,False,1.0,,,3.0,2.0,5.0,1.0,,6.0,3.0,1.0,1.0,1.0,1.0,,1.0,8.0,3.0,,,0.100006,0.5388,0.3199,,0.0,,,,,,1.0,,,,,,,65.0,1.0,,,,,,,14.0,2.0,,6.1,,,1.0,,70.96334610667,,5.0,1.0,,2.0,,9.0,3.0,12.0,31.786177100303,43.624312173675,3,3.0,30.0,1.0,,,
2025-26,14023982,29,2,Leeds_United,Home,828639,200617,Daniel James,daniel-james,M,True,1.0,,,7.0,1.0,8.0,,,11.0,2.0,,,,,,,1.0,2.0,,,0.0172557,,,,0.0,,,,,,1.0,,,,,,,16.0,,,,,,,,8.0,1.0,,6.7,,,,,101.21489064604,,3.0,5.0,,,,8.0,2.0,10.0,55.304463254232,19.349829559973,0,,19.0,1.0,,2.0,
2025-26,14023982,29,2,Leeds_United,Home,847097,199598,Ethan Ampadu,ethan-ampadu,M,False,,,2.0,32.0,21.0,53.0,1.0,3.0,15.0,3.0,,,1.0,1.0,,,3.0,8.0,,,0.0998152,0.0527,,2.0,0.0,,,,,1.0,2.0,,,,,,,90.0,,1.0,,1.0,,,,15.0,2.0,,7.4,,,,,138.32052210107,2.0,1.0,,,6.0,,40.0,22.0,62.0,50.434911737775,47.117876838438,1,3.0,82.0,1.0,1.0,1.0,1.0
2025-26,14023982,29,2,Leeds_United,Home,866191,180135,Sean Longstaff,sean-longstaff,M,True,,,,,,,,,,,,,,,,,,,,,,,,,,,,,,,,,,,,,,,,,,,,,,,,,,,,,,,,,,,,,,,,,,0,,,,,,
2025-26,14023982,29,2,Leeds_United,Home,871886,248056,Ao Tanaka,ao-tanaka,M,True,,,,,,,,,,,,,,,,,,,,,,,,,,,,,,,,,,,,,,,,,,,,,,,,,,,,,,,,,,,,,,,,,,0,,,,,,
2025-26,14023982,29,2,Leeds_United,Home,889861,466525,Anton Stach,anton-stach,M,False,2.0,,,25.0,8.0,33.0,1.0,5.0,12.0,4.0,,,2.0,,,1.0,5.0,13.0,,,0.20284,0.1636,0.3869,2.0,0.0,,,,,1.0,2.0,,,,,,,90.0,1.0,,,,,,,24.0,2.0,,7.5,,,,,100.44443731749,2.0,1.0,13.0,,1.0,,30.0,11.0,41.0,44.261404738765,33.005190472003,3,6.0,75.0,1.0,2.0,,3.0
2025-26,14023982,29,2,Leeds_United,Home,911679,486520,Ilia Gruev,ilia-gruev,M,False,,,2.0,10.0,24.0,34.0,2.0,1.0,8.0,1.0,,,,1.0,,,5.0,1.0,,,0.00865958,,,2.0,0.0,,,,,,1.0,,,,,,,62.0,,,,,,,,5.0,0.0,,6.5,,,,,57.595470174498,,,,,3.0,,12.0,26.0,38.0,-4.9542328104586,,0,,45.0,1.0,,,
2025-26,14023982,29,2,Leeds_United,Home,973431,427637,Brenden Aaronson,brenden-aaronson,M,False,,,1.0,10.0,4.0,14.0,2.0,2.0,8.0,3.0,,,2.0,,,1.0,6.0,7.0,,,0.00512203,0.0998,,1.0,0.0,,,,,,,,,,,,,74.0,,,,,,,,16.0,2.0,,6.6,,,,,80.564027391798,1.0,2.0,2.0,,3.0,,15.0,6.0,21.0,24.223787152347,34.219475246236,2,1.0,41.0,4.0,4.0,,
2025-26,14023991,30,2,Leeds_United,Away,828639,200617,Daniel James,daniel-james,M,True,,,,,,,,,,,,,,,,,,,,,,,,,,,,,,,,,,,,,,,,,,,,,,,,,,,,,,,,,,,,,,,,,,0,,,,,,
2025-26,14023991,30,2,Leeds_United,Away,847097,199598,Ethan Ampadu,ethan-ampadu,M,False,,,4.0,11.0,10.0,21.0,2.0,5.0,7.0,3.0,,,1.0,,,,2.0,12.0,,,0.122107,0.0459,,,0.0,,,,,2.0,,,,,,,,90.0,,2.0,,,,,,19.0,0.0,,8.1,,,,,41.598784583636,2.0,1.0,,,8.0,,18.0,12.0,30.0,-11.919433798001,,1,3.0,60.0,,3.0,1.0,3.0
2025-26,14023991,30,2,Leeds_United,Away,866191,180135,Sean Longstaff,sean-longstaff,M,True,,,,,,,,,,,,,,,,,,,,,,,,,,,,,,,,,,,,,,,,,,,,,,,,,,,,,,,,,,,,,,,,,,0,,,,,,
2025-26,14023991,30,2,Leeds_United,Away,871886,248056,Ao Tanaka,ao-tanaka,M,True,,,,,,,,,,,,,,,,,,,,,,,,,,,,,,,,,,,,,,,,,,,,,,,,,,,,,,,,,,,,,,,,,,0,,,,,,
2025-26,14023991,30,2,Leeds_United,Away,889861,466525,Anton Stach,anton-stach,M,False,2.0,,2.0,7.0,3.0,10.0,2.0,3.0,3.0,4.0,,,,3.0,,1.0,7.0,5.0,,,0.192899,0.0174,0.0147,1.0,0.0,,,,,1.0,3.0,,,,,,,90.0,1.0,1.0,,,,,,19.0,0.0,,7.1,,,,,18.935532676321,4.0,,5.0,,5.0,,17.0,6.0,23.0,-8.3996777473643,,1,2.0,44.0,2.0,,,1.0
2025-26,14023991,30,2,Leeds_United,Away,911679,486520,Ilia Gruev,ilia-gruev,M,True,,,,,5.0,5.0,1.0,,,,,,,,,,1.0,1.0,,,8.545e-05,,,,0.0,,,,,,,,,,,,,45.0,,1.0,,,,,,2.0,,,6.6,,,,,,,,,,1.0,,1.0,5.0,6.0,,,0,1.0,11.0,1.0,,,
2025-26,14023991,30,2,Leeds_United,Away,973431,427637,Brenden Aaronson,brenden-aaronson,M,False,1.0,,,3.0,3.0,6.0,2.0,,3.0,2.0,,,1.0,,,1.0,7.0,,,,0.0537076,0.0536,,2.0,0.0,,,,,,1.0,,,,,,,45.0,,,,,,,,7.0,0.0,,6.0,,,1.0,,19.180242979008,2.0,2.0,3.0,,,,3.0,5.0,8.0,2.4454737333465,,2,,19.0,,,,
2025-26,14024018,31,2,Leeds_United,Home,828639,200617,Daniel James,daniel-james,M,True,,,,3.0,,3.0,1.0,,7.0,3.0,,,,,,,1.0,2.0,,,0.00402216,,,,0.0,,,,,,,,,,,,,15.0,,,,,,,,10.0,3.0,,6.9,,,,,117.7905496557,,,7.0,,,,5.0,,5.0,81.955631949992,85.405415248897,0,1.0,15.0,1.0,1.0,,1.0
2025-26,14024018,31,2,Leeds_United,Home,847097,199598,Ethan Ampadu,ethan-ampadu,M,False,,,5.0,40.0,26.0,66.0,1.0,4.0,28.0,7.0,,,,,,,3.0,8.0,,,0.29918,0.0205,0.0089,2.0,0.0,,,,,1.0,,,,,,,,90.0,1.0,,,,,,,16.0,3.0,,8.2,,,,,222.8114442247,2.0,1.0,1.0,,5.0,,47.0,27.0,74.0,64.47783786739,51.881229256749,1,3.0,99.0,2.0,1.0,,1.0
2025-26,14024018,31,2,Leeds_United,Home,866191,180135,Sean Longstaff,sean-longstaff,M,True,,,,,,,,,,,,,,,,,,,,,,,,,,,,,,,,,,,,,,,,,,,,,,,,,,,,,,,,,,,,,,,,,,0,,,,,,
2025-26,14024018,31,2,Leeds_United,Home,871886,248056,Ao Tanaka,ao-tanaka,M,True,1.0,,,8.0,2.0,10.0,,1.0,1.0,,,,1.0,,,,,1.0,,,0.0367701,0.0199,,,0.0,,,,,,,,,,,,,22.0,,,,,,,,,0.0,,6.8,,,,,13.198569960416,,,1.0,,,,8.0,2.0,10.0,10.520930464813,,1,,13.0,,,,
2025-26,14024018,31,2,Leeds_United,Home,889861,466525,Anton Stach,anton-stach,M,False,2.0,,1.0,25.0,17.0,42.0,3.0,2.0,15.0,4.0,,,2.0,2.0,,,6.0,4.0,,,0.110055,0.0963,,1.0,0.0,,,,,1.0,3.0,,,,,,,90.0,,,,,,,,20.0,2.0,,6.9,,,,,126.90718068615,3.0,1.0,10.0,,3.0,,30.0,19.0,49.0,29.065116233347,51.125150137624,2,1.0,77.0,4.0,,1.0,
2025-26,14024018,31,2,Leeds_United,Home,911679,486520,Ilia Gruev,ilia-gruev,M,True,,,,,,,,,,,,,,,,,,,,,,,,,,,,,,,,,,,,,,,,,,,,,,,,,,,,,,,,,,,,,,,,,,0,,,,,,
2025-26,14024018,31,2,Leeds_United,Home,973431,427637,Brenden Aaronson,brenden-aaronson,M,False,,,,5.0,2.0,7.0,6.0,,9.0,4.0,,,,1.0,,3.0,11.0,4.0,,,0.00640371,0.0366,,,0.0,,,,,,1.0,,,,,,,68.0,,,,,,,,10.0,1.0,,6.1,,,1.0,,80.570641203169,,2.0,,,1.0,,9.0,2.0,11.0,54.339893813752,28.874992640692,1,1.0,30.0,2.0,2.0,1.0,
2025-26,14025024,32,2,Leeds_United,Away,847097,199598,Ethan Ampadu,ethan-ampadu,M,False,,,6.0,31.0,15.0,46.0,,,16.0,5.0,,,1.0,,,,1.0,3.0,,,0.118342,0.0958,,2.0,0.0,,,,,3.0,1.0,,,,,,,90.0,,1.0,,,,,,8.0,0.0,,7.0,,,,,123.46011626789,2.0,,,,7.0,,34.0,16.0,50.0,17.719267979266,,1,2.0,66.0,3.0,1.0,,2.0
2025-26,14025024,32,2,Leeds_United,Away,866191,180135,Sean Longstaff,sean-longstaff,M,True,,,,5.0,,5.0,,,1.0,,,,,,,,,,,,0.00240129,,,,0.0,,,,,,,,,,,,,12.0,,,,,,,,,0.0,,6.6,,,,,5.9031462797393,,,,,,,5.0,,5.0,-2.3042377174431,,0,,5.0,,,,
2025-26,14025024,32,2,Leeds_United,Away,871886,248056,Ao Tanaka,ao-tanaka,M,False,6.0,,1.0,19.0,23.0,42.0,2.0,,11.0,2.0,,1.0,,,,1.0,3.0,3.0,,,0.51918,0.5864,,,0.0,,,,,2.0,4.0,,,,,,,74.0,1.0,1.0,,,,,,9.0,0.0,,7.7,,,,,94.891146516973,1.0,1.0,6.0,,4.0,,24.0,26.0,50.0,14.247133530404,,1,2.0,67.0,,,1.0,
2025-26,14025024,32,2,Leeds_United,Away,911679,486520,Ilia Gruev,ilia-gruev,M,True,,,,10.0,5.0,15.0,,2.0,2.0,1.0,,,,,,,,2.0,,,0.0137171,0.0263,,,0.0,,,,,,,,,,,,,16.0,,,,,,,,,0.0,,7.0,,,1.0,,16.642722559026,2.0,,,,,,10.0,5.0,15.0,-10.431124758505,,1,,18.0,,,,
2025-26,14025024,32,2,Leeds_United,Away,973431,427637,Brenden Aaronson,brenden-aaronson,M,False,,,1.0,22.0,6.0,28.0,3.0,2.0,14.0,5.0,,,1.0,3.0,,4.0,11.0,5.0,,,0.0251853,0.0976,,1.0,1.0,,,,,,2.0,,,,,,,86.0,,,,,,,,8.0,1.0,,6.3,,,,,109.16820517665,1.0,1.0,,,1.0,,26.0,6.0,32.0,-15.911597976689,16.117149251651,1,1.0,45.0,,1.0,1.0,
2025-26,14025024,32,2,Leeds_United,Away,1117025,536916,Facundo Buonanotte,facundo-buonanotte,M,True,,,,,,,,,,,,,,,,,,,,,,,,,,,,,,,,,,,,,,,,,,,,,,,,,,,,,,,,,,,,,,,,,,0,,,,,,
2025-26,14025036,33,2,Leeds_United,Home,847097,199598,Ethan Ampadu,ethan-ampadu,M,False,,,3.0,16.0,36.0,52.0,3.0,1.0,12.0,4.0,,1.0,1.0,,,,4.0,1.0,,,0.0115506,0.5055,0.3353,1.0,0.0,,,,,1.0,,,,,,,,90.0,1.0,,,,,,,13.0,1.0,,7.1,,,1.0,,115.76383263113,,,,,6.0,,22.0,38.0,60.0,31.143757653584,34.958413922831,3,,72.0,2.0,,,
2025-26,14025036,33,2,Leeds_United,Home,866191,180135,Sean Longstaff,sean-longstaff,M,True,,,,3.0,,3.0,,,1.0,,,,,,,1.0,1.0,1.0,,,0.133536,,,,0.0,,,,,,1.0,,,,,,,1.0,,,,,,,,1.0,0.0,,,,,,,5.2291514608013,,1.0,,,,,3.0,,3.0,3.7734202758055,,0,,5.0,,,1.0,
2025-26,14025036,33,2,Leeds_United,Home,871886,248056,Ao Tanaka,ao-tanaka,M,False,4.0,,3.0,17.0,23.0,40.0,,1.0,9.0,5.0,,,1.0,1.0,,,5.0,3.0,,,0.164003,0.029,,3.0,0.0,,,,,1.0,4.0,,,,,,,89.0,,,,,,,,12.0,1.0,,7.3,,,,,81.192931198707,1.0,1.0,9.0,,3.0,,20.0,24.0,44.0,21.386340716246,23.387631688566,1,,64.0,1.0,2.0,,
2025-26,14025036,33,2,Leeds_United,Home,911679,486520,Ilia Gruev,ilia-gruev,M,True,,,,1.0,4.0,5.0,,,,1.0,,,,1.0,,,1.0,,,,0.00018586,,,,0.0,,,,,,,,,,,,,12.0,,,,,,,,5.0,,,6.5,,,,,,1.0,,,,,,3.0,6.0,9.0,,,0,,12.0,1.0,,,
2025-26,14025036,33,2,Leeds_United,Home,973431,427637,Brenden Aaronson,brenden-aaronson,M,False,,,,9.0,7.0,16.0,,,11.0,5.0,1.0,,,1.0,,3.0,5.0,5.0,,,0.00914671,,,,1.0,,,,,1.0,1.0,,,,,,,78.0,,,,,,,,10.0,2.0,,7.2,,,,,96.473591829302,1.0,3.0,1.0,,,,10.0,8.0,18.0,44.511448082143,41.468290591654,0,,37.0,2.0,3.0,2.0,
2025-26,14025036,33,2,Leeds_United,Home,1117025,536916,Facundo Buonanotte,facundo-buonanotte,M,True,,,,,,,,,,,,,,,,,,,,,,,,,,,,,,,,,,,,,,,,,,,,,,,,,,,,,,,,,,,,,,,,,,0,,,,,,
2025-26,14025044,34,2,Leeds_United,Away,828639,200617,Daniel James,daniel-james,M,True,,,,,,,,,,,,,,,,,,,,,,,,,,,,,,,,,,,,,,,,,,,,,,,,,,,,,,,,,,,,,,,,,,0,,,,,,
2025-26,14025044,34,2,Leeds_United,Away,847097,199598,Ethan Ampadu,ethan-ampadu,M,False,,,3.0,11.0,22.0,33.0,1.0,1.0,14.0,5.0,,,,1.0,,1.0,4.0,8.0,,1.0,0.0324939,,,1.0,0.0,,,,,1.0,1.0,,,,,,,90.0,,1.0,,,,,,10.0,1.0,,7.2,,,,,125.69971393681,5.0,,,,5.0,,15.0,24.0,39.0,55.323579325826,29.766459581213,0,4.0,63.0,,3.0,,3.0
2025-26,14025044,34,2,Leeds_United,Away,866191,180135,Sean Longstaff,sean-longstaff,M,True,,,,1.0,,1.0,,1.0,,1.0,,,,,,,1.0,1.0,,,0.00020949,0.15,0.8416,1.0,0.0,1.0,,,,,,,,,,,,15.0,1.0,,,,,,,4.0,,,7.4,,,,,,,,1.0,,,,4.0,,4.0,,,1,,8.0,,,,
2025-26,14025044,34,2,Leeds_United,Away,871886,248056,Ao Tanaka,ao-tanaka,M,False,,,4.0,18.0,19.0,37.0,1.0,,12.0,7.0,,,,1.0,,,3.0,1.0,,,0.0150291,,,1.0,0.0,,,,,,1.0,,,,,,,89.0,,,,,,,,7.0,0.0,,6.6,,,,,78.43078517561,2.0,,2.0,,4.0,,20.0,19.0,39.0,14.552566997719,,0,1.0,49.0,2.0,,,1.0
2025-26,14025044,34,2,Leeds_United,Away,973431,427637,Brenden Aaronson,brenden-aaronson,M,False,,,,14.0,6.0,20.0,1.0,2.0,14.0,3.0,,,,,,,4.0,4.0,,,0.115288,0.0285,0.0946,1.0,0.0,,,,,1.0,2.0,,,,,,,84.0,1.0,,,,,,,7.0,4.0,,7.0,,,,,156.40072793864,3.0,4.0,,,,,18.0,6.0,24.0,113.69757021002,85.379302185049,1,,41.0,1.0,,2.0,
2025-26,14025044,34,2,Leeds_United,Away,1117025,536916,Facundo Buonanotte,facundo-buonanotte,M,True,,,,,,,,,,,,,,,,,,,,,,,,,,,,,,,,,,,,,,,,,,,,,,,,,,,,,,,,,,,,,,,,,,0,,,,,,
2025-26,14023940,35,2,Leeds_United,Home,828639,200617,Daniel James,daniel-james,M,True,,,,,,,,,,,,,,,,,,,,,,0.0517,0.0602,,0.0,,,,,,,,,,,,,1.0,1.0,,,,,,,,,,,,,,,,,,,,,,,,,,,1,,1.0,,,,
2025-26,14023940,35,2,Leeds_United,Home,847097,199598,Ethan Ampadu,ethan-ampadu,M,False,,,2.0,24.0,25.0,49.0,,1.0,18.0,5.0,,,2.0,,,1.0,6.0,2.0,,,0.0212126,0.0865,,5.0,0.0,,,,,3.0,1.0,,,,,,,90.0,,,,,,,,8.0,2.0,,6.4,,,,,202.20345870097,2.0,,,,2.0,,28.0,27.0,55.0,52.342263232994,72.45459085528,2,,66.0,,1.0,,
2025-26,14023940,35,2,Leeds_United,Home,866191,180135,Sean Longstaff,sean-longstaff,M,True,1.0,,2.0,4.0,2.0,6.0,,,2.0,1.0,,,,1.0,,,3.0,,,,0.111813,,,2.0,0.0,,,,,2.0,2.0,,,,,,,18.0,,1.0,,,,,,,1.0,,7.0,,,,,52.880714569092,,,1.0,,2.0,,4.0,2.0,6.0,45.063461882074,39.637530510868,0,,10.0,,,,
2025-26,14023940,35,2,Leeds_United,Home,871886,248056,Ao Tanaka,ao-tanaka,M,False,1.0,,1.0,16.0,30.0,46.0,,,19.0,3.0,,,,,,,1.0,2.0,,,0.0318953,0.1113,0.0381,1.0,0.0,,,,,2.0,1.0,,,,,,,72.0,1.0,,,,,,,6.0,1.0,,6.8,,,1.0,,149.83565539783,,,3.0,,1.0,,18.0,32.0,50.0,32.165154616332,27.111968501014,2,,59.0,,2.0,,
2025-26,14023940,35,2,Leeds_United,Home,889861,466525,Anton Stach,anton-stach,M,False,1.0,,,10.0,1.0,11.0,,1.0,13.0,2.0,,,2.0,,,,,6.0,,,0.0709173,0.2818,0.0622,,0.0,1.0,,,,1.0,3.0,,,,,,,72.0,1.0,,,,,,,21.0,3.0,,8.0,,,2.0,,106.30904406263,1.0,1.0,7.0,,1.0,,22.0,1.0,23.0,31.68657619215,39.352062859159,5,2.0,48.0,3.0,2.0,1.0,1.0
2025-26,14023940,35,2,Leeds_United,Home,973431,427637,Brenden Aaronson,brenden-aaronson,M,True,,,,6.0,1.0,7.0,,,,3.0,,,,3.0,,,3.0,2.0,,,0.00383588,,,,0.0,,,,,2.0,,,,,,,,18.0,,,,,,,,,,,6.7,,,,,,,,,,,,6.0,1.0,7.0,,,0,1.0,11.0,,1.0,,1.0
2025-26,14023944,36,2,Leeds_United,Away,828639,200617,Daniel James,daniel-james,M,False,1.0,,,5.0,,5.0,3.0,,2.0,,,,,1.0,,1.0,6.0,,,,0.0900677,0.0308,,,0.0,,,,,,1.0,,,,,,,63.0,,,,,,,,6.0,0.0,,6.2,,,1.0,,23.819466631422,4.0,1.0,3.0,,,,6.0,1.0,7.0,12.594658576356,,1,,17.0,,,,
2025-26,14023944,36,2,Leeds_United,Away,847097,199598,Ethan Ampadu,ethan-ampadu,M,False,,,2.0,24.0,18.0,42.0,2.0,1.0,9.0,5.0,,,,1.0,,,4.0,7.0,,,0.0221467,,,1.0,0.0,,,,,3.0,,,,,,,,90.0,,,,,,,1.0,10.0,1.0,,7.6,,,,,90.395214755663,2.0,1.0,,,6.0,,28.0,21.0,49.0,25.518416783816,34.089803519528,0,3.0,67.0,,2.0,1.0,2.0
2025-26,14023944,36,2,Leeds_United,Away,866191,180135,Sean Longstaff,sean-longstaff,M,True,2.0,,,1.0,,1.0,,,2.0,1.0,,1.0,,,,,,,,,0.0205522,0.2453,0.4821,,0.0,,,,1.0,,,,,,,,,13.0,1.0,,,,,,,1.0,0.0,,6.8,,,1.0,,12.913764206592,1.0,,2.0,,1.0,,2.0,,2.0,-11.373063684531,,2,,9.0,,,,
2025-26,14023944,36,2,Leeds_United,Away,871886,248056,Ao Tanaka,ao-tanaka,M,False,,,2.0,15.0,15.0,30.0,1.0,2.0,9.0,10.0,,,,2.0,,2.0,7.0,7.0,,,0.0111531,0.033,,,0.0,,,,,2.0,,,,,,,,89.0,,,,,,,,17.0,0.0,,6.6,,,1.0,,80.148809478146,3.0,2.0,,,4.0,,22.0,19.0,41.0,-22.016632958545,,1,4.0,61.0,1.0,1.0,,4.0
2025-26,14023944,36,2,Leeds_United,Away,889861,466525,Anton Stach,anton-stach,M,False,1.0,,,13.0,6.0,19.0,,2.0,5.0,3.0,,,,3.0,,2.0,9.0,7.0,,,0.0447433,0.0389,,3.0,0.0,,,,,,1.0,,,,,,,90.0,,,,,,,,16.0,0.0,,6.6,,,1.0,,57.186201660447,2.0,2.0,4.0,,2.0,,17.0,10.0,27.0,1.9232252044206,,1,3.0,50.0,2.0,1.0,1.0,2.0
2025-26,14023944,36,2,Leeds_United,Away,973431,427637,Brenden Aaronson,brenden-aaronson,M,False,1.0,,,3.0,5.0,8.0,1.0,,7.0,1.0,,,,3.0,,3.0,9.0,5.0,,,0.154418,,,,0.0,,,,,,1.0,,,,,,,63.0,,1.0,,,,,,9.0,0.0,,6.6,,,,,35.488956350194,,3.0,1.0,,,,4.0,5.0,9.0,-0.34082527887098,,0,2.0,26.0,2.0,2.0,1.0,2.0
2025-26,14023944,36,2,Leeds_United,Away,1808314,577978,Rhys Chadwick-Chaplin,rhys-chadwick-chaplin,M,True,,,,,,,,,,,,,,,,,,,,,,,,,,,,,,,,,,,,,,,,,,,,,,,,,,,,,,,,,,,,,,,,,,0,,,,,,
2025-26,14023954,37,2,Leeds_United,Home,828639,200617,Daniel James,daniel-james,M,False,,,2.0,3.0,1.0,4.0,1.0,4.0,4.0,1.0,,,2.0,3.0,,,4.0,6.0,,,0.0117207,0.1207,,,0.0,,,,,,,,,,,,,60.0,,,,,,,,12.0,1.0,,6.9,,,,,34.74457374487,2.0,,4.0,,4.0,,7.0,5.0,12.0,12.582082568453,14.316382224571,2,1.0,26.0,,1.0,,
2025-26,14023954,37,2,Leeds_United,Home,847097,199598,Ethan Ampadu,ethan-ampadu,M,False,,,2.0,21.0,13.0,34.0,2.0,1.0,5.0,3.0,,,,1.0,1.0,,5.0,3.0,,,0.0192656,,,3.0,0.0,,,,,,,,,,,,,90.0,,1.0,,,,,,9.0,0.0,,7.6,,,,,48.278483816124,2.0,1.0,,,3.0,,25.0,15.0,40.0,16.847277456139,,0,1.0,55.0,,,1.0,1.0
2025-26,14023954,37,2,Leeds_United,Home,866191,180135,Sean Longstaff,sean-longstaff,M,True,,,,5.0,6.0,11.0,2.0,1.0,2.0,2.0,,,,,,1.0,3.0,2.0,,,0.129698,,,,0.0,,,,,,,,,,,,,30.0,,,,,,,,6.0,0.0,,6.7,,,,,15.737489728794,,,,,2.0,,10.0,6.0,16.0,5.2990925139776,,0,1.0,18.0,,,,1.0
2025-26,14023954,37,2,Leeds_United,Home,871886,248056,Ao Tanaka,ao-tanaka,M,False,1.0,,,5.0,12.0,17.0,,,2.0,2.0,,,,,,,,2.0,,,0.0402032,,,,0.0,,,,,,,,,,,,,60.0,,,,,,,,4.0,0.0,,6.9,,,,,15.154258016337,1.0,2.0,2.0,,1.0,,7.0,13.0,20.0,13.250408374438,,0,,26.0,,,2.0,
2025-26,14023954,37,2,Leeds_United,Home,889861,466525,Anton Stach,anton-stach,M,False,2.0,,2.0,9.0,3.0,12.0,3.0,2.0,5.0,3.0,,,,,,,4.0,6.0,,,0.0709419,0.0561,,1.0,0.0,,,,,,1.0,,,,,,,74.0,,,,,,,,20.0,0.0,,7.1,,,1.0,,27.448050063441,1.0,,12.0,,2.0,,16.0,5.0,21.0,20.758764127185,,1,3.0,43.0,,1.0,,1.0
2025-26,14023954,37,2,Leeds_United,Home,973431,427637,Brenden Aaronson,brenden-aaronson,M,False,,,,8.0,3.0,11.0,1.0,,5.0,2.0,,,,,,2.0,3.0,2.0,,,0.015794,,,,0.0,,,,,,1.0,,,,,,,60.0,,,,,,,,3.0,0.0,,6.6,,,,,33.940675263597,,2.0,,,,,9.0,3.0,12.0,-0.77061969612523,,0,,19.0,,,2.0,
2025-26,14023954,37,2,Leeds_United,Home,1808314,577978,Rhys Chadwick-Chaplin,rhys-chadwick-chaplin,M,True,,,,,,,,,,,,,,,,,,,,,,,,,,,,,,,,,,,,,,,,,,,,,,,,,,,,,,,,,,,,,,,,,,0,,,,,,
2025-26,14023968,38,2,Leeds_United,Away,828639,200617,Daniel James,daniel-james,M,True,1.0,,,2.0,,2.0,,1.0,2.0,,,,,,,1.0,1.0,3.0,,,0.024035,,,,0.0,,,,,,,,,,,,,20.0,,,,,,,,5.0,0.0,,6.6,,,,,12.556678973732,,1.0,1.0,,,,4.0,1.0,5.0,12.426330005264,,0,1.0,11.0,1.0,,1.0,
2025-26,14023968,38,2,Leeds_United,Away,847097,199598,Ethan Ampadu,ethan-ampadu,M,False,1.0,,2.0,28.0,30.0,58.0,,3.0,26.0,7.0,,,,2.0,,,3.0,6.0,,1.0,0.0304217,,,1.0,0.0,,,,,,1.0,,,,,,,90.0,,1.0,,,,,,9.0,0.0,,6.9,,,,,222.78703933487,3.0,,1.0,,3.0,,29.0,33.0,62.0,32.90116148528,,0,2.0,77.0,1.0,1.0,,
2025-26,14023968,38,2,Leeds_United,Away,871886,248056,Ao Tanaka,ao-tanaka,M,False,,,1.0,25.0,22.0,47.0,,,19.0,7.0,,,,1.0,,1.0,2.0,3.0,,,0.0104374,,,,0.0,,,,,2.0,,,,,,,,78.0,,,,,,,,14.0,2.0,,6.7,,,,,182.87215139003,,,5.0,,3.0,,31.0,22.0,53.0,51.925967202023,46.440442880088,0,3.0,70.0,2.0,,,1.0
2025-26,14023968,38,2,Leeds_United,Away,973431,427637,Brenden Aaronson,brenden-aaronson,M,False,,,,15.0,8.0,23.0,,1.0,18.0,4.0,,,2.0,,,2.0,6.0,4.0,,,0.292246,0.2849,0.0342,1.0,0.0,,,,,,1.0,,,,,,,89.0,1.0,,,,,,,11.0,4.0,,6.7,,,1.0,,195.45627062136,1.0,4.0,,,1.0,,18.0,8.0,26.0,56.767374659269,61.046924013651,4,1.0,47.0,3.0,1.0,1.0,1.0
2025-26,14023968,38,2,Leeds_United,Away,1117025,536916,Facundo Buonanotte,facundo-buonanotte,M,True,1.0,,,1.0,3.0,4.0,1.0,,4.0,,,,1.0,,,,1.0,,,,0.178856,0.0227,,,0.0,,,,,,1.0,,,,,,,12.0,,1.0,,,,,,4.0,1.0,,6.9,,,,,43.041488302953,,,2.0,,,,3.0,3.0,6.0,36.130748096108,31.163570334607,1,,11.0,1.0,,,
2025-26,14023968,38,2,Leeds_United,Away,1808314,577978,Rhys Chadwick-Chaplin,rhys-chadwick-chaplin,M,True,,,,,,,,,,,,,,,,,,,,,,,,,,,,,,,,,,,,,,,,,,,,,,,,,,,,,,,,,,,,,,,,,,0,,,,,,
