matchId,gameweek,kickoff,team_id,team,venue,accurateBackZonePass,accurateChippedPass,accurateCornersIntobox,accurateCross,accurateCrossNocorner,accurateFlickOn,accurateFreekickCross,accurateFwdZonePass,accurateGoalKicks,accurateKeeperSweeper,accurateKeeperThrows,accurateLaunches,accurateLayoffs,accurateLongBalls,accuratePass,accuratePullBack,accurateThroughBall,accurateThrows,aerialLost,aerialWon,attAssistOpenplay,attAssistSetplay,attCorner,attFastbreak,attFreekickMiss,attFreekickPost,attFreekickTarget,attFreekickTotal,attLgCentre,attObxdLeft,attOneOnOne,attOpenplay,attPenGoal,attPostHigh,attPostRight,attSetpiece,attemptedTackleFoul,attemptsConcededIbox,attemptsConcededObox,attemptsIbox,attemptsObox,attendance,backwardPass,ballRecovery,bigChanceCreated,bigChanceMissed,bigChanceScored,blockedCross,blockedPass,blockedScoringAtt,challengeLost,clearanceOffLine,contentiousDecision,cornerTaken,crosses18yard,crosses18yardplus,defenderGoals,dispossessed,divingSave,duelLost,duelWon,effectiveBlockedCross,effectiveClearance,effectiveHeadClearance,errorLeadToGoal,errorLeadToShot,expectedAssists,expectedGoals,expectedGoalsFreekick,expectedGoalsOnTarget,expectedGoalsOnTargetConceded,finalThirdEntries,fkFoulLost,fkFoulWon,forwardGoals,foulThrowIn,fouledFinalThird,freekickCross,freekickTotal,fwdPass,goalAssist,goalAssistDeadball,goalAssistIntentional,goalAssistOpenplay,goalAssistSetplay,goalFastbreak,goalKicks,goalsAgainst,goalsFor,goalsOpenplay,goodHighClaim,ground,halfTimeAgainst,halfTimeFor,handBall,headClearance,hitWoodwork,interception,interceptionWon,interceptionsInBox,keeperThrows,leftsidePass,longPassOwnToOpp,longPassOwnToOppSuccess,lostCorners,midfielderGoals,offtargetAttAssist,ontargetAttAssist,ontargetScoringAtt,openPlayPass,opponent,opponent_id,outfielderBlock,overrun,passesLeft,passesRight,penAreaEntries,penGoalsConceded,penaltyConceded,penaltyFaced,penaltyWon,possLostAll,possLostCtrl,possWonAtt3rd,possWonDef3rd,possWonMid3rd,possessionPercentage,postScoringAtt,ptsDroppedWinningPos,ptsGainedLosingPos,punches,putThrough,redCard,redCardsAgainst,redCardsFor,result,rightsidePass,savedIbox,savedObox,saves,secondYellow,shieldBallOop,shotFastbreak,shotOffTarget,sixYardBlock,subsGoals,subsMade,successfulFinalThirdPasses,successfulOpenPlayPass,successfulPutThrough,totalAttAssist,totalBackZonePass,totalChippedPass,totalClearance,totalContest,totalCornersIntobox,totalCross,totalCrossNocorner,totalDistance,totalFastbreak,totalFinalThirdPasses,totalFlickOn,totalFwdZonePass,totalHighClaim,totalKeeperSweeper,totalLaunches,totalLayoffs,totalLongBalls,totalOffside,totalPass,totalPullBack,totalRedCard,totalScoringAtt,totalTackle,totalThroughBall,totalThrows,totalYelCard,touches,touchesInOppBox,unsuccessfulTouch,wonContest,wonCorners,wonTackle,yellowCard
2444475,1.0,2024-08-17 15:00:00,17,Nott'm Forest,Home,171.0,10.0,1.0,3.0,2.0,5.0,,234.0,12.0,,3.0,15.0,15.0,22.0,402.0,,,12.0,15.0,25.0,10.0,1.0,1.0,,,,,,,,,12.0,,,,,9.0,6.0,7.0,8.0,6.0,,80.0,53.0,,,1.0,2.0,9.0,3.0,5.0,,,2.0,4.0,5.0,,8.0,,55.0,66.0,2.0,25.0,7.0,,,,,,,,51.0,17.0,8.0,1.0,,1.0,2.0,,173.0,,,,,,,13.0,,,1.0,,,,,,7.0,,7.0,7.0,,3.0,120.0,71.0,42.0,6.0,,3.0,8.0,8.0,478.0,,,3.0,3.0,132.0,34.0,30.0,,,,,156.0,156.0,3.0,22.0,24.0,52.9,,2.0,,1.0,21.0,0.0,,,,130.0,1.0,2.0,3.0,,,,3.0,,,5.0,137.0,380.0,9.0,11.0,196.0,21.0,25.0,19.0,2.0,13.0,11.0,,,184.0,15.0,320.0,,,35.0,17.0,51.0,1.0,503.0,1.0,0.0,14.0,24.0,1.0,23.0,1.0,705.0,29.0,12.0,9.0,2.0,12.0,0.0
2444487,2.0,2024-08-24 15:00:00,17,Nott'm Forest,Away,119.0,18.0,2.0,5.0,3.0,,,180.0,3.0,,,8.0,5.0,25.0,294.0,,1.0,7.0,4.0,11.0,15.0,2.0,9.0,4.0,,,,,,,,13.0,,,,,8.0,2.0,3.0,14.0,9.0,,67.0,53.0,5.0,5.0,1.0,,5.0,7.0,7.0,,,10.0,4.0,3.0,,7.0,,42.0,56.0,,23.0,11.0,,,,,,,,40.0,14.0,14.0,,,1.0,2.0,,111.0,,,,,,,4.0,,,,2.0,,,,1.0,11.0,,11.0,11.0,3.0,,85.0,57.0,36.0,4.0,1.0,5.0,12.0,8.0,333.0,,,3.0,1.0,80.0,45.0,27.0,,,,,105.0,105.0,3.0,25.0,22.0,35.4,,,,,16.0,0.0,,,,89.0,,1.0,1.0,,1.0,4.0,8.0,2.0,,5.0,90.0,280.0,5.0,17.0,134.0,23.0,23.0,18.0,10.0,19.0,9.0,,4.0,116.0,1.0,237.0,2.0,,21.0,8.0,48.0,1.0,352.0,1.0,0.0,23.0,24.0,1.0,11.0,3.0,543.0,33.0,9.0,7.0,10.0,15.0,0.0
2444498,3.0,2024-08-31 15:00:00,17,Nott'm Forest,Home,140.0,16.0,3.0,5.0,2.0,1.0,,158.0,7.0,,1.0,10.0,10.0,26.0,293.0,,,13.0,16.0,14.0,12.0,2.0,4.0,2.0,,,1.0,1.0,,,,10.0,,,,,6.0,4.0,7.0,13.0,3.0,,58.0,45.0,1.0,1.0,,1.0,6.0,6.0,8.0,1.0,,7.0,8.0,6.0,,15.0,,60.0,56.0,1.0,13.0,8.0,,,,,,,,50.0,15.0,17.0,1.0,,3.0,2.0,1.0,132.0,1.0,1.0,1.0,,1.0,,7.0,,,,,,,,2.0,8.0,,10.0,10.0,,1.0,91.0,62.0,34.0,3.0,,5.0,10.0,5.0,343.0,,,3.0,2.0,66.0,31.0,28.0,,,,,143.0,143.0,2.0,20.0,22.0,51.7,,2.0,,1.0,16.0,0.0,,,,86.0,2.0,,1.0,,2.0,2.0,5.0,,,4.0,84.0,271.0,6.0,15.0,161.0,23.0,13.0,16.0,7.0,23.0,16.0,98055.07,2.0,110.0,4.0,229.0,,,34.0,10.0,55.0,4.0,367.0,,0.0,16.0,17.0,,17.0,3.0,569.0,37.0,18.0,8.0,7.0,12.0,0.0
2444505,4.0,2024-09-14 15:00:00,17,Nott'm Forest,Away,83.0,8.0,,,,4.0,,106.0,4.0,1.0,,14.0,3.0,22.0,189.0,,1.0,8.0,21.0,13.0,4.0,,,3.0,,,,,,,,5.0,,,,,5.0,10.0,4.0,3.0,2.0,,43.0,53.0,2.0,2.0,,3.0,8.0,,6.0,,,2.0,1.0,1.0,,7.0,1.0,45.0,55.0,3.0,30.0,8.0,,2.0,0.166486,0.4425,,0.7364,0.5723,60.0,6.0,15.0,,,1.0,2.0,,142.0,1.0,,,1.0,,1.0,12.0,,,1.0,,,,,,8.0,,11.0,11.0,,,46.0,70.0,33.0,7.0,,2.0,3.0,3.0,246.0,,,3.0,,60.0,54.0,13.0,,,,,138.0,138.0,1.0,24.0,19.0,30.9,,,,1.0,12.0,0.0,,,,42.0,4.0,1.0,5.0,,1.0,3.0,2.0,,1.0,5.0,59.0,176.0,8.0,5.0,97.0,11.0,30.0,11.0,2.0,6.0,4.0,106095.31,4.0,100.0,10.0,182.0,1.0,1.0,43.0,3.0,64.0,5.0,273.0,,0.0,5.0,22.0,2.0,20.0,4.0,460.0,5.0,19.0,6.0,2.0,15.0,0.0
2444511,5.0,2024-09-22 14:00:00,17,Nott'm Forest,Away,117.0,7.0,,,,1.0,,52.0,5.0,,1.0,4.0,1.0,14.0,169.0,,1.0,12.0,18.0,10.0,2.0,,,,,,,,,,,3.0,1.0,,,,4.0,8.0,6.0,4.0,,,34.0,34.0,1.0,,2.0,3.0,5.0,1.0,10.0,,,1.0,2.0,1.0,,9.0,,49.0,45.0,3.0,48.0,19.0,,,0.379087,1.4182,,1.6827,1.0942,44.0,11.0,10.0,1.0,1.0,1.0,,,107.0,1.0,,1.0,1.0,,,12.0,,,1.0,,,,,2.0,19.0,,8.0,8.0,,1.0,54.0,61.0,22.0,9.0,,,3.0,3.0,218.0,,,7.0,,32.0,19.0,9.0,,,,1.0,113.0,113.0,,21.0,8.0,29.6,,2.0,1.0,,17.0,0.0,,,,50.0,1.0,,1.0,1.0,1.0,,,1.0,1.0,5.0,23.0,153.0,5.0,3.0,138.0,17.0,48.0,11.0,1.0,4.0,3.0,101589.4,,56.0,4.0,111.0,,,29.0,2.0,59.0,4.0,245.0,1.0,1.0,4.0,18.0,1.0,16.0,4.0,426.0,14.0,12.0,8.0,1.0,8.0,0.0
2444528,6.0,2024-09-28 15:00:00,17,Nott'm Forest,Home,122.0,11.0,3.0,5.0,2.0,2.0,1.0,161.0,3.0,,1.0,2.0,2.0,11.0,278.0,,1.0,7.0,7.0,18.0,4.0,1.0,2.0,,,,,,,,,5.0,,,,1.0,6.0,10.0,4.0,6.0,5.0,,65.0,35.0,,,,,6.0,5.0,9.0,,,6.0,8.0,10.0,,6.0,1.0,34.0,45.0,,22.0,13.0,,,,,,,,43.0,11.0,15.0,,1.0,2.0,2.0,,122.0,,,,,,,5.0,,,,,,,,,13.0,,9.0,9.0,2.0,1.0,83.0,45.0,17.0,5.0,,4.0,1.0,1.0,331.0,,,7.0,,64.0,54.0,36.0,1.0,1.0,1.0,,131.0,131.0,2.0,20.0,12.0,40.6,,,,1.0,14.0,0.0,,,,81.0,1.0,,1.0,,1.0,,5.0,,,5.0,84.0,264.0,6.0,5.0,139.0,21.0,22.0,5.0,6.0,26.0,20.0,107862.2,,122.0,3.0,238.0,,,15.0,2.0,35.0,7.0,351.0,,0.0,11.0,8.0,1.0,13.0,2.0,524.0,33.0,16.0,4.0,6.0,3.0,0.0
2444534,7.0,2024-10-06 14:00:00,17,Nott'm Forest,Away,103.0,8.0,,3.0,3.0,1.0,,133.0,5.0,,5.0,7.0,8.0,15.0,233.0,,,8.0,14.0,16.0,8.0,,2.0,,,,1.0,2.0,,,,10.0,,,,1.0,5.0,14.0,8.0,9.0,7.0,,55.0,44.0,3.0,3.0,1.0,1.0,13.0,6.0,11.0,,,3.0,3.0,6.0,,7.0,4.0,48.0,47.0,1.0,32.0,17.0,,1.0,,,,,,43.0,11.0,11.0,1.0,,3.0,,2.0,123.0,1.0,,1.0,,1.0,,14.0,,,,,,,,1.0,17.0,,6.0,6.0,2.0,5.0,60.0,58.0,23.0,11.0,,1.0,8.0,9.0,277.0,,,5.0,5.0,28.0,79.0,25.0,,,,,123.0,123.0,3.0,21.0,11.0,33.9,,2.0,,,22.0,0.0,,,,68.0,6.0,1.0,7.0,1.0,,,1.0,,,5.0,64.0,219.0,13.0,9.0,120.0,18.0,32.0,16.0,2.0,11.0,9.0,105982.3,,94.0,4.0,197.0,,,22.0,10.0,46.0,3.0,306.0,1.0,1.0,16.0,12.0,4.0,14.0,2.0,498.0,22.0,14.0,9.0,3.0,6.0,0.0
2444546,8.0,2024-10-21 20:00:00,17,Nott'm Forest,Home,158.0,15.0,4.0,9.0,5.0,1.0,1.0,213.0,6.0,,6.0,7.0,17.0,25.0,362.0,,1.0,14.0,14.0,18.0,12.0,3.0,5.0,,,,,,,,,15.0,,,1.0,,6.0,11.0,9.0,10.0,10.0,,83.0,46.0,3.0,3.0,,2.0,11.0,9.0,6.0,,,6.0,10.0,5.0,,15.0,3.0,52.0,54.0,2.0,17.0,10.0,,,,,,,,54.0,9.0,11.0,1.0,,1.0,2.0,,170.0,,,,,,,9.0,,,1.0,,,,,,10.0,1.0,14.0,14.0,,6.0,94.0,52.0,29.0,6.0,,4.0,11.0,6.0,419.0,,,5.0,2.0,111.0,63.0,27.0,,,,,145.0,145.0,6.0,19.0,14.0,50.3,1.0,,,1.0,25.0,0.0,,,,94.0,5.0,2.0,7.0,,1.0,,5.0,1.0,,5.0,111.0,345.0,11.0,15.0,181.0,27.0,17.0,24.0,6.0,23.0,17.0,,,145.0,7.0,283.0,,,18.0,17.0,46.0,2.0,441.0,,0.0,20.0,9.0,1.0,21.0,2.0,673.0,36.0,18.0,16.0,6.0,5.0,0.0
2444557,9.0,2024-10-25 20:00:00,17,Nott'm Forest,Away,89.0,13.0,,1.0,1.0,2.0,,143.0,9.0,,1.0,11.0,9.0,28.0,231.0,,,7.0,24.0,15.0,9.0,,4.0,3.0,,,,1.0,1.0,,,14.0,,,1.0,1.0,9.0,5.0,6.0,12.0,8.0,,44.0,51.0,2.0,3.0,1.0,1.0,7.0,6.0,6.0,,,7.0,5.0,7.0,,9.0,,53.0,64.0,1.0,30.0,16.0,,1.0,,,,,,52.0,9.0,15.0,2.0,,4.0,2.0,1.0,130.0,1.0,,1.0,1.0,,,12.0,,,3.0,1.0,,,,,16.0,1.0,10.0,10.0,,1.0,60.0,50.0,27.0,6.0,1.0,6.0,4.0,5.0,278.0,,,3.0,3.0,48.0,46.0,27.0,,,,,127.0,127.0,8.0,27.0,11.0,35.6,1.0,,,3.0,17.0,0.0,,,,71.0,,,,,2.0,3.0,9.0,,,5.0,85.0,213.0,7.0,10.0,114.0,28.0,30.0,20.0,7.0,21.0,14.0,,3.0,125.0,11.0,212.0,1.0,,29.0,9.0,60.0,1.0,305.0,,0.0,20.0,19.0,,10.0,3.0,506.0,30.0,12.0,15.0,7.0,11.0,0.0
2444566,10.0,2024-11-02 15:00:00,17,Nott'm Forest,Home,144.0,14.0,3.0,3.0,,1.0,,237.0,3.0,,2.0,8.0,9.0,24.0,378.0,2.0,1.0,14.0,15.0,13.0,10.0,2.0,2.0,1.0,,,,1.0,,,,11.0,,,,3.0,4.0,2.0,2.0,9.0,10.0,,77.0,44.0,3.0,2.0,1.0,4.0,6.0,3.0,10.0,1.0,,10.0,7.0,4.0,1.0,9.0,,45.0,45.0,4.0,21.0,10.0,,,,,,,,47.0,7.0,8.0,1.0,,3.0,1.0,1.0,164.0,2.0,1.0,2.0,1.0,1.0,,3.0,,,2.0,,,,,,10.0,,6.0,6.0,,2.0,103.0,55.0,32.0,6.0,1.0,8.0,6.0,6.0,432.0,,,1.0,1.0,109.0,50.0,34.0,,,,,123.0,123.0,4.0,21.0,16.0,53.4,,,,,14.0,0.0,,,,102.0,1.0,1.0,1.0,,,1.0,10.0,,,5.0,155.0,365.0,6.0,14.0,162.0,26.0,21.0,10.0,8.0,20.0,12.0,,1.0,187.0,4.0,304.0,,,19.0,9.0,46.0,1.0,446.0,2.0,0.0,19.0,18.0,2.0,20.0,1.0,632.0,32.0,17.0,6.0,11.0,12.0,0.0
2444576,11.0,2024-11-10 14:00:00,17,Nott'm Forest,Home,105.0,11.0,2.0,5.0,3.0,2.0,1.0,199.0,5.0,,2.0,8.0,7.0,23.0,299.0,,,13.0,22.0,15.0,5.0,2.0,2.0,2.0,,,,,1.0,,,6.0,,,,1.0,4.0,12.0,5.0,7.0,2.0,,59.0,50.0,2.0,1.0,1.0,,4.0,3.0,2.0,,,4.0,10.0,6.0,1.0,7.0,2.0,50.0,56.0,,28.0,11.0,,1.0,,,,,,53.0,13.0,6.0,,,3.0,3.0,,148.0,1.0,1.0,1.0,,1.0,,9.0,,,,1.0,,,,,11.0,,7.0,7.0,,3.0,100.0,63.0,36.0,5.0,,3.0,5.0,3.0,368.0,,,4.0,,63.0,84.0,30.0,,,,,135.0,135.0,3.0,26.0,15.0,43.7,,3.0,,1.0,14.0,0.0,,,,76.0,2.0,1.0,3.0,,,2.0,3.0,,,5.0,101.0,290.0,4.0,8.0,130.0,24.0,28.0,12.0,4.0,23.0,19.0,,2.0,137.0,5.0,276.0,1.0,,24.0,8.0,53.0,3.0,383.0,1.0,0.0,9.0,29.0,,17.0,1.0,568.0,17.0,12.0,6.0,4.0,19.0,0.0
2444581,12.0,2024-11-23 15:00:00,17,Nott'm Forest,Away,121.0,8.0,,7.0,7.0,3.0,2.0,126.0,11.0,,1.0,3.0,9.0,20.0,240.0,,,5.0,11.0,14.0,3.0,2.0,,,1.0,,,1.0,,,,2.0,,,,2.0,4.0,14.0,5.0,5.0,2.0,,50.0,30.0,,,,2.0,4.0,2.0,8.0,1.0,,1.0,8.0,5.0,,9.0,2.0,45.0,44.0,2.0,24.0,14.0,,,,,,,,29.0,11.0,10.0,,,4.0,4.0,1.0,117.0,,,,,,,13.0,,,,,,,,,14.0,,10.0,10.0,3.0,1.0,68.0,49.0,26.0,8.0,,4.0,1.0,,269.0,,,6.0,,42.0,54.0,18.0,,,,,98.0,98.0,1.0,17.0,11.0,33.9,,,,,8.0,0.0,,,,60.0,4.0,,3.0,,2.0,,5.0,,,4.0,50.0,220.0,4.0,5.0,134.0,14.0,24.0,10.0,1.0,18.0,17.0,,,75.0,6.0,179.0,,,17.0,10.0,43.0,2.0,295.0,,0.0,7.0,16.0,1.0,11.0,2.0,447.0,14.0,9.0,4.0,1.0,10.0,0.0
2444596,13.0,2024-11-30 15:00:00,17,Nott'm Forest,Home,100.0,14.0,4.0,7.0,3.0,1.0,1.0,145.0,,,2.0,5.0,4.0,16.0,238.0,,1.0,11.0,17.0,17.0,7.0,2.0,3.0,,1.0,,,1.0,,,,7.0,1.0,,,,1.0,5.0,2.0,8.0,4.0,,50.0,41.0,1.0,1.0,1.0,1.0,11.0,2.0,8.0,1.0,,8.0,6.0,3.0,,7.0,1.0,46.0,57.0,1.0,22.0,13.0,,,,,,,,51.0,5.0,14.0,1.0,1.0,6.0,4.0,1.0,115.0,,,,,,,,,,,1.0,,,,,13.0,1.0,8.0,8.0,,2.0,73.0,56.0,29.0,7.0,,4.0,5.0,5.0,295.0,,,3.0,1.0,85.0,43.0,30.0,,,,1.0,127.0,127.0,6.0,14.0,15.0,44.7,,,,1.0,15.0,0.0,,,,72.0,3.0,,2.0,,,,5.0,,,5.0,83.0,229.0,11.0,9.0,109.0,25.0,22.0,16.0,7.0,20.0,13.0,,,127.0,8.0,221.0,1.0,,18.0,4.0,40.0,3.0,310.0,,0.0,12.0,20.0,5.0,19.0,1.0,503.0,26.0,13.0,7.0,8.0,12.0,0.0
2444607,14.0,2024-12-04 19:30:00,17,Nott'm Forest,Away,104.0,6.0,1.0,3.0,2.0,,,129.0,6.0,,1.0,5.0,8.0,13.0,230.0,2.0,,11.0,7.0,5.0,8.0,1.0,1.0,,,,,,,,1.0,11.0,,,,,8.0,12.0,5.0,8.0,4.0,,52.0,46.0,,1.0,,1.0,7.0,2.0,13.0,,,2.0,4.0,4.0,,11.0,3.0,51.0,41.0,1.0,18.0,3.0,,,,,,,,39.0,15.0,7.0,,,3.0,3.0,,103.0,,,,,,,10.0,,,,,,,,,3.0,,14.0,14.0,4.0,1.0,70.0,37.0,18.0,8.0,,6.0,3.0,3.0,269.0,,,3.0,,63.0,35.0,24.0,,,,,101.0,101.0,6.0,18.0,20.0,33.4,,,,,14.0,0.0,,,,63.0,4.0,,3.0,,1.0,,7.0,,,5.0,73.0,215.0,7.0,9.0,120.0,15.0,18.0,10.0,2.0,13.0,11.0,,,102.0,4.0,181.0,,,18.0,9.0,34.0,2.0,288.0,3.0,0.0,12.0,24.0,1.0,14.0,4.0,452.0,14.0,12.0,5.0,2.0,16.0,0.0
2444617,15.0,2024-12-07 17:30:00,17,Nott'm Forest,Away,61.0,6.0,1.0,4.0,3.0,1.0,1.0,101.0,2.0,1.0,2.0,5.0,1.0,12.0,158.0,,,8.0,14.0,17.0,6.0,,2.0,,,,,,,,,6.0,,1.0,,2.0,6.0,10.0,7.0,8.0,3.0,,34.0,51.0,,,,1.0,6.0,4.0,7.0,,,3.0,3.0,,1.0,5.0,1.0,47.0,50.0,1.0,31.0,14.0,,,,,,,,40.0,13.0,10.0,1.0,,2.0,1.0,,116.0,3.0,1.0,2.0,2.0,1.0,,10.0,,,2.0,1.0,,,,,14.0,1.0,8.0,8.0,1.0,2.0,33.0,52.0,19.0,5.0,1.0,3.0,6.0,3.0,217.0,,,5.0,1.0,31.0,54.0,12.0,,,,,117.0,117.0,3.0,26.0,12.0,28.7,1.0,,,,9.0,0.0,,,,59.0,4.0,1.0,5.0,,,,4.0,,,4.0,61.0,147.0,6.0,9.0,83.0,13.0,31.0,16.0,3.0,7.0,4.0,,,100.0,9.0,166.0,1.0,1.0,23.0,1.0,46.0,1.0,242.0,,0.0,11.0,16.0,,11.0,2.0,400.0,16.0,12.0,8.0,3.0,8.0,0.0
2444627,16.0,2024-12-14 17:30:00,17,Nott'm Forest,Home,185.0,16.0,3.0,5.0,2.0,2.0,,251.0,5.0,,1.0,7.0,16.0,21.0,431.0,1.0,,4.0,8.0,10.0,9.0,2.0,4.0,2.0,,,,,,,,11.0,,,,,7.0,7.0,1.0,12.0,5.0,,80.0,48.0,3.0,1.0,2.0,2.0,5.0,5.0,5.0,,1.0,4.0,11.0,6.0,1.0,6.0,1.0,36.0,45.0,2.0,24.0,9.0,,,,,,,,52.0,12.0,6.0,,,1.0,,,146.0,2.0,,2.0,1.0,1.0,,5.0,,,1.0,2.0,,,,,9.0,,8.0,8.0,1.0,1.0,129.0,32.0,23.0,3.0,,3.0,10.0,6.0,457.0,,,2.0,1.0,111.0,57.0,27.0,,,,,91.0,91.0,4.0,24.0,17.0,50.3,,,3.0,1.0,10.0,0.0,,,,117.0,1.0,,1.0,,1.0,2.0,6.0,,1.0,4.0,147.0,417.0,5.0,13.0,200.0,24.0,24.0,15.0,4.0,21.0,17.0,,2.0,164.0,5.0,293.0,2.0,,16.0,16.0,33.0,2.0,472.0,1.0,0.0,17.0,19.0,1.0,5.0,0.0,653.0,27.0,19.0,10.0,4.0,14.0,0.0
2444631,17.0,2024-12-21 15:00:00,17,Nott'm Forest,Away,111.0,16.0,,1.0,1.0,3.0,,126.0,5.0,,,6.0,2.0,22.0,236.0,1.0,,8.0,17.0,20.0,7.0,,1.0,2.0,,,,,,,,8.0,,,,1.0,3.0,7.0,,6.0,4.0,,50.0,47.0,2.0,1.0,1.0,2.0,10.0,1.0,11.0,,,5.0,7.0,1.0,,7.0,2.0,59.0,54.0,2.0,49.0,26.0,,2.0,,,,,,46.0,14.0,10.0,1.0,,1.0,1.0,,132.0,1.0,,1.0,1.0,,,10.0,,,2.0,1.0,,,,,26.0,,18.0,18.0,3.0,,62.0,53.0,27.0,9.0,1.0,3.0,5.0,6.0,282.0,,,2.0,,52.0,48.0,19.0,,,,,120.0,120.0,,24.0,18.0,35.6,,,,1.0,12.0,0.0,,,,59.0,3.0,,3.0,,2.0,2.0,3.0,,,5.0,86.0,226.0,10.0,8.0,136.0,21.0,49.0,14.0,5.0,14.0,9.0,103782.58,2.0,112.0,8.0,181.0,1.0,,26.0,2.0,51.0,3.0,303.0,1.0,0.0,10.0,20.0,1.0,16.0,4.0,513.0,16.0,12.0,4.0,5.0,9.0,0.0
2444647,18.0,2024-12-26 15:00:00,17,Nott'm Forest,Home,84.0,16.0,1.0,1.0,,2.0,,108.0,3.0,,4.0,7.0,4.0,19.0,191.0,,1.0,6.0,13.0,12.0,3.0,1.0,1.0,4.0,,,,,,,1.0,9.0,,,,,8.0,7.0,6.0,7.0,3.0,,45.0,50.0,1.0,1.0,1.0,1.0,14.0,2.0,10.0,,,2.0,2.0,2.0,,7.0,2.0,46.0,55.0,1.0,32.0,12.0,,,,,,,,39.0,12.0,13.0,,,2.0,1.0,,109.0,1.0,,1.0,1.0,,1.0,9.0,,,1.0,1.0,,,,,12.0,,10.0,10.0,1.0,4.0,62.0,51.0,24.0,7.0,1.0,3.0,2.0,3.0,238.0,,,5.0,,56.0,35.0,16.0,,,,,117.0,117.0,6.0,29.0,10.0,29.6,,,,2.0,18.0,0.0,,,,45.0,4.0,,4.0,,1.0,4.0,5.0,,,5.0,67.0,178.0,14.0,5.0,101.0,26.0,32.0,13.0,1.0,6.0,5.0,102450.29,5.0,101.0,6.0,166.0,1.0,,27.0,5.0,50.0,4.0,261.0,,0.0,10.0,21.0,1.0,12.0,3.0,454.0,18.0,21.0,9.0,2.0,13.0,0.0
2444653,19.0,2024-12-29 15:00:00,17,Nott'm Forest,Away,97.0,6.0,,1.0,1.0,4.0,,100.0,9.0,,4.0,10.0,4.0,22.0,196.0,,3.0,4.0,27.0,22.0,5.0,,,4.0,,,,,,,3.0,11.0,,,,,5.0,9.0,4.0,7.0,4.0,,36.0,63.0,3.0,5.0,,2.0,7.0,,12.0,,,4.0,2.0,1.0,,13.0,,64.0,57.0,2.0,39.0,21.0,,,,,,,,45.0,10.0,13.0,1.0,,2.0,2.0,,142.0,2.0,,2.0,2.0,,,14.0,,,2.0,2.0,,,,,21.0,,10.0,10.0,2.0,4.0,60.0,66.0,25.0,5.0,1.0,4.0,3.0,7.0,259.0,,,2.0,,36.0,40.0,21.0,,,,,146.0,146.0,1.0,33.0,18.0,36.3,,,,1.0,13.0,0.0,,,,50.0,2.0,,2.0,,,4.0,4.0,,,5.0,45.0,180.0,7.0,7.0,133.0,19.0,39.0,7.0,3.0,8.0,5.0,105949.43,4.0,74.0,10.0,163.0,2.0,,40.0,5.0,70.0,2.0,288.0,,0.0,11.0,18.0,4.0,13.0,1.0,489.0,12.0,20.0,4.0,4.0,13.0,0.0
2444669,20.0,2025-01-06 20:00:00,17,Nott'm Forest,Away,131.0,13.0,1.0,2.0,1.0,4.0,,157.0,5.0,,3.0,6.0,3.0,21.0,286.0,2.0,1.0,8.0,12.0,16.0,4.0,1.0,1.0,2.0,1.0,,,1.0,1.0,,,7.0,,,,,5.0,9.0,4.0,8.0,3.0,,58.0,50.0,3.0,2.0,2.0,1.0,4.0,2.0,4.0,1.0,,3.0,4.0,3.0,,6.0,1.0,37.0,48.0,1.0,35.0,11.0,,2.0,,,,,,51.0,8.0,10.0,1.0,,,,1.0,136.0,3.0,,3.0,3.0,,2.0,8.0,,,3.0,,,,,,11.0,,10.0,10.0,2.0,3.0,80.0,49.0,26.0,5.0,1.0,3.0,5.0,3.0,341.0,,,6.0,3.0,77.0,36.0,26.0,,,,,123.0,123.0,,29.0,14.0,39.2,,,,3.0,11.0,0.0,,,,87.0,6.0,,5.0,,1.0,2.0,6.0,,1.0,5.0,72.0,276.0,4.0,8.0,151.0,23.0,35.0,11.0,3.0,10.0,7.0,,4.0,113.0,10.0,220.0,,,22.0,4.0,50.0,4.0,361.0,4.0,0.0,11.0,18.0,2.0,15.0,2.0,549.0,23.0,13.0,4.0,3.0,12.0,0.0
2444675,21.0,2025-01-14 20:00:00,17,Nott'm Forest,Home,79.0,14.0,,,,1.0,,80.0,7.0,,1.0,6.0,4.0,23.0,159.0,,1.0,8.0,18.0,10.0,2.0,,,1.0,,,1.0,1.0,1.0,1.0,,5.0,,,,,4.0,14.0,9.0,2.0,4.0,,32.0,44.0,1.0,,1.0,1.0,11.0,2.0,4.0,1.0,,,6.0,3.0,,3.0,3.0,39.0,46.0,1.0,58.0,28.0,,,,,,,,42.0,7.0,10.0,1.0,,2.0,,1.0,107.0,1.0,,1.0,1.0,,,13.0,,,1.0,1.0,,,,,28.0,,9.0,9.0,3.0,1.0,45.0,59.0,23.0,9.0,,,3.0,3.0,210.0,,,7.0,,41.0,25.0,21.0,,,,,127.0,127.0,1.0,25.0,13.0,29.0,,2.0,,,17.0,0.0,,,,51.0,4.0,2.0,5.0,,,1.0,1.0,,,5.0,52.0,145.0,11.0,3.0,95.0,26.0,58.0,13.0,,9.0,9.0,,1.0,85.0,8.0,149.0,1.0,,25.0,4.0,62.0,2.0,235.0,,0.0,6.0,20.0,2.0,21.0,2.0,458.0,17.0,17.0,6.0,,15.0,0.0
2444688,22.0,2025-01-19 14:00:00,17,Nott'm Forest,Home,111.0,14.0,,5.0,5.0,6.0,1.0,212.0,1.0,,,10.0,11.0,25.0,318.0,1.0,,11.0,22.0,19.0,6.0,,1.0,,1.0,,,1.0,,,,7.0,,,,3.0,3.0,8.0,2.0,9.0,5.0,,90.0,42.0,3.0,4.0,,2.0,4.0,2.0,12.0,1.0,1.0,2.0,9.0,4.0,,6.0,1.0,49.0,63.0,2.0,21.0,11.0,,,,,,,,52.0,4.0,18.0,1.0,,5.0,3.0,1.0,147.0,3.0,,1.0,2.0,1.0,,3.0,,,2.0,1.0,,,,,11.0,,8.0,8.0,2.0,,72.0,54.0,30.0,8.0,2.0,4.0,5.0,5.0,368.0,,,5.0,2.0,110.0,53.0,26.0,,,,,116.0,116.0,4.0,18.0,19.0,44.5,,,,1.0,11.0,0.0,,,,77.0,2.0,,1.0,,,,7.0,,,5.0,115.0,307.0,4.0,9.0,124.0,20.0,21.0,12.0,2.0,18.0,16.0,,,148.0,8.0,280.0,1.0,,27.0,13.0,50.0,3.0,386.0,2.0,0.0,14.0,19.0,,16.0,0.0,568.0,26.0,14.0,7.0,2.0,11.0,0.0
2444690,23.0,2025-01-25 15:00:00,17,Nott'm Forest,Away,113.0,14.0,2.0,6.0,4.0,3.0,1.0,146.0,4.0,,3.0,11.0,4.0,19.0,253.0,,,16.0,9.0,20.0,10.0,2.0,4.0,,,1.0,,2.0,,1.0,,8.0,,,1.0,3.0,3.0,11.0,5.0,11.0,7.0,,49.0,46.0,1.0,1.0,,2.0,10.0,5.0,11.0,,,9.0,8.0,5.0,,16.0,3.0,54.0,48.0,2.0,24.0,12.0,2.0,,,,,,,56.0,12.0,9.0,,,3.0,1.0,2.0,152.0,,,,,,,5.0,,,,,,,,,12.0,1.0,5.0,5.0,,3.0,75.0,64.0,37.0,3.0,,5.0,7.0,4.0,319.0,,,3.0,2.0,55.0,50.0,36.0,,,,,146.0,146.0,3.0,23.0,14.0,49.0,1.0,,,1.0,22.0,0.0,,,,62.0,3.0,2.0,5.0,,2.0,,9.0,2.0,,5.0,82.0,237.0,10.0,12.0,127.0,23.0,24.0,14.0,9.0,23.0,14.0,101257.46,,131.0,11.0,234.0,1.0,,23.0,4.0,44.0,2.0,338.0,3.0,0.0,18.0,11.0,4.0,20.0,3.0,540.0,34.0,14.0,8.0,9.0,6.0,0.0
2444708,24.0,2025-02-01 12:30:00,17,Nott'm Forest,Home,126.0,17.0,2.0,4.0,2.0,1.0,,134.0,2.0,2.0,2.0,8.0,5.0,26.0,256.0,,1.0,12.0,8.0,16.0,7.0,1.0,2.0,2.0,,,,,,,1.0,11.0,1.0,,1.0,,3.0,6.0,4.0,11.0,3.0,,61.0,55.0,4.0,1.0,5.0,1.0,10.0,1.0,14.0,,,4.0,4.0,1.0,,13.0,3.0,51.0,63.0,1.0,38.0,22.0,,,1.47644,3.4085,,4.5034,1.3336,47.0,8.0,12.0,3.0,,3.0,1.0,,130.0,4.0,1.0,3.0,3.0,1.0,,7.0,,,4.0,,,,,,22.0,1.0,7.0,7.0,,2.0,70.0,61.0,36.0,6.0,2.0,4.0,8.0,9.0,305.0,,,2.0,,70.0,35.0,15.0,,,,1.0,122.0,122.0,7.0,28.0,12.0,37.4,1.0,,,,22.0,0.0,,,,65.0,3.0,2.0,6.0,,,2.0,4.0,,1.0,5.0,65.0,246.0,10.0,12.0,148.0,27.0,38.0,23.0,4.0,10.0,6.0,110847.11,2.0,91.0,7.0,188.0,,2.0,20.0,6.0,50.0,1.0,326.0,1.0,0.0,14.0,21.0,1.0,13.0,1.0,543.0,29.0,23.0,15.0,4.0,15.0,0.0
2444713,25.0,2025-02-15 15:00:00,17,Nott'm Forest,Away,160.0,20.0,,4.0,4.0,3.0,,187.0,5.0,,7.0,7.0,8.0,25.0,343.0,,,4.0,16.0,15.0,4.0,,,,,,,,,,,6.0,,,,1.0,1.0,20.0,4.0,6.0,2.0,,81.0,48.0,,,,2.0,4.0,3.0,5.0,,,4.0,8.0,5.0,,3.0,4.0,37.0,44.0,2.0,30.0,17.0,,,0.271586,0.4248,,1.0642,3.7715,51.0,8.0,12.0,1.0,,1.0,1.0,,142.0,1.0,,1.0,1.0,,,8.0,,,1.0,,,,,,17.0,,8.0,8.0,2.0,8.0,85.0,52.0,28.0,8.0,,2.0,3.0,2.0,380.0,,,6.0,1.0,82.0,36.0,25.0,,,,,110.0,110.0,,17.0,22.0,44.5,,,,1.0,8.0,0.0,,,,96.0,6.0,2.0,8.0,,1.0,,3.0,,,3.0,85.0,325.0,4.0,5.0,170.0,27.0,30.0,12.0,4.0,18.0,14.0,102261.22,,109.0,5.0,252.0,,,23.0,9.0,49.0,1.0,404.0,,0.0,8.0,10.0,,10.0,0.0,584.0,16.0,18.0,7.0,4.0,7.0,0.0
2444728,26.0,2025-02-23 14:00:00,17,Nott'm Forest,Away,89.0,11.0,3.0,8.0,5.0,4.0,,172.0,3.0,,2.0,5.0,3.0,12.0,253.0,,,16.0,20.0,15.0,8.0,2.0,6.0,,,,,,1.0,,,9.0,,,,1.0,4.0,13.0,,10.0,7.0,,58.0,54.0,3.0,2.0,2.0,1.0,13.0,7.0,13.0,,,6.0,9.0,4.0,1.0,6.0,1.0,63.0,58.0,1.0,25.0,13.0,,1.0,1.40501,1.7871,,1.9912,2.6398,61.0,13.0,10.0,,,2.0,1.0,,143.0,1.0,,1.0,,1.0,,5.0,,,1.0,,,,,2.0,13.0,,3.0,3.0,,2.0,70.0,61.0,16.0,7.0,1.0,5.0,6.0,5.0,324.0,,,5.0,,73.0,48.0,30.0,1.0,1.0,1.0,,147.0,147.0,5.0,24.0,23.0,42.9,,3.0,,1.0,19.0,0.0,,,,74.0,1.0,,1.0,,,,5.0,1.0,1.0,2.0,78.0,237.0,13.0,11.0,105.0,33.0,25.0,20.0,6.0,20.0,14.0,103469.48,,122.0,8.0,260.0,1.0,,23.0,4.0,50.0,,345.0,1.0,0.0,17.0,28.0,2.0,19.0,4.0,555.0,27.0,20.0,6.0,6.0,20.0,0.0
2444733,27.0,2025-02-26 19:30:00,17,Nott'm Forest,Home,99.0,11.0,,4.0,4.0,3.0,2.0,104.0,3.0,,,10.0,2.0,19.0,199.0,,,10.0,16.0,14.0,4.0,,,,,,,,,,,4.0,,,,2.0,4.0,8.0,5.0,4.0,2.0,,47.0,39.0,1.0,1.0,,2.0,2.0,3.0,12.0,,,3.0,11.0,2.0,,10.0,,51.0,52.0,2.0,31.0,19.0,,1.0,0.31532,0.4023,,0.3842,0.3866,44.0,10.0,15.0,,,1.0,3.0,,104.0,,,,,,,7.0,,,,,,,,1.0,19.0,,8.0,8.0,1.0,,58.0,58.0,25.0,11.0,,1.0,3.0,2.0,240.0,,,9.0,1.0,39.0,49.0,20.0,,,,,116.0,116.0,5.0,24.0,5.0,34.9,,,,,10.0,0.0,,,,59.0,1.0,,1.0,,1.0,,1.0,,,3.0,58.0,182.0,2.0,4.0,113.0,24.0,31.0,9.0,2.0,18.0,16.0,100252.38,,92.0,6.0,173.0,,,24.0,2.0,47.0,1.0,268.0,,0.0,6.0,18.0,1.0,16.0,1.0,438.0,16.0,11.0,5.0,3.0,10.0,0.0
2444746,28.0,2025-03-08 12:30:00,17,Nott'm Forest,Home,86.0,14.0,1.0,7.0,6.0,2.0,2.0,129.0,9.0,,4.0,3.0,2.0,17.0,208.0,,,11.0,8.0,10.0,6.0,2.0,1.0,2.0,,,,,,,,7.0,,,,1.0,3.0,6.0,8.0,6.0,3.0,,43.0,42.0,,,,5.0,10.0,2.0,13.0,,,3.0,9.0,5.0,,13.0,2.0,47.0,41.0,5.0,25.0,7.0,,2.0,0.377092,0.7263,,0.8592,0.5451,50.0,9.0,7.0,,,1.0,2.0,,125.0,1.0,,,1.0,,,12.0,,,1.0,,,,,,7.0,1.0,5.0,5.0,1.0,4.0,46.0,56.0,32.0,2.0,1.0,3.0,6.0,4.0,241.0,,,3.0,,77.0,30.0,23.0,,,,,106.0,106.0,2.0,19.0,15.0,30.9,,,,,15.0,0.0,,,,47.0,,3.0,3.0,,2.0,2.0,3.0,,,4.0,72.0,193.0,10.0,9.0,96.0,32.0,25.0,12.0,2.0,18.0,16.0,103969.03,2.0,108.0,4.0,183.0,,,11.0,2.0,46.0,1.0,261.0,1.0,0.0,9.0,17.0,1.0,15.0,3.0,444.0,18.0,19.0,7.0,3.0,8.0,0.0
2444755,29.0,2025-03-15 15:00:00,17,Nott'm Forest,Away,97.0,7.0,,1.0,1.0,2.0,,184.0,4.0,,2.0,7.0,4.0,21.0,280.0,,,15.0,13.0,14.0,4.0,,3.0,2.0,,,,,,,1.0,8.0,,,,,5.0,4.0,7.0,6.0,5.0,,87.0,44.0,2.0,,3.0,3.0,1.0,1.0,9.0,1.0,,3.0,6.0,2.0,1.0,6.0,,44.0,36.0,3.0,33.0,21.0,,1.0,0.634017,1.517,,2.6686,0.6986,58.0,13.0,3.0,,,,,,153.0,3.0,,1.0,3.0,,2.0,9.0,,,3.0,,,,,,21.0,,3.0,3.0,1.0,2.0,69.0,66.0,32.0,6.0,2.0,2.0,5.0,6.0,336.0,,,3.0,1.0,121.0,30.0,25.0,,,,,125.0,125.0,2.0,16.0,20.0,44.3,,,,,13.0,0.0,,,,47.0,,2.0,1.0,,2.0,2.0,4.0,,1.0,5.0,95.0,271.0,1.0,7.0,111.0,17.0,33.0,8.0,3.0,11.0,8.0,103898.23,4.0,131.0,4.0,256.0,,,28.0,4.0,58.0,1.0,356.0,,0.0,11.0,15.0,1.0,22.0,1.0,519.0,19.0,20.0,4.0,3.0,11.0,0.0
2444763,30.0,2025-04-01 20:00:00,17,Nott'm Forest,Home,78.0,10.0,,3.0,3.0,3.0,1.0,152.0,3.0,,,6.0,5.0,17.0,227.0,,1.0,11.0,21.0,17.0,6.0,,1.0,1.0,,,,,,,,6.0,,,,1.0,3.0,16.0,7.0,6.0,2.0,,67.0,59.0,,,,6.0,8.0,2.0,11.0,1.0,,3.0,5.0,3.0,,9.0,1.0,56.0,59.0,6.0,42.0,25.0,,1.0,0.657893,0.4753,,0.9684,0.4077,62.0,5.0,12.0,,,1.0,1.0,,120.0,1.0,,,1.0,,1.0,11.0,,,1.0,,,,,,25.0,,6.0,6.0,,,53.0,60.0,28.0,10.0,1.0,3.0,4.0,2.0,280.0,,,9.0,2.0,59.0,43.0,19.0,,,,,134.0,134.0,8.0,23.0,20.0,31.8,,,,,17.0,0.0,,,,70.0,5.0,1.0,5.0,,,1.0,4.0,,,5.0,82.0,213.0,8.0,7.0,92.0,21.0,42.0,25.0,2.0,11.0,9.0,110390.83,1.0,124.0,6.0,229.0,,,25.0,6.0,52.0,1.0,310.0,,0.0,8.0,16.0,1.0,14.0,1.0,523.0,17.0,18.0,15.0,3.0,7.0,0.0
2444770,31.0,2025-04-05 17:30:00,17,Nott'm Forest,Away,132.0,11.0,,3.0,3.0,2.0,,198.0,7.0,1.0,6.0,7.0,7.0,19.0,327.0,1.0,,5.0,7.0,12.0,15.0,1.0,2.0,1.0,,,,,,,,16.0,,1.0,,1.0,11.0,13.0,4.0,10.0,9.0,,60.0,55.0,,,,,7.0,2.0,9.0,,,4.0,7.0,7.0,,8.0,2.0,45.0,45.0,,20.0,5.0,,1.0,0.611163,1.4806,,0.7509,2.8762,55.0,15.0,7.0,,1.0,,,,148.0,1.0,,1.0,1.0,,,10.0,,,1.0,,,,,,5.0,1.0,9.0,9.0,1.0,6.0,102.0,60.0,32.0,4.0,,12.0,5.0,3.0,369.0,,,3.0,1.0,83.0,56.0,25.0,,,,,108.0,108.0,4.0,15.0,30.0,47.9,1.0,,,1.0,12.0,0.0,,,,79.0,5.0,1.0,6.0,,1.0,1.0,14.0,,1.0,3.0,88.0,312.0,7.0,17.0,149.0,23.0,20.0,11.0,3.0,17.0,14.0,102687.94,1.0,110.0,4.0,257.0,,1.0,17.0,7.0,43.0,5.0,389.0,1.0,0.0,19.0,21.0,3.0,7.0,2.0,561.0,23.0,9.0,5.0,4.0,12.0,0.0
2444787,32.0,2025-04-12 15:00:00,17,Nott'm Forest,Home,133.0,11.0,,4.0,4.0,1.0,,120.0,5.0,,3.0,1.0,6.0,10.0,249.0,,1.0,9.0,24.0,19.0,8.0,,,,,,,,,,,8.0,,,,1.0,5.0,8.0,5.0,5.0,5.0,,43.0,37.0,,,,1.0,8.0,3.0,5.0,,,1.0,5.0,6.0,,4.0,1.0,47.0,48.0,1.0,43.0,26.0,1.0,,0.349029,0.5165,,0.7796,1.3467,50.0,9.0,13.0,,,1.0,,,127.0,,,,,,,9.0,,,,,,,,,26.0,,5.0,5.0,,3.0,83.0,71.0,36.0,7.0,,1.0,7.0,5.0,307.0,,,3.0,2.0,61.0,41.0,20.0,,,,,122.0,122.0,,18.0,15.0,42.4,,,,,12.0,0.0,,,,80.0,4.0,,4.0,,2.0,,2.0,,,2.0,49.0,230.0,8.0,8.0,152.0,31.0,43.0,6.0,1.0,12.0,11.0,99677.76,,86.0,6.0,193.0,,,19.0,6.0,47.0,2.0,333.0,,0.0,10.0,15.0,2.0,18.0,0.0,506.0,8.0,8.0,1.0,1.0,9.0,0.0
2444798,33.0,2025-04-21 20:00:00,17,Nott'm Forest,Away,89.0,12.0,,1.0,1.0,2.0,,77.0,6.0,,1.0,4.0,,24.0,165.0,,1.0,18.0,9.0,20.0,2.0,,1.0,,,,,,,,,2.0,,,,1.0,4.0,16.0,6.0,1.0,3.0,,37.0,36.0,1.0,,1.0,5.0,5.0,,8.0,1.0,1.0,1.0,1.0,3.0,,9.0,3.0,43.0,67.0,5.0,54.0,31.0,,1.0,0.376329,0.4804,,1.4045,1.1071,48.0,12.0,11.0,1.0,,2.0,,,104.0,2.0,,1.0,1.0,1.0,,14.0,,,,,,,,,31.0,,9.0,9.0,,1.0,54.0,63.0,20.0,7.0,1.0,1.0,3.0,3.0,215.0,,,5.0,2.0,44.0,24.0,10.0,,,,,118.0,118.0,3.0,16.0,14.0,30.0,,,,1.0,9.0,0.0,,,,48.0,3.0,2.0,4.0,,1.0,,1.0,,,5.0,36.0,152.0,5.0,4.0,101.0,30.0,54.0,11.0,1.0,5.0,4.0,110443.15,,76.0,6.0,147.0,,,23.0,,66.0,3.0,243.0,,0.0,4.0,30.0,2.0,23.0,4.0,460.0,4.0,12.0,6.0,1.0,17.0,0.0
2444807,34.0,2025-05-01 19:30:00,17,Nott'm Forest,Home,136.0,17.0,1.0,5.0,4.0,,1.0,175.0,4.0,,4.0,4.0,6.0,26.0,306.0,,,16.0,17.0,15.0,8.0,3.0,3.0,,,,,,,1.0,,7.0,,,,3.0,5.0,10.0,1.0,11.0,3.0,,45.0,57.0,,,,,3.0,5.0,10.0,,,4.0,11.0,11.0,,13.0,1.0,51.0,43.0,,32.0,19.0,,,0.814783,0.8987,,0.8483,1.7403,44.0,10.0,12.0,,,3.0,2.0,,134.0,,,,,,,4.0,,,,,,,,2.0,19.0,,8.0,8.0,,4.0,97.0,58.0,30.0,5.0,,3.0,8.0,5.0,366.0,,,3.0,,78.0,61.0,36.0,,,,,136.0,136.0,4.0,24.0,24.0,54.6,,,,1.0,11.0,0.0,,,,105.0,1.0,,1.0,,,,4.0,3.0,,5.0,102.0,291.0,3.0,11.0,149.0,33.0,32.0,11.0,4.0,28.0,24.0,98604.99,,135.0,5.0,260.0,,,17.0,7.0,50.0,4.0,381.0,1.0,0.0,14.0,8.0,,20.0,3.0,575.0,35.0,14.0,8.0,4.0,4.0,0.0
2444815,35.0,2025-05-05 20:00:00,17,Nott'm Forest,Away,141.0,11.0,,4.0,4.0,,1.0,200.0,4.0,,1.0,12.0,11.0,24.0,337.0,,1.0,11.0,16.0,22.0,6.0,,2.0,2.0,,,1.0,1.0,,1.0,,7.0,,,,1.0,5.0,14.0,6.0,7.0,5.0,,75.0,48.0,,,,2.0,8.0,6.0,11.0,,,4.0,4.0,7.0,1.0,5.0,1.0,52.0,46.0,2.0,54.0,29.0,,2.0,0.669938,0.7299,0.0409,1.5013,1.0346,71.0,15.0,9.0,,,3.0,1.0,1.0,144.0,1.0,,,,1.0,,8.0,,,,2.0,,,,,29.0,,10.0,10.0,1.0,1.0,100.0,59.0,36.0,7.0,,2.0,5.0,4.0,392.0,,,6.0,4.0,118.0,32.0,28.0,1.0,1.0,1.0,,125.0,125.0,3.0,22.0,21.0,50.7,,,1.0,1.0,16.0,0.0,,,,91.0,2.0,,2.0,,,2.0,2.0,,,3.0,89.0,325.0,8.0,7.0,161.0,27.0,54.0,8.0,4.0,16.0,12.0,102162.84,2.0,123.0,3.0,265.0,2.0,,22.0,12.0,49.0,1.0,410.0,1.0,0.0,12.0,13.0,1.0,20.0,8.0,626.0,16.0,15.0,2.0,4.0,6.0,0.0
2444826,36.0,2025-05-11 14:15:00,17,Nott'm Forest,Home,185.0,12.0,2.0,8.0,6.0,1.0,1.0,191.0,3.0,,1.0,3.0,6.0,16.0,368.0,,,12.0,17.0,17.0,6.0,1.0,1.0,1.0,1.0,,,1.0,,,,11.0,,,,2.0,4.0,7.0,3.0,10.0,5.0,,58.0,39.0,3.0,2.0,2.0,1.0,6.0,5.0,7.0,,,4.0,14.0,6.0,,9.0,1.0,46.0,49.0,1.0,25.0,14.0,,1.0,0.619495,1.3026,0.0484,1.722,2.4377,53.0,11.0,11.0,1.0,,4.0,3.0,1.0,136.0,2.0,1.0,2.0,1.0,1.0,,7.0,,,1.0,,,,,,14.0,,4.0,4.0,,1.0,125.0,70.0,47.0,4.0,1.0,2.0,7.0,4.0,414.0,,,,1.0,104.0,47.0,27.0,,,,,115.0,115.0,2.0,15.0,20.0,55.7,,2.0,1.0,1.0,18.0,0.0,,,,114.0,2.0,2.0,4.0,,1.0,1.0,6.0,,,3.0,81.0,356.0,6.0,10.0,201.0,17.0,25.0,6.0,4.0,27.0,23.0,98818.59,1.0,110.0,4.0,259.0,,,10.0,6.0,32.0,1.0,433.0,,0.0,15.0,17.0,,16.0,3.0,604.0,18.0,14.0,4.0,4.0,8.0,0.0
2444839,37.0,2025-05-18 14:15:00,17,Nott'm Forest,Away,112.0,17.0,3.0,6.0,3.0,1.0,1.0,150.0,5.0,,,7.0,12.0,19.0,256.0,,4.0,15.0,19.0,12.0,5.0,1.0,1.0,1.0,,,,,,,,4.0,,,1.0,2.0,4.0,13.0,3.0,7.0,3.0,,52.0,48.0,2.0,3.0,1.0,1.0,4.0,3.0,11.0,,,7.0,8.0,6.0,1.0,13.0,3.0,56.0,61.0,1.0,43.0,23.0,,,1.2916,1.9581,,2.576,1.0556,56.0,7.0,14.0,,,3.0,1.0,,128.0,1.0,1.0,1.0,,1.0,,9.0,,,1.0,,,,,,23.0,1.0,17.0,17.0,4.0,,77.0,58.0,33.0,8.0,1.0,2.0,5.0,5.0,300.0,,,5.0,1.0,75.0,34.0,31.0,,,,,127.0,127.0,3.0,24.0,20.0,39.3,1.0,,,1.0,8.0,0.0,,,,69.0,4.0,,4.0,,,1.0,2.0,,,5.0,75.0,240.0,4.0,7.0,129.0,30.0,43.0,8.0,6.0,21.0,15.0,106455.46,1.0,110.0,5.0,218.0,,,26.0,13.0,47.0,2.0,326.0,2.0,0.0,10.0,33.0,7.0,22.0,3.0,558.0,29.0,13.0,2.0,7.0,19.0,0.0
2444846,38.0,2025-05-25 16:00:00,17,Nott'm Forest,Home,179.0,12.0,3.0,7.0,4.0,2.0,,180.0,3.0,1.0,4.0,5.0,8.0,21.0,352.0,,1.0,21.0,9.0,10.0,5.0,1.0,5.0,,,,1.0,1.0,,,1.0,4.0,,,,,5.0,4.0,2.0,8.0,2.0,,65.0,48.0,2.0,2.0,,1.0,8.0,4.0,4.0,,,7.0,14.0,12.0,,8.0,,38.0,37.0,1.0,22.0,10.0,1.0,,0.848475,1.1952,0.0339,0.1179,1.1095,64.0,10.0,11.0,,,2.0,1.0,1.0,152.0,,,,,,,3.0,,,,,,,,,10.0,,3.0,3.0,,4.0,99.0,58.0,38.0,4.0,,2.0,4.0,2.0,405.0,,,2.0,1.0,60.0,73.0,37.0,,,,,133.0,133.0,4.0,23.0,16.0,51.8,,,,,14.0,0.0,,,,104.0,1.0,,1.0,,1.0,,4.0,1.0,,3.0,92.0,337.0,8.0,6.0,194.0,25.0,22.0,9.0,6.0,33.0,27.0,103241.99,,134.0,3.0,259.0,,1.0,20.0,9.0,49.0,5.0,420.0,2.0,0.0,10.0,14.0,2.0,25.0,2.0,607.0,28.0,14.0,2.0,7.0,9.0,0.0
