season,matchId,gameweek,team_id,team,venue,playerId,pl_code,playerName,slug,position,substitute,accurateCross,accurateKeeperSweeper,accurateLongBalls,accurateOppositionHalfPasses,accurateOwnHalfPasses,accuratePass,aerialLost,aerialWon,ballRecovery,bigChanceCreated,bigChanceMissed,blockedScoringAttempt,challengeLost,clearanceOffLine,crossNotClaimed,dispossessed,duelLost,duelWon,errorLeadToAGoal,errorLeadToAShot,fouls,goalAssist,goals,goodHighClaim,hitWoodwork,interceptionWon,keyPass,lastManTackle,minutesPlayed,onTargetScoringAttempt,outfielderBlock,ownGoals,penaltyConceded,penaltyFaced,penaltyMiss,penaltySave,penaltyWon,possessionLostCtrl,punches,rating,savedShotsFromInsideTheBox,saves,shotOffTarget,substitute.1,totalClearance,totalContest,totalCross,totalKeeperSweeper,totalLongBalls,totalOffside,totalOppositionHalfPasses,totalOwnHalfPasses,totalPass,totalShots,totalTackle,touches,unsuccessfulTouch,wasFouled,wonContest,wonTackle
2017-18,7437078,1,36,Brighton_and_Hove_Albion,Home,693,15137,Liam Rosenior,liam-rosenior,D,True,,,,,,,,,,,,,,,,,,,,,,,,,,,,,,,,,,,,,,,,,,,,,,,,,,,,,,0,,,,,,
2017-18,7437078,1,36,Brighton_and_Hove_Albion,Home,6948,43808,Markus Suttner,markus-suttner,D,False,,,,5.0,7.0,12.0,1.0,1.0,4.0,,,,,,,,2.0,3.0,,,,,,,,1.0,,,90.0,,,,,,,,,12.0,,6.7,,,,,6.0,1.0,1.0,,2.0,,9.0,10.0,18.0,0,2.0,41.0,,,,
2017-18,7437078,1,36,Brighton_and_Hove_Albion,Home,8944,19071,Uwe Hünemeier,uwe-hunemeier,D,True,,,,,,,,,,,,,,,,,,,,,,,,,,,,,,,,,,,,,,,,,,,,,,,,,,,,,,0,,,,,,
2017-18,7437078,1,36,Brighton_and_Hove_Albion,Home,27839,11352,Bruno Saltor,bruno-saltor,D,False,,,1.0,6.0,11.0,17.0,,,8.0,,,,,,,,,4.0,,,,,,,,3.0,,,90.0,,2.0,,,,,,,14.0,,7.1,,,,,2.0,1.0,1.0,,4.0,,13.0,13.0,25.0,0,1.0,46.0,,2.0,1.0,
2017-18,7437078,1,36,Brighton_and_Hove_Albion,Home,55570,61933,Shane Duffy,shane-duffy,D,False,,,,1.0,7.0,8.0,,,1.0,,,1.0,,,,,,,,1.0,,,,,,,,,90.0,,1.0,,,,,,,4.0,,6.3,,,,,9.0,,,,2.0,,3.0,9.0,12.0,1,,24.0,,,,
2017-18,7437078,1,36,Brighton_and_Hove_Albion,Home,115365,83299,Lewis Dunk,lewis-dunk,D,False,,,2.0,3.0,5.0,8.0,1.0,2.0,3.0,,,1.0,1.0,,,,2.0,3.0,,,,,,,,3.0,1.0,,90.0,2.0,2.0,1.0,,,,,,4.0,,7.0,,,,,7.0,,,,5.0,,6.0,5.0,11.0,3,,30.0,,1.0,,
2017-18,7437729,2,36,Brighton_and_Hove_Albion,Away,693,15137,Liam Rosenior,liam-rosenior,D,True,,,,,,,,,,,,,,,,,,,,,,,,,,,,,,,,,,,,,,,,,,,,,,,,,,,,,,0,,,,,,
2017-18,7437729,2,36,Brighton_and_Hove_Albion,Away,6948,43808,Markus Suttner,markus-suttner,D,False,,,4.0,17.0,15.0,32.0,,1.0,5.0,,,,1.0,,,,2.0,3.0,,1.0,1.0,,,,,1.0,,,90.0,,,,,,,,,15.0,,6.2,,,,,1.0,,3.0,,9.0,,24.0,18.0,39.0,0,2.0,65.0,3.0,,,
2017-18,7437729,2,36,Brighton_and_Hove_Albion,Away,8944,19071,Uwe Hünemeier,uwe-hunemeier,D,True,,,,,,,,,,,,,,,,,,,,,,,,,,,,,,,,,,,,,,,,,,,,,,,,,,,,,,0,,,,,,
2017-18,7437729,2,36,Brighton_and_Hove_Albion,Away,14193,42748,Gaëtan Bong,gaetan-bong,D,True,,,,,,,,,,,,,,,,,,,,,,,,,,,,,,,,,,,,,,,,,,,,,,,,,,,,,,0,,,,,,
2017-18,7437729,2,36,Brighton_and_Hove_Albion,Away,27839,11352,Bruno Saltor,bruno-saltor,D,False,1.0,,5.0,21.0,45.0,65.0,1.0,1.0,5.0,,,,,,,,3.0,2.0,,,2.0,,,,,,,,90.0,,,,,,,,,9.0,,6.7,,,,,1.0,,4.0,,7.0,,28.0,47.0,71.0,0,1.0,83.0,,,,
2017-18,7437729,2,36,Brighton_and_Hove_Albion,Away,55570,61933,Shane Duffy,shane-duffy,D,False,,,6.0,7.0,46.0,53.0,1.0,5.0,6.0,,,,,,,1.0,3.0,8.0,,,1.0,,,,,1.0,,,90.0,,2.0,,,,,,,11.0,,7.0,,,,,8.0,,,,12.0,,14.0,48.0,62.0,0,2.0,79.0,1.0,1.0,,
2017-18,7437729,2,36,Brighton_and_Hove_Albion,Away,115365,83299,Lewis Dunk,lewis-dunk,D,False,,,9.0,4.0,38.0,42.0,,3.0,5.0,,,,,,,,1.0,4.0,,,1.0,,,,,1.0,,,90.0,,2.0,,,,,,,15.0,,7.0,,,,,4.0,,,,16.0,,12.0,42.0,54.0,0,1.0,65.0,2.0,,,
2017-18,7437784,3,36,Brighton_and_Hove_Albion,Away,693,15137,Liam Rosenior,liam-rosenior,D,True,,,,7.0,4.0,11.0,,2.0,,,,,2.0,,,,3.0,3.0,,,1.0,,,,,1.0,,,45.0,,,,,,,,,5.0,,6.5,,,,,1.0,,,,1.0,,10.0,4.0,14.0,0,1.0,24.0,,,,
2017-18,7437784,3,36,Brighton_and_Hove_Albion,Away,6948,43808,Markus Suttner,markus-suttner,D,False,1.0,,6.0,27.0,14.0,40.0,,,6.0,,,1.0,2.0,,,,3.0,2.0,,,1.0,,,,,1.0,1.0,,90.0,,,,,,,,,6.0,,7.0,,,,,,,4.0,,9.0,,33.0,14.0,43.0,1,2.0,61.0,,,,
2017-18,7437784,3,36,Brighton_and_Hove_Albion,Away,8944,19071,Uwe Hünemeier,uwe-hunemeier,D,True,,,,,,,,,,,,,,,,,,,,,,,,,,,,,,,,,,,,,,,,,,,,,,,,,,,,,,0,,,,,,
2017-18,7437784,3,36,Brighton_and_Hove_Albion,Away,27839,11352,Bruno Saltor,bruno-saltor,D,False,,,1.0,7.0,10.0,17.0,1.0,3.0,3.0,,,,,,,,4.0,5.0,,,3.0,,,,,,,,45.0,,,,,,,,,7.0,,6.5,,,,,4.0,1.0,,,3.0,,12.0,11.0,23.0,0,,32.0,1.0,1.0,1.0,
2017-18,7437784,3,36,Brighton_and_Hove_Albion,Away,55570,61933,Shane Duffy,shane-duffy,D,False,,,6.0,8.0,40.0,48.0,6.0,3.0,7.0,,,,,,,,7.0,4.0,,,2.0,,,,,2.0,1.0,,90.0,,,,,,,,,11.0,,7.2,,,1.0,,11.0,,,,14.0,,13.0,45.0,58.0,1,1.0,74.0,,,,
2017-18,7437784,3,36,Brighton_and_Hove_Albion,Away,115365,83299,Lewis Dunk,lewis-dunk,D,False,,,6.0,18.0,34.0,52.0,2.0,2.0,6.0,,,1.0,,,,,2.0,4.0,,,,,,,,2.0,,,90.0,,1.0,,,,,,,8.0,,7.4,,,1.0,,3.0,1.0,,,11.0,,22.0,36.0,58.0,2,,72.0,1.0,1.0,1.0,
2017-18,7437790,4,36,Brighton_and_Hove_Albion,Home,693,15137,Liam Rosenior,liam-rosenior,D,True,,,,3.0,3.0,6.0,1.0,,2.0,,,,,,,,1.0,1.0,,,,,,,,,,,28.0,,1.0,,,,,,,5.0,,6.6,,,,,2.0,,,,2.0,,5.0,4.0,9.0,0,1.0,15.0,,,,
2017-18,7437790,4,36,Brighton_and_Hove_Albion,Home,6948,43808,Markus Suttner,markus-suttner,D,False,,,2.0,7.0,17.0,24.0,4.0,,3.0,,,,1.0,,,,5.0,2.0,,,,,,,,,,,90.0,,,,,,,,,10.0,,6.4,,,,,4.0,,,,7.0,,11.0,22.0,33.0,0,2.0,46.0,,,,
2017-18,7437790,4,36,Brighton_and_Hove_Albion,Home,8944,19071,Uwe Hünemeier,uwe-hunemeier,D,True,,,,,,,,,,,,,,,,,,,,,,,,,,,,,,,,,,,,,,,,,,,,,,,,,,,,,,0,,,,,,
2017-18,7437790,4,36,Brighton_and_Hove_Albion,Home,27839,11352,Bruno Saltor,bruno-saltor,D,False,,,3.0,16.0,18.0,34.0,,,5.0,,,,,,,,1.0,1.0,,,1.0,,,,,2.0,,,62.0,,,,,,,,,13.0,,6.8,,,,,1.0,,2.0,,5.0,,24.0,19.0,41.0,0,,58.0,1.0,1.0,,
2017-18,7437790,4,36,Brighton_and_Hove_Albion,Home,55570,61933,Shane Duffy,shane-duffy,D,False,,,2.0,6.0,37.0,43.0,3.0,10.0,6.0,,,,1.0,,,,4.0,12.0,,,,,,,,2.0,,,90.0,1.0,,,,,,,,4.0,,7.4,,,,,13.0,1.0,,,5.0,1.0,10.0,37.0,47.0,1,1.0,67.0,,1.0,1.0,
2017-18,7437790,4,36,Brighton_and_Hove_Albion,Home,115365,83299,Lewis Dunk,lewis-dunk,D,False,,,5.0,18.0,35.0,53.0,1.0,1.0,6.0,,,,,,,,1.0,3.0,,,,,,,,2.0,1.0,,90.0,,,,,,,,,11.0,,7.3,,,,,7.0,,,,13.0,,27.0,36.0,63.0,0,2.0,75.0,1.0,,,
2017-18,7437800,5,36,Brighton_and_Hove_Albion,Away,693,15137,Liam Rosenior,liam-rosenior,D,False,,,3.0,18.0,12.0,30.0,,,3.0,,,,1.0,,,,1.0,2.0,,,,,,,,3.0,,,90.0,,,,,,,,,20.0,,6.7,,,2.0,,4.0,,1.0,,6.0,,23.0,20.0,42.0,2,2.0,72.0,,,,
2017-18,7437800,5,36,Brighton_and_Hove_Albion,Away,6948,43808,Markus Suttner,markus-suttner,D,False,,,2.0,10.0,12.0,22.0,,,5.0,,,,,,,,,,,,,,,,,,,,90.0,,,,,,,,,20.0,,6.1,,,,,1.0,,3.0,,13.0,,22.0,16.0,35.0,0,,46.0,1.0,,,
2017-18,7437800,5,36,Brighton_and_Hove_Albion,Away,8944,19071,Uwe Hünemeier,uwe-hunemeier,D,True,,,,,,,,,,,,,,,,,,,,,,,,,,,,,,,,,,,,,,,,,,,,,,,,,,,,,,0,,,,,,
2017-18,7437800,5,36,Brighton_and_Hove_Albion,Away,55570,61933,Shane Duffy,shane-duffy,D,False,,,6.0,5.0,23.0,28.0,1.0,7.0,4.0,,,1.0,1.0,,,,5.0,10.0,,2.0,2.0,,,,,6.0,1.0,,90.0,1.0,1.0,,,,,,,14.0,,7.1,,,,,11.0,2.0,,,11.0,1.0,15.0,26.0,41.0,2,1.0,66.0,,1.0,1.0,
2017-18,7437800,5,36,Brighton_and_Hove_Albion,Away,76120,74375,Ezequiel Schelotto,ezequiel-schelotto,D,True,,,,,,,,,,,,,,,,,,,,,,,,,,,,,,,,,,,,,,,,,,,,,,,,,,,,,,0,,,,,,
2017-18,7437800,5,36,Brighton_and_Hove_Albion,Away,115365,83299,Lewis Dunk,lewis-dunk,D,False,,,3.0,6.0,16.0,22.0,2.0,1.0,5.0,,,,1.0,,,1.0,5.0,3.0,,,1.0,,,,,1.0,,,90.0,,4.0,,,,,,,7.0,,7.0,,,,,4.0,,,,7.0,,10.0,18.0,28.0,0,2.0,42.0,,,,
2017-18,7437800,5,36,Brighton_and_Hove_Albion,Away,134364,85128,Connor Goldson,connor-goldson,D,True,,,,,,,,,,,,,,,,,,,,,,,,,,,,,,,,,,,,,,,,,,,,,,,,,,,,,,0,,,,,,
2017-18,7437789,6,36,Brighton_and_Hove_Albion,Home,693,15137,Liam Rosenior,liam-rosenior,D,True,,,,,,,,,,,,,,,,,,,,,,,,,,,,,,,,,,,,,,,,,,,,,,,,,,,,,,0,,,,,,
2017-18,7437789,6,36,Brighton_and_Hove_Albion,Home,6948,43808,Markus Suttner,markus-suttner,D,False,,,3.0,14.0,14.0,28.0,,2.0,2.0,,,,1.0,,,,2.0,5.0,,,1.0,,,,,3.0,,,90.0,,,,,,,,,16.0,,7.4,,,,,5.0,,4.0,,8.0,,25.0,16.0,37.0,0,3.0,67.0,,,,1.0
2017-18,7437789,6,36,Brighton_and_Hove_Albion,Home,8944,19071,Uwe Hünemeier,uwe-hunemeier,D,True,,,,,,,,,,,,,,,,,,,,,,,,,,,,,,,,,,,,,,,,,,,,,,,,,,,,,,0,,,,,,
2017-18,7437789,6,36,Brighton_and_Hove_Albion,Home,27839,11352,Bruno Saltor,bruno-saltor,D,False,1.0,,3.0,28.0,19.0,46.0,2.0,1.0,3.0,,,,1.0,,,1.0,5.0,3.0,,,,,,,,1.0,2.0,,90.0,,1.0,,,,,,,16.0,,7.3,,,,,4.0,3.0,4.0,,6.0,,41.0,19.0,56.0,0,,85.0,,,2.0,
2017-18,7437789,6,36,Brighton_and_Hove_Albion,Home,55570,61933,Shane Duffy,shane-duffy,D,False,,,4.0,6.0,37.0,43.0,4.0,7.0,4.0,,,,,,,,6.0,7.0,,,3.0,,,,,1.0,,,90.0,,3.0,,,,,,,11.0,,7.3,,,,,9.0,,,,7.0,,15.0,38.0,53.0,0,,69.0,,,,
2017-18,7437789,6,36,Brighton_and_Hove_Albion,Home,76120,74375,Ezequiel Schelotto,ezequiel-schelotto,D,True,,,,,,,,,,,,,,,,,,,,,,,,,,,,,,,,,,,,,,,,,,,,,,,,,,,,,,0,,,,,,
2017-18,7437789,6,36,Brighton_and_Hove_Albion,Home,115365,83299,Lewis Dunk,lewis-dunk,D,False,,,2.0,5.0,26.0,31.0,4.0,3.0,4.0,,,,,,,1.0,5.0,5.0,,1.0,,,,,,4.0,,,90.0,,1.0,,,,,,,12.0,,7.1,,,,,10.0,,,,9.0,,13.0,28.0,41.0,0,1.0,61.0,1.0,1.0,,
2017-18,7437772,7,36,Brighton_and_Hove_Albion,Away,6948,43808,Markus Suttner,markus-suttner,D,True,,,,,,,,,,,,,,,,,,,,,,,,,,,,,,,,,,,,,,,,,,,,,,,,,,,,,,0,,,,,,
2017-18,7437772,7,36,Brighton_and_Hove_Albion,Away,14193,42748,Gaëtan Bong,gaetan-bong,D,False,,,1.0,13.0,10.0,23.0,,,4.0,,,,,,,,1.0,3.0,,,,,,,,1.0,,,90.0,,1.0,,,,,,,15.0,,6.7,,,,,2.0,4.0,1.0,,4.0,,20.0,13.0,32.0,0,,59.0,,,3.0,
2017-18,7437772,7,36,Brighton_and_Hove_Albion,Away,27839,11352,Bruno Saltor,bruno-saltor,D,False,,,,7.0,16.0,23.0,2.0,1.0,4.0,,,,,,,,2.0,3.0,,,,,,,,5.0,,,90.0,,,,,,,,,11.0,,6.7,,,,,3.0,,1.0,,2.0,,11.0,18.0,28.0,0,2.0,50.0,1.0,,,
2017-18,7437772,7,36,Brighton_and_Hove_Albion,Away,55570,61933,Shane Duffy,shane-duffy,D,False,,,,2.0,19.0,21.0,2.0,2.0,2.0,,,2.0,,1.0,,,3.0,3.0,,,1.0,,,,,,,,90.0,,3.0,,,,,,,2.0,,6.9,,,,,9.0,,,,,1.0,2.0,21.0,23.0,2,,39.0,,1.0,,
2017-18,7437772,7,36,Brighton_and_Hove_Albion,Away,76120,74375,Ezequiel Schelotto,ezequiel-schelotto,D,True,1.0,,,4.0,2.0,5.0,1.0,2.0,,,,,,,,,1.0,2.0,,,,,,,,,1.0,,18.0,,,,,,,,,2.0,,6.7,,,,,,,2.0,,,,6.0,2.0,6.0,0,,8.0,,,,
2017-18,7437772,7,36,Brighton_and_Hove_Albion,Away,115365,83299,Lewis Dunk,lewis-dunk,D,False,,,6.0,6.0,19.0,25.0,3.0,2.0,6.0,,,,1.0,1.0,,,7.0,5.0,,1.0,3.0,,,,,5.0,,,90.0,1.0,2.0,,,,,,,9.0,,7.5,,,,,4.0,1.0,,,9.0,,9.0,23.0,32.0,1,,52.0,2.0,2.0,1.0,
2017-18,7437772,7,36,Brighton_and_Hove_Albion,Away,134364,85128,Connor Goldson,connor-goldson,D,True,,,,,,,,,,,,,,,,,,,,,,,,,,,,,,,,,,,,,,,,,,,,,,,,,,,,,,0,,,,,,
2017-18,7437785,8,36,Brighton_and_Hove_Albion,Home,6948,43808,Markus Suttner,markus-suttner,D,False,1.0,,3.0,13.0,9.0,21.0,4.0,1.0,8.0,,,,3.0,,,,8.0,5.0,,,,,,,,3.0,,,90.0,,,,,,,,,12.0,,6.5,,,,,3.0,1.0,3.0,,9.0,,20.0,10.0,27.0,0,3.0,55.0,1.0,1.0,,
2017-18,7437785,8,36,Brighton_and_Hove_Albion,Home,8944,19071,Uwe Hünemeier,uwe-hunemeier,D,True,,,1.0,,1.0,1.0,,2.0,,,,,,,,,,2.0,,,,,,,,,,,17.0,,,,,,,,,3.0,,6.4,,,,,4.0,,,,3.0,,3.0,1.0,4.0,0,,8.0,,,,
2017-18,7437785,8,36,Brighton_and_Hove_Albion,Home,14193,42748,Gaëtan Bong,gaetan-bong,D,True,,,,,,,,,,,,,,,,,,,,,,,,,,,,,,,,,,,,,,,,,,,,,,,,,,,,,,0,,,,,,
2017-18,7437785,8,36,Brighton_and_Hove_Albion,Home,27839,11352,Bruno Saltor,bruno-saltor,D,False,,,3.0,14.0,16.0,30.0,4.0,2.0,6.0,,,,,,,1.0,7.0,3.0,,,2.0,,,,,1.0,1.0,,90.0,,,,1.0,,,,,14.0,,5.8,,,,,2.0,1.0,,,9.0,,22.0,19.0,41.0,0,,55.0,,,1.0,
2017-18,7437785,8,36,Brighton_and_Hove_Albion,Home,55570,61933,Shane Duffy,shane-duffy,D,False,,,1.0,3.0,18.0,21.0,1.0,3.0,3.0,,,,,,,,1.0,5.0,,,,,,,,1.0,,,73.0,,,,,,,,,4.0,,6.9,,,1.0,,3.0,,,,3.0,1.0,5.0,20.0,25.0,1,1.0,34.0,,1.0,,
2017-18,7437785,8,36,Brighton_and_Hove_Albion,Home,76120,74375,Ezequiel Schelotto,ezequiel-schelotto,D,True,,,,,,,,,,,,,,,,,,,,,,,,,,,,,,,,,,,,,,,,,,,,,,,,,,,,,,0,,,,,,
2017-18,7437785,8,36,Brighton_and_Hove_Albion,Home,115365,83299,Lewis Dunk,lewis-dunk,D,False,,,5.0,11.0,23.0,34.0,1.0,7.0,7.0,,,2.0,,,,,2.0,9.0,,,1.0,,,,,,,,90.0,,2.0,,,,,,,18.0,,7.0,,,,,5.0,,,,16.0,,22.0,29.0,51.0,2,1.0,63.0,,1.0,,
2017-18,7437843,9,36,Brighton_and_Hove_Albion,Away,6948,43808,Markus Suttner,markus-suttner,D,True,,,,,,,,,,,,,,,,,,,,,,,,,,,,,,,,,,,,,,,,,,,,,,,,,,,,,,0,,,,,,
2017-18,7437843,9,36,Brighton_and_Hove_Albion,Away,14193,42748,Gaëtan Bong,gaetan-bong,D,False,,,,8.0,8.0,16.0,,,10.0,,,,,,,,,2.0,,,,,,,,1.0,,,90.0,,1.0,,,,,,,19.0,,7.2,,,,,4.0,1.0,1.0,,2.0,,11.0,17.0,27.0,0,1.0,50.0,1.0,,1.0,1.0
2017-18,7437843,9,36,Brighton_and_Hove_Albion,Away,27839,11352,Bruno Saltor,bruno-saltor,D,False,1.0,,4.0,13.0,23.0,35.0,2.0,,6.0,,,,,,,,2.0,,,,,,,,,3.0,,,90.0,,1.0,,,,,,,12.0,,7.5,,,,,4.0,,2.0,,7.0,,17.0,26.0,41.0,0,,63.0,2.0,,,
2017-18,7437843,9,36,Brighton_and_Hove_Albion,Away,55570,61933,Shane Duffy,shane-duffy,D,False,,,3.0,4.0,22.0,26.0,2.0,3.0,4.0,,,,,,,,3.0,3.0,,,1.0,,,,,1.0,,,90.0,,3.0,,,,,,,6.0,,7.5,,,,,11.0,,,,6.0,,8.0,23.0,31.0,0,,47.0,1.0,,,
2017-18,7437843,9,36,Brighton_and_Hove_Albion,Away,76120,74375,Ezequiel Schelotto,ezequiel-schelotto,D,True,,,,,3.0,3.0,,,1.0,,,,1.0,,,1.0,3.0,,,,,,,,,,,,6.0,,,,,,,,,3.0,,5.9,,,,,,1.0,,,,,,3.0,3.0,0,,7.0,1.0,,,
2017-18,7437843,9,36,Brighton_and_Hove_Albion,Away,115365,83299,Lewis Dunk,lewis-dunk,D,False,,,3.0,2.0,14.0,16.0,1.0,3.0,4.0,,,,,,,,2.0,4.0,,,1.0,,,,,,,,90.0,,2.0,,,,,,,4.0,,7.4,,,,,12.0,,,,7.0,,5.0,15.0,20.0,0,,36.0,,1.0,,
2017-18,7437843,9,36,Brighton_and_Hove_Albion,Away,134364,85128,Connor Goldson,connor-goldson,D,True,,,,,,,,,,,,,,,,,,,,,,,,,,,,,,,,,,,,,,,,,,,,,,,,,,,,,,0,,,,,,
2017-18,7437783,10,36,Brighton_and_Hove_Albion,Home,6948,43808,Markus Suttner,markus-suttner,D,True,,,,,,,,,,,,,,,,,,,,,,,,,,,,,,,,,,,,,,,,,,,,,,,,,,,,,,0,,,,,,
2017-18,7437783,10,36,Brighton_and_Hove_Albion,Home,14193,42748,Gaëtan Bong,gaetan-bong,D,False,,,,24.0,13.0,37.0,,1.0,6.0,,,,,,,1.0,3.0,9.0,,,1.0,,,,,1.0,,,90.0,,,,,,,,,16.0,,7.0,,,,,2.0,1.0,,,4.0,,29.0,16.0,45.0,0,6.0,77.0,4.0,2.0,,
2017-18,7437783,10,36,Brighton_and_Hove_Albion,Home,27839,11352,Bruno Saltor,bruno-saltor,D,False,,,2.0,19.0,23.0,42.0,,,8.0,,,,,,,,1.0,1.0,,,1.0,,,,,2.0,,,90.0,,,,,,,,,18.0,,6.8,,,,,,,3.0,,7.0,,28.0,27.0,52.0,0,1.0,69.0,2.0,,,
2017-18,7437783,10,36,Brighton_and_Hove_Albion,Home,55570,61933,Shane Duffy,shane-duffy,D,False,,,8.0,7.0,41.0,48.0,,8.0,6.0,,1.0,,1.0,,,,2.0,8.0,,,1.0,,,,,,,,90.0,,,,,,,,,13.0,,6.6,,,1.0,,9.0,,,,17.0,,14.0,46.0,60.0,1,,73.0,1.0,,,
2017-18,7437783,10,36,Brighton_and_Hove_Albion,Home,76120,74375,Ezequiel Schelotto,ezequiel-schelotto,D,True,,,,,,,,,,,,,,,,,,,,,,,,,,,,,,,,,,,,,,,,,,,,,,,,,,,,,,0,,,,,,
2017-18,7437783,10,36,Brighton_and_Hove_Albion,Home,115365,83299,Lewis Dunk,lewis-dunk,D,False,,,5.0,4.0,37.0,41.0,,,10.0,,,,,,,,,2.0,,,,,,,,1.0,,,90.0,,2.0,,,,,,,14.0,,7.2,,,,,5.0,,,,12.0,,14.0,40.0,54.0,0,2.0,67.0,,,,
2017-18,7437783,10,36,Brighton_and_Hove_Albion,Home,134364,85128,Connor Goldson,connor-goldson,D,True,,,,,,,,,,,,,,,,,,,,,,,,,,,,,,,,,,,,,,,,,,,,,,,,,,,,,,0,,,,,,
2017-18,7437894,11,36,Brighton_and_Hove_Albion,Away,6948,43808,Markus Suttner,markus-suttner,D,True,,,,,,,,,,,,,,,,,,,,,,,,,,,,,,,,,,,,,,,,,,,,,,,,,,,,,,0,,,,,,
2017-18,7437894,11,36,Brighton_and_Hove_Albion,Away,14193,42748,Gaëtan Bong,gaetan-bong,D,False,,,,4.0,10.0,14.0,1.0,1.0,7.0,,,,1.0,,,,4.0,4.0,,,1.0,,,,,1.0,,,90.0,,,,,,,,,21.0,,6.8,,,,,5.0,1.0,3.0,,8.0,,14.0,15.0,26.0,0,2.0,48.0,2.0,1.0,,
2017-18,7437894,11,36,Brighton_and_Hove_Albion,Away,27839,11352,Bruno Saltor,bruno-saltor,D,False,,,,11.0,18.0,29.0,,,2.0,,,,1.0,,,1.0,3.0,1.0,,,1.0,,,,,2.0,,,90.0,,1.0,,,,,,,13.0,,6.5,,,,,,1.0,,,4.0,,16.0,21.0,37.0,0,,55.0,,,1.0,
2017-18,7437894,11,36,Brighton_and_Hove_Albion,Away,55570,61933,Shane Duffy,shane-duffy,D,False,,,5.0,8.0,16.0,24.0,6.0,7.0,,,,,,,,,6.0,10.0,,,,,,,,2.0,,,90.0,,2.0,,,,,,,9.0,,7.6,,,,,10.0,,,,9.0,,16.0,17.0,33.0,0,1.0,51.0,,3.0,,
2017-18,7437894,11,36,Brighton_and_Hove_Albion,Away,76120,74375,Ezequiel Schelotto,ezequiel-schelotto,D,True,,,,,,,,,,,,,,,,,,,,,,,,,,,,,,,,,,,,,,,,,,,,,,,,,,,,,,0,,,,,,
2017-18,7437894,11,36,Brighton_and_Hove_Albion,Away,115365,83299,Lewis Dunk,lewis-dunk,D,False,,,7.0,8.0,27.0,35.0,4.0,3.0,7.0,,,,1.0,,,,8.0,5.0,,,3.0,,,,,,,,90.0,1.0,1.0,,,,,,,10.0,,7.0,,,,,8.0,,1.0,,14.0,,13.0,32.0,44.0,1,2.0,58.0,,,,
2017-18,7437894,11,36,Brighton_and_Hove_Albion,Away,134364,85128,Connor Goldson,connor-goldson,D,True,,,,,,,,,,,,,,,,,,,,,,,,,,,,,,,,,,,,,,,,,,,,,,,,,,,,,,0,,,,,,
2017-18,7437891,12,36,Brighton_and_Hove_Albion,Home,6948,43808,Markus Suttner,markus-suttner,D,True,,,,,,,,,,,,,,,,,,,,,,,,,,,,,,,,,,,,,,,,,,,,,,,,,,,,,,0,,,,,,
2017-18,7437891,12,36,Brighton_and_Hove_Albion,Home,14193,42748,Gaëtan Bong,gaetan-bong,D,False,,,4.0,13.0,14.0,27.0,1.0,2.0,6.0,,,,,,,,3.0,3.0,,,2.0,,,,,1.0,,,90.0,,2.0,,,,,,,18.0,,6.7,,,,,1.0,,2.0,,9.0,,24.0,19.0,41.0,0,1.0,59.0,1.0,,,
2017-18,7437891,12,36,Brighton_and_Hove_Albion,Home,27839,11352,Bruno Saltor,bruno-saltor,D,False,,,3.0,11.0,20.0,31.0,,1.0,3.0,,,,1.0,,,,1.0,6.0,,,,,,,,2.0,,,90.0,,,,,,,,,8.0,,7.0,,,,,3.0,,2.0,,5.0,,16.0,21.0,35.0,0,5.0,61.0,,,,
2017-18,7437891,12,36,Brighton_and_Hove_Albion,Home,55570,61933,Shane Duffy,shane-duffy,D,False,,,3.0,6.0,30.0,36.0,5.0,1.0,9.0,,,,,,,,6.0,2.0,,,1.0,,,,,3.0,,,90.0,,,,,,,,,15.0,,6.5,,,,,3.0,,,,9.0,,16.0,35.0,51.0,0,1.0,59.0,,,,
2017-18,7437891,12,36,Brighton_and_Hove_Albion,Home,76120,74375,Ezequiel Schelotto,ezequiel-schelotto,D,True,,,,,1.0,1.0,,,1.0,,,,,,,,,1.0,,,,,,,,,,,6.0,,,,,,,,,2.0,,6.7,,,1.0,,,1.0,1.0,,,,2.0,1.0,2.0,1,,5.0,,,1.0,
2017-18,7437891,12,36,Brighton_and_Hove_Albion,Home,115365,83299,Lewis Dunk,lewis-dunk,D,False,,,4.0,18.0,24.0,42.0,6.0,2.0,7.0,,,,2.0,,,,9.0,3.0,,,1.0,,,,,2.0,1.0,,90.0,,2.0,,,,,,,13.0,,6.6,,,,,2.0,,,,9.0,,27.0,27.0,54.0,0,1.0,64.0,1.0,,,
2017-18,7437891,12,36,Brighton_and_Hove_Albion,Home,134364,85128,Connor Goldson,connor-goldson,D,True,,,,,,,,,,,,,,,,,,,,,,,,,,,,,,,,,,,,,,,,,,,,,,,,,,,,,,0,,,,,,
2017-18,7437840,13,36,Brighton_and_Hove_Albion,Away,14193,42748,Gaëtan Bong,gaetan-bong,D,False,1.0,,3.0,16.0,13.0,28.0,,,7.0,,,,,,,1.0,1.0,6.0,,,,,,,,4.0,,,90.0,,,,,,,,,14.0,,7.3,,,,,1.0,2.0,3.0,,7.0,,21.0,20.0,38.0,0,1.0,64.0,,3.0,2.0,
2017-18,7437840,13,36,Brighton_and_Hove_Albion,Away,27839,11352,Bruno Saltor,bruno-saltor,D,False,,,5.0,10.0,16.0,26.0,1.0,1.0,5.0,,,,1.0,,,2.0,5.0,4.0,,,1.0,,,,,2.0,1.0,,90.0,,,,,,,,,10.0,,6.7,,,,,3.0,1.0,1.0,,7.0,,12.0,19.0,30.0,0,2.0,52.0,,,1.0,
2017-18,7437840,13,36,Brighton_and_Hove_Albion,Away,55570,61933,Shane Duffy,shane-duffy,D,False,,,1.0,4.0,19.0,23.0,1.0,7.0,4.0,,1.0,,,,,,1.0,10.0,,,,,,,,1.0,,,90.0,,1.0,,,,,,,12.0,,7.2,,,1.0,,10.0,,,,5.0,,14.0,21.0,35.0,1,3.0,52.0,,,,
2017-18,7437840,13,36,Brighton_and_Hove_Albion,Away,76120,74375,Ezequiel Schelotto,ezequiel-schelotto,D,True,,,,,,,,,,,,,,,,,,,,,,,,,,,,,,,,,,,,,,,,,,,,,,,,,,,,,,0,,,,,,
2017-18,7437840,13,36,Brighton_and_Hove_Albion,Away,115365,83299,Lewis Dunk,lewis-dunk,D,False,,,3.0,7.0,19.0,26.0,2.0,1.0,8.0,,,1.0,,,,,2.0,1.0,,,,,,,,4.0,,,90.0,,,1.0,,,,,,11.0,,6.4,,,,,7.0,,,,9.0,,14.0,20.0,34.0,1,,53.0,3.0,,,
2017-18,7437840,13,36,Brighton_and_Hove_Albion,Away,134364,85128,Connor Goldson,connor-goldson,D,True,,,,,,,,,,,,,,,,,,,,,,,,,,,,,,,,,,,,,,,,,,,,,,,,,,,,,,0,,,,,,
2017-18,7438097,14,36,Brighton_and_Hove_Albion,Home,6948,43808,Markus Suttner,markus-suttner,D,False,1.0,,4.0,16.0,16.0,31.0,,1.0,1.0,,,,1.0,,,,2.0,4.0,,,1.0,,,,,,1.0,,90.0,,,,,,,,,11.0,,7.2,,,,,3.0,,4.0,,7.0,,25.0,17.0,38.0,0,3.0,62.0,,,,
2017-18,7438097,14,36,Brighton_and_Hove_Albion,Home,27839,11352,Bruno Saltor,bruno-saltor,D,False,,,3.0,16.0,26.0,42.0,2.0,1.0,5.0,,,,,,,,3.0,2.0,,,1.0,,,,,1.0,,,90.0,,,,,,,,,15.0,,6.9,,,,,1.0,,3.0,,5.0,,26.0,29.0,52.0,0,1.0,70.0,,,,
2017-18,7438097,14,36,Brighton_and_Hove_Albion,Home,55570,61933,Shane Duffy,shane-duffy,D,False,1.0,,2.0,3.0,38.0,40.0,4.0,5.0,5.0,,,,1.0,,,,6.0,5.0,,,2.0,,,,,1.0,,,90.0,,1.0,,,,,,,9.0,,7.0,,,1.0,,5.0,,1.0,,5.0,1.0,7.0,43.0,49.0,1,,62.0,,1.0,,
2017-18,7438097,14,36,Brighton_and_Hove_Albion,Home,76120,74375,Ezequiel Schelotto,ezequiel-schelotto,D,True,,,,,,,,,,,,,,,,,,,,,,,,,,,,,,,,,,,,,,,,,,,,,,,,,,,,,,0,,,,,,
2017-18,7438097,14,36,Brighton_and_Hove_Albion,Home,115365,83299,Lewis Dunk,lewis-dunk,D,False,,,2.0,5.0,20.0,25.0,4.0,2.0,9.0,,,,1.0,,,,6.0,5.0,,,1.0,,,,,2.0,,1.0,90.0,1.0,,,,,,,,17.0,,7.1,,,1.0,,3.0,,,,10.0,,14.0,26.0,40.0,2,3.0,56.0,1.0,,,
2017-18,7438097,14,36,Brighton_and_Hove_Albion,Home,134364,85128,Connor Goldson,connor-goldson,D,True,,,,,,,,,,,,,,,,,,,,,,,,,,,,,,,,,,,,,,,,,,,,,,,,,,,,,,0,,,,,,
2017-18,7437886,15,36,Brighton_and_Hove_Albion,Home,14193,42748,Gaëtan Bong,gaetan-bong,D,False,,,2.0,22.0,16.0,38.0,1.0,3.0,13.0,,,,,,,,5.0,6.0,,,,,,,,6.0,,,90.0,,,,,,,,,22.0,,6.2,,,,,4.0,5.0,1.0,,4.0,,33.0,20.0,52.0,0,1.0,77.0,2.0,1.0,1.0,
2017-18,7437886,15,36,Brighton_and_Hove_Albion,Home,27839,11352,Bruno Saltor,bruno-saltor,D,False,,,3.0,12.0,26.0,38.0,,,3.0,,,,,,,2.0,4.0,1.0,,,1.0,,,,,,,,77.0,,,,,,,,,10.0,,5.9,,,,,,1.0,1.0,,4.0,,15.0,27.0,41.0,0,1.0,51.0,1.0,,,
2017-18,7437886,15,36,Brighton_and_Hove_Albion,Home,55570,61933,Shane Duffy,shane-duffy,D,False,,,7.0,6.0,49.0,55.0,1.0,4.0,7.0,,,,2.0,,,,4.0,8.0,,,1.0,,,,,,1.0,,90.0,,1.0,,,,,,1.0,5.0,,6.7,,,,,7.0,,,,11.0,,10.0,50.0,60.0,0,2.0,74.0,,2.0,,
2017-18,7437886,15,36,Brighton_and_Hove_Albion,Home,76120,74375,Ezequiel Schelotto,ezequiel-schelotto,D,True,,,1.0,2.0,5.0,7.0,,,,,,,,,,,,1.0,,,,,,,,,,,13.0,,,,,,,,,1.0,,6.2,,,,,,,,,1.0,,2.0,6.0,8.0,0,1.0,11.0,,,,
2017-18,7437886,15,36,Brighton_and_Hove_Albion,Home,115365,83299,Lewis Dunk,lewis-dunk,D,False,,,9.0,13.0,35.0,48.0,1.0,1.0,7.0,,,,1.0,,,2.0,6.0,7.0,,,2.0,,,,,1.0,,,90.0,,1.0,1.0,,,,,,14.0,,6.4,,,,,1.0,,,,16.0,,25.0,35.0,60.0,0,6.0,75.0,,,,
2017-18,7437886,15,36,Brighton_and_Hove_Albion,Home,134364,85128,Connor Goldson,connor-goldson,D,True,,,,,,,,,,,,,,,,,,,,,,,,,,,,,,,,,,,,,,,,,,,,,,,,,,,,,,0,,,,,,
2017-18,7437925,16,36,Brighton_and_Hove_Albion,Away,6948,43808,Markus Suttner,markus-suttner,D,False,,,5.0,12.0,7.0,19.0,,,5.0,,,,,,,2.0,4.0,3.0,,,1.0,,,,,,1.0,,90.0,,1.0,,,,,,,23.0,,6.5,,,,,3.0,1.0,2.0,,13.0,,22.0,12.0,32.0,0,2.0,66.0,,1.0,,
2017-18,7437925,16,36,Brighton_and_Hove_Albion,Away,8944,19071,Uwe Hünemeier,uwe-hunemeier,D,True,,,,,,,,,,,,,,,,,,,,,,,,,,,,,,,,,,,,,,,,,,,,,,,,,,,,,,0,,,,,,
2017-18,7437925,16,36,Brighton_and_Hove_Albion,Away,27839,11352,Bruno Saltor,bruno-saltor,D,False,,,,10.0,20.0,30.0,2.0,2.0,6.0,,,,1.0,,,,4.0,7.0,,,1.0,,,,,3.0,,,90.0,,2.0,,,,,,,18.0,,7.0,,,,,5.0,1.0,2.0,,6.0,,18.0,27.0,43.0,0,3.0,75.0,,1.0,1.0,
2017-18,7437925,16,36,Brighton_and_Hove_Albion,Away,55570,61933,Shane Duffy,shane-duffy,D,False,,,4.0,3.0,22.0,25.0,4.0,6.0,6.0,,,,,,,,5.0,6.0,,1.0,1.0,,,,,3.0,,,90.0,,,,,,,,,18.0,,6.1,,,,,5.0,,,,11.0,1.0,11.0,31.0,42.0,0,,54.0,1.0,,,
2017-18,7437925,16,36,Brighton_and_Hove_Albion,Away,76120,74375,Ezequiel Schelotto,ezequiel-schelotto,D,False,,,,7.0,4.0,11.0,3.0,1.0,2.0,,,,,,,2.0,5.0,1.0,,,,,,,,,,,45.0,,,,,,,,,7.0,,6.0,,,,,,,,,,,9.0,5.0,14.0,0,,19.0,2.0,,,
2017-18,7437925,16,36,Brighton_and_Hove_Albion,Away,115365,83299,Lewis Dunk,lewis-dunk,D,False,,,3.0,5.0,23.0,28.0,3.0,2.0,11.0,,,,,,,,3.0,4.0,,,,,,,,2.0,,,90.0,,1.0,,,,,,,10.0,,6.8,,,,,5.0,,,,9.0,,12.0,25.0,37.0,0,2.0,52.0,1.0,,,
2017-18,7437898,17,36,Brighton_and_Hove_Albion,Away,14193,42748,Gaëtan Bong,gaetan-bong,D,False,,,3.0,8.0,9.0,17.0,1.0,2.0,6.0,,,,,,,,1.0,3.0,,,,,,,,,,,90.0,,,,,,,,,11.0,,6.5,,,,,5.0,1.0,,,4.0,,10.0,12.0,22.0,0,,41.0,1.0,,1.0,
2017-18,7437898,17,36,Brighton_and_Hove_Albion,Away,27839,11352,Bruno Saltor,bruno-saltor,D,True,,,,,,,,,,,,,,,,,,,,,,,,,,,,,,,,,,,,,,,,,,,,,,,,,,,,,,0,,,,,,
2017-18,7437898,17,36,Brighton_and_Hove_Albion,Away,55570,61933,Shane Duffy,shane-duffy,D,False,,,3.0,2.0,12.0,14.0,1.0,5.0,,,,,,1.0,,,1.0,6.0,,,,,,,,1.0,,,90.0,2.0,5.0,,,,,,,4.0,,8.1,,,,,12.0,,,,5.0,,5.0,13.0,18.0,2,1.0,42.0,,,,
2017-18,7437898,17,36,Brighton_and_Hove_Albion,Away,76120,74375,Ezequiel Schelotto,ezequiel-schelotto,D,False,2.0,,,12.0,15.0,25.0,,3.0,5.0,,,,1.0,,,2.0,3.0,4.0,,,,,,,,5.0,2.0,,90.0,,,,,,,,,15.0,,6.7,,,,,5.0,,3.0,,1.0,,16.0,19.0,32.0,0,,59.0,2.0,1.0,,
2017-18,7437898,17,36,Brighton_and_Hove_Albion,Away,115365,83299,Lewis Dunk,lewis-dunk,D,False,,,1.0,6.0,9.0,15.0,1.0,1.0,4.0,,,,,,,,1.0,2.0,,,,,,,,,,,90.0,,4.0,,,,,,,6.0,,7.1,,,,,5.0,,,,7.0,,10.0,11.0,21.0,0,1.0,32.0,,,,
2017-18,7437898,17,36,Brighton_and_Hove_Albion,Away,134364,85128,Connor Goldson,connor-goldson,D,True,,,,,,,,,,,,,,,,,,,,,,,,,,,,,,,,,,,,,,,,,,,,,,,,,,,,,,0,,,,,,
2017-18,7437899,18,36,Brighton_and_Hove_Albion,Home,14193,42748,Gaëtan Bong,gaetan-bong,D,False,,,4.0,11.0,20.0,31.0,1.0,2.0,8.0,,,,,,,,3.0,3.0,,,,,,,,1.0,,,90.0,,,,,,,,,14.0,,7.1,,,1.0,,4.0,2.0,2.0,,6.0,,17.0,23.0,38.0,1,1.0,65.0,1.0,,,
2017-18,7437899,18,36,Brighton_and_Hove_Albion,Home,27839,11352,Bruno Saltor,bruno-saltor,D,False,1.0,,1.0,24.0,22.0,45.0,,4.0,6.0,,,,1.0,,,,2.0,8.0,,,1.0,,,,,,1.0,,90.0,,1.0,,,,,,,21.0,,7.4,,,,,3.0,2.0,4.0,,6.0,,37.0,27.0,60.0,0,1.0,88.0,,1.0,2.0,
2017-18,7437899,18,36,Brighton_and_Hove_Albion,Home,55570,61933,Shane Duffy,shane-duffy,D,False,,,5.0,6.0,34.0,40.0,7.0,7.0,6.0,,,,,,,,8.0,10.0,,,4.0,,,,,2.0,,,90.0,,1.0,,,,,,,12.0,,7.4,,,,,10.0,1.0,,,12.0,,15.0,34.0,49.0,0,,70.0,3.0,3.0,1.0,
2017-18,7437899,18,36,Brighton_and_Hove_Albion,Home,76120,74375,Ezequiel Schelotto,ezequiel-schelotto,D,True,,,,,,,,,,,,,,,,,,,,,,,,,,,,,,,,,,,,,,,,,,,,,,,,,,,,,,0,,,,,,
2017-18,7437899,18,36,Brighton_and_Hove_Albion,Home,115365,83299,Lewis Dunk,lewis-dunk,D,False,,,1.0,8.0,40.0,48.0,6.0,6.0,13.0,,,1.0,,,,,6.0,6.0,,,,,,,,3.0,1.0,,90.0,1.0,2.0,,,,,,,10.0,,7.8,,,,,12.0,,1.0,,8.0,,16.0,42.0,57.0,2,,80.0,,,,
2017-18,7437899,18,36,Brighton_and_Hove_Albion,Home,134364,85128,Connor Goldson,connor-goldson,D,True,,,,,,,,,,,,,,,,,,,,,,,,,,,,,,,,,,,,,,,,,,,,,,,,,,,,,,0,,,,,,
2017-18,7437918,19,36,Brighton_and_Hove_Albion,Home,6948,43808,Markus Suttner,markus-suttner,D,False,,,5.0,25.0,11.0,36.0,2.0,3.0,8.0,,,,,,,,3.0,6.0,,,,,,,,2.0,,,90.0,,,,,,,,,18.0,,7.4,,,,,3.0,1.0,7.0,,10.0,,36.0,13.0,42.0,0,3.0,70.0,1.0,,,
2017-18,7437918,19,36,Brighton_and_Hove_Albion,Home,8944,19071,Uwe Hünemeier,uwe-hunemeier,D,True,,,,,,,,,,,,,,,,,,,,,,,,,,,,,,,,,,,,,,,,,,,,,,,,,,,,,,0,,,,,,
2017-18,7437918,19,36,Brighton_and_Hove_Albion,Home,27839,11352,Bruno Saltor,bruno-saltor,D,False,,,4.0,11.0,17.0,28.0,2.0,1.0,4.0,,,,,,,,3.0,3.0,,,1.0,,,,,2.0,,,90.0,,,,,,,,,10.0,,7.1,,,,,,2.0,1.0,,6.0,,16.0,18.0,33.0,0,,52.0,,,2.0,
2017-18,7437918,19,36,Brighton_and_Hove_Albion,Home,76120,74375,Ezequiel Schelotto,ezequiel-schelotto,D,True,,,,,,,,,,,,,,,,,,,,,,,,,,,,,,,,,,,,,,,,,,,,,,,,,,,,,,0,,,,,,
2017-18,7437918,19,36,Brighton_and_Hove_Albion,Home,115365,83299,Lewis Dunk,lewis-dunk,D,False,,,3.0,6.0,30.0,36.0,6.0,10.0,4.0,,1.0,,,,,,6.0,13.0,,,,,,,,2.0,1.0,,90.0,,1.0,,,,,,,8.0,,7.4,,,1.0,,4.0,1.0,,,6.0,,9.0,35.0,44.0,1,1.0,57.0,,1.0,1.0,
2017-18,7437918,19,36,Brighton_and_Hove_Albion,Home,134364,85128,Connor Goldson,connor-goldson,D,False,,,8.0,10.0,19.0,29.0,2.0,10.0,4.0,,1.0,1.0,1.0,,,,4.0,12.0,,,1.0,,,,,1.0,,,90.0,1.0,3.0,,,,,,,12.0,,7.8,,,1.0,,6.0,,,,15.0,,17.0,24.0,41.0,3,1.0,59.0,,2.0,,
2017-18,7438089,20,36,Brighton_and_Hove_Albion,Away,6948,43808,Markus Suttner,markus-suttner,D,False,1.0,,4.0,9.0,19.0,27.0,,1.0,5.0,,,1.0,,,,,,3.0,,,,,,,,1.0,2.0,,90.0,,,,,,,,,23.0,,6.9,,,,,3.0,,3.0,,10.0,,23.0,23.0,43.0,1,2.0,67.0,,,,1.0
2017-18,7438089,20,36,Brighton_and_Hove_Albion,Away,27839,11352,Bruno Saltor,bruno-saltor,D,True,,,,,,,,,,,,,,,,,,,,,,,,,,,,,,,,,,,,,,,,,,,,,,,,,,,,,,0,,,,,,
2017-18,7438089,20,36,Brighton_and_Hove_Albion,Away,55570,61933,Shane Duffy,shane-duffy,D,False,,,5.0,4.0,29.0,33.0,4.0,3.0,5.0,,,,1.0,,,,6.0,3.0,,,1.0,,,,,1.0,,,90.0,,3.0,,,,,,,3.0,,6.9,,,1.0,,6.0,,,,7.0,,4.0,32.0,36.0,1,,48.0,,,,
2017-18,7438089,20,36,Brighton_and_Hove_Albion,Away,76120,74375,Ezequiel Schelotto,ezequiel-schelotto,D,False,,,4.0,17.0,20.0,37.0,,2.0,2.0,,,,2.0,,,,3.0,4.0,,,1.0,,,,,3.0,,,90.0,,1.0,,,,,,,8.0,,6.8,,,,,6.0,1.0,2.0,,4.0,,22.0,22.0,42.0,0,,60.0,,1.0,1.0,
2017-18,7438089,20,36,Brighton_and_Hove_Albion,Away,115365,83299,Lewis Dunk,lewis-dunk,D,False,,,6.0,6.0,26.0,32.0,,3.0,5.0,,,,1.0,1.0,,1.0,2.0,5.0,,,,,,,,2.0,1.0,,90.0,,2.0,,,,,,,7.0,,7.0,,,,,5.0,,,,10.0,,11.0,27.0,38.0,0,2.0,51.0,,,,1.0
2017-18,7438089,20,36,Brighton_and_Hove_Albion,Away,134364,85128,Connor Goldson,connor-goldson,D,True,,,,,,,,,,,,,,,,,,,,,,,,,,,,,,,,,,,,,,,,,,,,,,,,,,,,,,0,,,,,,
2017-18,7437842,21,36,Brighton_and_Hove_Albion,Away,14193,42748,Gaëtan Bong,gaetan-bong,D,False,,,2.0,18.0,18.0,36.0,,3.0,8.0,,,,,,,1.0,1.0,8.0,,,,,,,,3.0,,,90.0,,,,,,,,,19.0,,7.9,,,,,6.0,1.0,2.0,,7.0,,28.0,22.0,48.0,0,4.0,81.0,1.0,,1.0,
2017-18,7437842,21,36,Brighton_and_Hove_Albion,Away,27839,11352,Bruno Saltor,bruno-saltor,D,False,,,8.0,25.0,20.0,45.0,1.0,3.0,4.0,,,,1.0,,,1.0,3.0,6.0,,,,,,,,2.0,,,90.0,,,,,,,,,17.0,,7.6,,,,,9.0,1.0,2.0,,11.0,,31.0,23.0,52.0,0,2.0,82.0,1.0,,1.0,
2017-18,7437842,21,36,Brighton_and_Hove_Albion,Away,55570,61933,Shane Duffy,shane-duffy,D,False,,,7.0,4.0,31.0,35.0,6.0,7.0,9.0,1.0,,,,,,,7.0,8.0,,,1.0,,,,,,1.0,,90.0,,1.0,,,,,,,12.0,,7.7,,,3.0,,7.0,,,,11.0,,10.0,37.0,47.0,3,,62.0,,1.0,,
2017-18,7437842,21,36,Brighton_and_Hove_Albion,Away,76120,74375,Ezequiel Schelotto,ezequiel-schelotto,D,True,,,,,,,,,,,,,,,,,,,,,,,,,,,,,,,,,,,,,,,,,,,,,,,,,,,,,,0,,,,,,
2017-18,7437842,21,36,Brighton_and_Hove_Albion,Away,115365,83299,Lewis Dunk,lewis-dunk,D,False,,,10.0,12.0,35.0,47.0,3.0,7.0,10.0,,1.0,,2.0,,,,7.0,12.0,,,2.0,,,,,1.0,,,90.0,1.0,3.0,,,,,,,6.0,,7.9,,,,,10.0,1.0,,,14.0,,17.0,35.0,52.0,1,3.0,76.0,1.0,1.0,1.0,
2017-18,7437842,21,36,Brighton_and_Hove_Albion,Away,134364,85128,Connor Goldson,connor-goldson,D,True,,,,,,,,,,,,,,,,,,,,,,,,,,,,,,,,,,,,,,,,,,,,,,,,,,,,,,0,,,,,,
2017-18,7438002,22,36,Brighton_and_Hove_Albion,Home,6948,43808,Markus Suttner,markus-suttner,D,False,,,1.0,8.0,13.0,21.0,1.0,4.0,4.0,,,,1.0,,,,2.0,6.0,,,,,,,,,,,90.0,,1.0,,,,,,,14.0,,6.8,,,,,3.0,1.0,4.0,,4.0,,18.0,14.0,28.0,0,1.0,54.0,,,1.0,
2017-18,7438002,22,36,Brighton_and_Hove_Albion,Home,27839,11352,Bruno Saltor,bruno-saltor,D,True,,,1.0,2.0,1.0,3.0,1.0,1.0,,,,,1.0,,,,2.0,2.0,,,,,,,,,,,13.0,,,,,,,,,2.0,,6.3,,,,,1.0,,,,1.0,,4.0,1.0,5.0,0,1.0,7.0,,,,
2017-18,7438002,22,36,Brighton_and_Hove_Albion,Home,55570,61933,Shane Duffy,shane-duffy,D,False,,,5.0,8.0,29.0,37.0,2.0,3.0,5.0,,,1.0,1.0,,,,3.0,4.0,,,,,,,,2.0,1.0,,90.0,,3.0,,,,,,,6.0,,7.0,,,,,6.0,,,,7.0,,11.0,32.0,43.0,1,,60.0,,1.0,,
2017-18,7438002,22,36,Brighton_and_Hove_Albion,Home,76120,74375,Ezequiel Schelotto,ezequiel-schelotto,D,False,1.0,,2.0,15.0,12.0,26.0,,2.0,5.0,,,,,,,,2.0,9.0,,,1.0,,,,,,,,77.0,,1.0,,,,,,,7.0,,7.2,,,,,4.0,3.0,2.0,,3.0,,17.0,13.0,28.0,0,2.0,53.0,2.0,3.0,2.0,1.0
2017-18,7438002,22,36,Brighton_and_Hove_Albion,Home,115365,83299,Lewis Dunk,lewis-dunk,D,False,,,6.0,8.0,33.0,41.0,3.0,7.0,5.0,,,,1.0,,,,6.0,13.0,,,2.0,,,,,1.0,,,90.0,,5.0,,,,,,,11.0,,7.9,,,,,5.0,,1.0,,11.0,,17.0,34.0,50.0,0,6.0,73.0,,,,3.0
2017-18,7438002,22,36,Brighton_and_Hove_Albion,Home,134364,85128,Connor Goldson,connor-goldson,D,True,,,,,,,,,,,,,,,,,,,,,,,,,,,,,,,,,,,,,,,,,,,,,,,,,,,,,,0,,,,,,
2017-18,7438109,23,36,Brighton_and_Hove_Albion,Away,14193,42748,Gaëtan Bong,gaetan-bong,D,False,,,2.0,17.0,10.0,27.0,5.0,,3.0,,,,,,,,6.0,2.0,,,1.0,,,,,1.0,,,90.0,,,,,,,,,19.0,,6.6,,,1.0,,4.0,,2.0,,6.0,,22.0,15.0,35.0,1,2.0,64.0,,,,2.0
2017-18,7438109,23,36,Brighton_and_Hove_Albion,Away,27839,11352,Bruno Saltor,bruno-saltor,D,False,2.0,,5.0,23.0,21.0,42.0,,2.0,6.0,,,,,,,,1.0,4.0,,,2.0,,,,,1.0,2.0,,90.0,1.0,,,,,,,,15.0,,7.1,,,,,4.0,,3.0,,12.0,,33.0,24.0,54.0,1,1.0,74.0,1.0,1.0,,1.0
2017-18,7438109,23,36,Brighton_and_Hove_Albion,Away,55570,61933,Shane Duffy,shane-duffy,D,False,,,5.0,9.0,26.0,35.0,3.0,8.0,7.0,,,,,,,,3.0,11.0,,,,,,,,,,,90.0,,,,,,,,,8.0,,7.0,,,,,15.0,1.0,,,10.0,,15.0,27.0,42.0,0,2.0,61.0,1.0,,1.0,2.0
2017-18,7438109,23,36,Brighton_and_Hove_Albion,Away,76120,74375,Ezequiel Schelotto,ezequiel-schelotto,D,True,,,,,,,,,,,,,,,,,,,,,,,,,,,,,,,,,,,,,,,,,,,,,,,,,,,,,,0,,,,,,
2017-18,7438109,23,36,Brighton_and_Hove_Albion,Away,115365,83299,Lewis Dunk,lewis-dunk,D,False,,,7.0,8.0,30.0,38.0,3.0,2.0,6.0,,,1.0,2.0,,,1.0,8.0,6.0,,,1.0,,,,,1.0,,,90.0,,4.0,,,,,,,6.0,,7.1,,,,,6.0,1.0,,,9.0,,11.0,31.0,42.0,1,4.0,63.0,,,,2.0
2017-18,7438109,23,36,Brighton_and_Hove_Albion,Away,134364,85128,Connor Goldson,connor-goldson,D,True,,,,,,,,,,,,,,,,,,,,,,,,,,,,,,,,,,,,,,,,,,,,,,,,,,,,,,0,,,,,,
2017-18,7438004,24,36,Brighton_and_Hove_Albion,Home,693,15137,Liam Rosenior,liam-rosenior,D,True,,,,,,,,,,,,,,,,,,,,,,,,,,,,,,,,,,,,,,,,,,,,,,,,,,,,,,0,,,,,,
2017-18,7438004,24,36,Brighton_and_Hove_Albion,Home,6948,43808,Markus Suttner,markus-suttner,D,False,1.0,,1.0,11.0,8.0,18.0,1.0,,3.0,,,,2.0,,,,3.0,,,,,,,,,,1.0,,90.0,,,,,,,,,10.0,,5.8,,,,,2.0,,7.0,,2.0,,19.0,9.0,21.0,0,,40.0,,,,
2017-18,7438004,24,36,Brighton_and_Hove_Albion,Home,8944,19071,Uwe Hünemeier,uwe-hunemeier,D,True,,,,,,,,,,,,,,,,,,,,,,,,,,,,,,,,,,,,,,,,,,,,,,,,,,,,,,0,,,,,,
2017-18,7438004,24,36,Brighton_and_Hove_Albion,Home,55570,61933,Shane Duffy,shane-duffy,D,False,,,8.0,9.0,22.0,31.0,1.0,7.0,4.0,,,,1.0,,,,5.0,8.0,,,3.0,,,,,3.0,,,90.0,,,,,,,,,11.0,,6.4,,,1.0,,5.0,,,,11.0,1.0,14.0,24.0,38.0,1,1.0,54.0,3.0,,,1.0
2017-18,7438004,24,36,Brighton_and_Hove_Albion,Home,76120,74375,Ezequiel Schelotto,ezequiel-schelotto,D,False,,,4.0,18.0,14.0,32.0,1.0,,4.0,,,,1.0,,,1.0,3.0,4.0,,1.0,,,,,,2.0,,,90.0,1.0,,,,,,,,17.0,,6.5,,,,,,3.0,5.0,,5.0,,25.0,18.0,38.0,1,1.0,70.0,2.0,,3.0,1.0
2017-18,7438004,24,36,Brighton_and_Hove_Albion,Home,115365,83299,Lewis Dunk,lewis-dunk,D,False,,,6.0,13.0,15.0,28.0,,2.0,3.0,,,,1.0,,,1.0,3.0,3.0,,,,,,,,1.0,,,90.0,,1.0,,,,,,,12.0,,6.3,,,,,2.0,1.0,,,10.0,,18.0,19.0,37.0,0,1.0,50.0,,,,
2017-18,7438004,24,36,Brighton_and_Hove_Albion,Home,134364,85128,Connor Goldson,connor-goldson,D,False,,,2.0,5.0,24.0,29.0,2.0,,8.0,,,,2.0,,,,5.0,1.0,,,1.0,,,,,,,,90.0,,,,,,,,,9.0,,5.6,,,,,1.0,,1.0,,6.0,,12.0,26.0,37.0,0,1.0,43.0,,,,1.0
2017-18,7437947,25,36,Brighton_and_Hove_Albion,Away,693,15137,Liam Rosenior,liam-rosenior,D,True,,,,,,,,,,,,,,,,,,,,,,,,,,,,,,,,,,,,,,,,,,,,,,,,,,,,,,0,,,,,,
2017-18,7437947,25,36,Brighton_and_Hove_Albion,Away,14193,42748,Gaëtan Bong,gaetan-bong,D,False,1.0,,,8.0,5.0,12.0,,2.0,5.0,,,,1.0,,,1.0,2.0,3.0,,,,,,,,2.0,,,90.0,,,,,,,,,18.0,,6.4,,,,,1.0,1.0,3.0,,4.0,,17.0,9.0,23.0,0,,44.0,,,1.0,
2017-18,7437947,25,36,Brighton_and_Hove_Albion,Away,55570,61933,Shane Duffy,shane-duffy,D,False,,,9.0,10.0,11.0,21.0,1.0,10.0,5.0,,,,1.0,,,,4.0,12.0,,,2.0,,,,,,,,90.0,,2.0,,,,,,,13.0,,7.5,,,,,12.0,1.0,,,13.0,,15.0,18.0,33.0,0,1.0,51.0,1.0,,1.0,1.0
2017-18,7437947,25,36,Brighton_and_Hove_Albion,Away,76120,74375,Ezequiel Schelotto,ezequiel-schelotto,D,False,,,,11.0,4.0,15.0,,2.0,6.0,,,,,,,1.0,1.0,11.0,,,,,,,,2.0,,,90.0,,1.0,,,,,,,18.0,,7.3,,,1.0,,1.0,4.0,4.0,,2.0,,20.0,8.0,24.0,1,4.0,52.0,1.0,1.0,4.0,1.0
2017-18,7437947,25,36,Brighton_and_Hove_Albion,Away,115365,83299,Lewis Dunk,lewis-dunk,D,False,,,2.0,4.0,12.0,16.0,1.0,9.0,6.0,,,,,,,,2.0,12.0,,,2.0,,,,,5.0,,,90.0,,,,,,,,,10.0,,7.4,,,,,10.0,,,,4.0,,10.0,14.0,24.0,0,2.0,46.0,1.0,1.0,,1.0
2017-18,7437947,25,36,Brighton_and_Hove_Albion,Away,134364,85128,Connor Goldson,connor-goldson,D,True,,,,,,,,,,,,,,,,,,,,,,,,,,,,,,,,,,,,,,,,,,,,,,,,,,,,,,0,,,,,,
2017-18,7438006,26,36,Brighton_and_Hove_Albion,Home,14193,42748,Gaëtan Bong,gaetan-bong,D,False,2.0,,1.0,23.0,7.0,28.0,3.0,2.0,7.0,,,,2.0,,,2.0,10.0,4.0,,,2.0,,,,,2.0,4.0,,90.0,,,,,,,,,24.0,,6.5,,,,,1.0,2.0,6.0,,3.0,,34.0,7.0,35.0,0,,78.0,1.0,2.0,1.0,
2017-18,7438006,26,36,Brighton_and_Hove_Albion,Home,27839,11352,Bruno Saltor,bruno-saltor,D,True,,,,,,,,,,,,,,,,,,,,,,,,,,,,,,,,,,,,,,,,,,,,,,,,,,,,,,0,,,,,,
2017-18,7438006,26,36,Brighton_and_Hove_Albion,Home,55570,61933,Shane Duffy,shane-duffy,D,False,,,2.0,3.0,18.0,21.0,1.0,2.0,6.0,,,,,,,,1.0,3.0,,,,,,,,1.0,,,90.0,,1.0,,,,,,,16.0,,6.5,,,1.0,,3.0,,,,12.0,,14.0,23.0,37.0,1,,45.0,,2.0,,
2017-18,7438006,26,36,Brighton_and_Hove_Albion,Home,76120,74375,Ezequiel Schelotto,ezequiel-schelotto,D,False,1.0,,4.0,15.0,11.0,25.0,2.0,1.0,4.0,,,,,,,1.0,3.0,2.0,,,,,,,,1.0,1.0,,90.0,,,,,,,,,12.0,,6.6,,,,,1.0,,2.0,,8.0,,20.0,13.0,31.0,0,1.0,53.0,1.0,,,1.0
2017-18,7438006,26,36,Brighton_and_Hove_Albion,Home,115365,83299,Lewis Dunk,lewis-dunk,D,False,,,5.0,8.0,32.0,40.0,1.0,6.0,7.0,,,,1.0,,,,3.0,7.0,,,1.0,,,,,,,,90.0,,,,,,,,,11.0,,6.8,,,1.0,,5.0,,,,9.0,,15.0,34.0,49.0,1,1.0,60.0,1.0,1.0,,1.0
2017-18,7438006,26,36,Brighton_and_Hove_Albion,Home,134364,85128,Connor Goldson,connor-goldson,D,True,,,,,,,,,,,,,,,,,,,,,,,,,,,,,,,,,,,,,,,,,,,,,,,,,,,,,,0,,,,,,
2017-18,7437927,27,36,Brighton_and_Hove_Albion,Away,14193,42748,Gaëtan Bong,gaetan-bong,D,False,,,2.0,8.0,6.0,14.0,1.0,,4.0,,,,,,,,1.0,1.0,,,,,,,,2.0,,,90.0,,,,,,,,,15.0,,6.6,,,,,2.0,,1.0,,7.0,,12.0,12.0,23.0,0,1.0,40.0,1.0,,,1.0
2017-18,7437927,27,36,Brighton_and_Hove_Albion,Away,27839,11352,Bruno Saltor,bruno-saltor,D,True,,,,,,,,,,,,,,,,,,,,,,,,,,,,,,,,,,,,,,,,,,,,,,,,,,,,,,0,,,,,,
2017-18,7437927,27,36,Brighton_and_Hove_Albion,Away,55570,61933,Shane Duffy,shane-duffy,D,False,,,2.0,2.0,11.0,13.0,5.0,10.0,3.0,,,,1.0,,,,6.0,11.0,,,,,,,,2.0,1.0,,90.0,,2.0,,,,,,,11.0,,7.6,,,,,19.0,,,,10.0,,9.0,15.0,24.0,0,1.0,49.0,,,,1.0
2017-18,7437927,27,36,Brighton_and_Hove_Albion,Away,76120,74375,Ezequiel Schelotto,ezequiel-schelotto,D,False,,,4.0,11.0,12.0,23.0,1.0,2.0,13.0,,,,2.0,,,,5.0,7.0,,,1.0,,,,,2.0,,,90.0,,,,,,,,,21.0,,7.1,,,,,8.0,2.0,1.0,,10.0,,17.0,19.0,35.0,0,4.0,68.0,2.0,,1.0,4.0
2017-18,7437927,27,36,Brighton_and_Hove_Albion,Away,115365,83299,Lewis Dunk,lewis-dunk,D,False,,,,1.0,8.0,9.0,2.0,5.0,4.0,,,,,,,,2.0,9.0,,,,,,,,3.0,,,90.0,,2.0,,,,,,,8.0,,7.6,,,1.0,,7.0,,,,3.0,,7.0,10.0,17.0,1,4.0,35.0,,1.0,,2.0
2017-18,7437927,27,36,Brighton_and_Hove_Albion,Away,134364,85128,Connor Goldson,connor-goldson,D,True,,,,,,,,,,,,,,,,,,,,,,,,,,,,,,,,,,,,,,,,,,,,,,,,,,,,,,0,,,,,,
2017-18,7438008,28,36,Brighton_and_Hove_Albion,Home,14193,42748,Gaëtan Bong,gaetan-bong,D,False,,,2.0,13.0,8.0,21.0,1.0,3.0,7.0,,,,1.0,,,1.0,4.0,8.0,,,,,,,,1.0,,,90.0,,,,,,,,,14.0,,6.9,,,,,3.0,3.0,1.0,,6.0,,20.0,11.0,30.0,0,2.0,50.0,,1.0,2.0,2.0
2017-18,7438008,28,36,Brighton_and_Hove_Albion,Home,27839,11352,Bruno Saltor,bruno-saltor,D,True,,,,,,,,,,,,,,,,,,,,,,,,,,,,,,,,,,,,,,,,,,,,,,,,,,,,,,0,,,,,,
2017-18,7438008,28,36,Brighton_and_Hove_Albion,Home,55570,61933,Shane Duffy,shane-duffy,D,False,1.0,,3.0,6.0,24.0,29.0,2.0,5.0,5.0,,,,,,,,2.0,9.0,,,,,,,1.0,1.0,,,90.0,,3.0,,,,,,,14.0,,7.8,,,1.0,,9.0,,2.0,,10.0,,16.0,28.0,42.0,1,3.0,62.0,,1.0,,1.0
2017-18,7438008,28,36,Brighton_and_Hove_Albion,Home,76120,74375,Ezequiel Schelotto,ezequiel-schelotto,D,False,,,2.0,6.0,9.0,15.0,2.0,2.0,4.0,,,,,,,1.0,5.0,3.0,,,1.0,,,,,,,,90.0,,,,,,,,,9.0,,6.5,,,1.0,,3.0,2.0,,,3.0,,9.0,12.0,21.0,1,1.0,40.0,,,,
2017-18,7438008,28,36,Brighton_and_Hove_Albion,Home,115365,83299,Lewis Dunk,lewis-dunk,D,False,,,2.0,4.0,33.0,37.0,1.0,1.0,14.0,,,,,,,,4.0,6.0,,,3.0,,,,,1.0,1.0,,90.0,,,1.0,,,,,,15.0,,6.8,,,,,1.0,,,,12.0,,15.0,35.0,50.0,0,5.0,63.0,1.0,,,2.0
2017-18,7438008,28,36,Brighton_and_Hove_Albion,Home,134364,85128,Connor Goldson,connor-goldson,D,True,,,,,,,,,,,,,,,,,,,,,,,,,,,,,,,,,,,,,,,,,,,,,,,,,,,,,,0,,,,,,
2017-18,7438003,29,36,Brighton_and_Hove_Albion,Home,14193,42748,Gaëtan Bong,gaetan-bong,D,False,,,2.0,13.0,6.0,19.0,2.0,1.0,6.0,,,,1.0,,,1.0,5.0,6.0,,,1.0,,,,,2.0,,,90.0,,1.0,,,,,,,15.0,,6.9,,,,,3.0,2.0,3.0,,8.0,,25.0,7.0,29.0,0,1.0,54.0,,2.0,2.0,1.0
2017-18,7438003,29,36,Brighton_and_Hove_Albion,Home,27839,11352,Bruno Saltor,bruno-saltor,D,True,,,,1.0,4.0,5.0,,,1.0,,,,,,,,,1.0,,,,,,,,1.0,,,21.0,,1.0,,,,,,,5.0,,6.9,,,,,1.0,,,,,,2.0,5.0,7.0,0,1.0,15.0,1.0,,,1.0
2017-18,7438003,29,36,Brighton_and_Hove_Albion,Home,55570,61933,Shane Duffy,shane-duffy,D,False,,,3.0,6.0,6.0,12.0,2.0,3.0,2.0,1.0,,,,,,,2.0,5.0,,,1.0,1.0,,,,2.0,1.0,,90.0,,3.0,,,,,,,5.0,,7.9,,,1.0,,8.0,,,,6.0,,10.0,7.0,17.0,1,2.0,34.0,,,,1.0
2017-18,7438003,29,36,Brighton_and_Hove_Albion,Home,76120,74375,Ezequiel Schelotto,ezequiel-schelotto,D,False,,,,5.0,3.0,8.0,1.0,1.0,2.0,,,,,,,,2.0,4.0,,,,,,,,,,,69.0,,,,,,,,,13.0,,6.6,,,,,4.0,1.0,3.0,,2.0,,11.0,5.0,13.0,0,3.0,32.0,,,,2.0
2017-18,7438003,29,36,Brighton_and_Hove_Albion,Home,115365,83299,Lewis Dunk,lewis-dunk,D,False,,,2.0,4.0,12.0,16.0,3.0,2.0,4.0,,,,,,,,3.0,2.0,,,,,1.0,,,,,,90.0,1.0,1.0,,,,,,,6.0,,7.4,,,1.0,,7.0,,,,6.0,,8.0,14.0,22.0,2,,33.0,,,,
2017-18,7438003,29,36,Brighton_and_Hove_Albion,Home,134364,85128,Connor Goldson,connor-goldson,D,True,,,,,,,,,,,,,,,,,,,,,,,,,,,,,,,,,,,,,,,,,,,,,,,,,,,,,,0,,,,,,
2017-18,7437949,30,36,Brighton_and_Hove_Albion,Away,6948,43808,Markus Suttner,markus-suttner,D,True,,,,1.0,,1.0,,,,,,,,,,,,,,,,,,,,,,,8.0,,,,,,,,,1.0,,6.5,,,1.0,,,,,,1.0,,2.0,,2.0,1,,3.0,,,,
2017-18,7437949,30,36,Brighton_and_Hove_Albion,Away,14193,42748,Gaëtan Bong,gaetan-bong,D,False,,,,2.0,9.0,11.0,,,,,,,,,,2.0,4.0,1.0,,,2.0,,,,,,1.0,,82.0,,,1.0,,,,,,18.0,,5.9,,,,,4.0,,2.0,,6.0,,11.0,12.0,21.0,0,1.0,44.0,1.0,,,1.0
2017-18,7437949,30,36,Brighton_and_Hove_Albion,Away,27839,11352,Bruno Saltor,bruno-saltor,D,True,,,,,,,,,,,,,,,,,,,,,,,,,,,,,,,,,,,,,,,,,,,,,,,,,,,,,,0,,,,,,
2017-18,7437949,30,36,Brighton_and_Hove_Albion,Away,55570,61933,Shane Duffy,shane-duffy,D,False,,,2.0,1.0,15.0,16.0,1.0,6.0,2.0,,,,1.0,,,,3.0,6.0,,,1.0,,,,,1.0,,,90.0,,3.0,,1.0,,,,,11.0,,6.4,,,,,11.0,,,,8.0,,10.0,17.0,27.0,0,,43.0,,,,
2017-18,7437949,30,36,Brighton_and_Hove_Albion,Away,76120,74375,Ezequiel Schelotto,ezequiel-schelotto,D,False,,,2.0,7.0,11.0,18.0,2.0,2.0,3.0,,,,3.0,,,2.0,8.0,4.0,,,1.0,,,,,1.0,,,90.0,,,,,,,,,18.0,,5.8,,,,,3.0,,1.0,,5.0,,12.0,17.0,28.0,0,1.0,50.0,,1.0,,1.0
2017-18,7437949,30,36,Brighton_and_Hove_Albion,Away,115365,83299,Lewis Dunk,lewis-dunk,D,False,1.0,,4.0,6.0,20.0,25.0,,5.0,6.0,,,,1.0,,,,1.0,10.0,,,,,,,,3.0,1.0,,90.0,,,,,,,,,7.0,,7.0,,,,,7.0,,1.0,,6.0,,11.0,22.0,32.0,0,2.0,48.0,,3.0,,2.0
2017-18,7437949,30,36,Brighton_and_Hove_Albion,Away,134364,85128,Connor Goldson,connor-goldson,D,True,,,,,,,,,,,,,,,,,,,,,,,,,,,,,,,,,,,,,,,,,,,,,,,,,,,,,,0,,,,,,
2017-18,7769670,31,36,Brighton_and_Hove_Albion,Away,14193,42748,Gaëtan Bong,gaetan-bong,D,False,,,,6.0,5.0,11.0,1.0,,1.0,,,,1.0,,,,3.0,1.0,,,,,,,,2.0,1.0,,90.0,,,,,,,,,12.0,,6.1,,,,,1.0,1.0,1.0,,2.0,,9.0,9.0,17.0,0,1.0,32.0,,,,1.0
2017-18,7769670,31,36,Brighton_and_Hove_Albion,Away,27839,11352,Bruno Saltor,bruno-saltor,D,False,,,3.0,6.0,27.0,33.0,,,8.0,,,,,,,,2.0,,,,,,,,,2.0,,,90.0,,1.0,,,,,,,10.0,,6.2,,,,,3.0,2.0,2.0,,5.0,,9.0,28.0,35.0,0,,58.0,2.0,,,
2017-18,7769670,31,36,Brighton_and_Hove_Albion,Away,55570,61933,Shane Duffy,shane-duffy,D,False,,,2.0,3.0,20.0,23.0,,1.0,5.0,,,,,,,,1.0,3.0,,,1.0,,,,,2.0,,,90.0,1.0,3.0,,,,,,,5.0,,7.2,,,,,9.0,,,,6.0,,7.0,21.0,28.0,1,1.0,46.0,,1.0,,1.0
2017-18,7769670,31,36,Brighton_and_Hove_Albion,Away,76120,74375,Ezequiel Schelotto,ezequiel-schelotto,D,True,,,,,,,,,,,,,,,,,,,,,,,,,,,,,,,,,,,,,,,,,,,,,,,,,,,,,,0,,,,,,
2017-18,7769670,31,36,Brighton_and_Hove_Albion,Away,115365,83299,Lewis Dunk,lewis-dunk,D,False,,,3.0,4.0,14.0,18.0,,,3.0,,,,,,,,2.0,2.0,,,2.0,,,,,4.0,,,90.0,,,,,,,,,3.0,,6.7,,,,,7.0,,,,4.0,,6.0,15.0,21.0,0,2.0,36.0,,,,1.0
2017-18,7769670,31,36,Brighton_and_Hove_Albion,Away,134364,85128,Connor Goldson,connor-goldson,D,True,,,,,,,,,,,,,,,,,,,,,,,,,,,,,,,,,,,,,,,,,,,,,,,,,,,,,,0,,,,,,
2017-18,7438090,32,36,Brighton_and_Hove_Albion,Home,6948,43808,Markus Suttner,markus-suttner,D,True,,,,,,,,,,,,,,,,,,,,,,,,,,,,,,,,,,,,,,,,,,,,,,,,,,,,,,0,,,,,,
2017-18,7438090,32,36,Brighton_and_Hove_Albion,Home,14193,42748,Gaëtan Bong,gaetan-bong,D,False,,,4.0,20.0,19.0,39.0,1.0,2.0,12.0,,1.0,,1.0,,,,5.0,4.0,,,3.0,,,,,,1.0,,90.0,,,,,,,,,23.0,,6.5,,,1.0,,3.0,,6.0,,7.0,,33.0,22.0,49.0,1,2.0,83.0,1.0,,,1.0
2017-18,7438090,32,36,Brighton_and_Hove_Albion,Home,27839,11352,Bruno Saltor,bruno-saltor,D,True,,,,,,,,,,,,,,,,,,,,,,,,,,,,,,,,,,,,,,,,,,,,,,,,,,,,,,0,,,,,,
2017-18,7438090,32,36,Brighton_and_Hove_Albion,Home,55570,61933,Shane Duffy,shane-duffy,D,False,,,3.0,7.0,19.0,26.0,4.0,5.0,5.0,,,,,,,,4.0,9.0,,,,,,,,1.0,,,90.0,,,,,,,,,7.0,,6.9,,,,,9.0,,,,6.0,,10.0,23.0,33.0,0,2.0,48.0,,2.0,,
2017-18,7438090,32,36,Brighton_and_Hove_Albion,Home,76120,74375,Ezequiel Schelotto,ezequiel-schelotto,D,False,,,2.0,12.0,13.0,25.0,4.0,3.0,2.0,,,1.0,1.0,,,,7.0,8.0,,,,,,,,1.0,,,90.0,,,,,,,,,14.0,,6.4,,,,,3.0,3.0,1.0,,3.0,,19.0,15.0,33.0,1,1.0,60.0,,3.0,1.0,1.0
2017-18,7438090,32,36,Brighton_and_Hove_Albion,Home,115365,83299,Lewis Dunk,lewis-dunk,D,False,,,7.0,16.0,25.0,41.0,1.0,2.0,13.0,,,,1.0,,,,2.0,4.0,,,,,,,,4.0,2.0,,90.0,,,,,,,,,14.0,,7.1,,,1.0,,3.0,2.0,1.0,,11.0,,25.0,28.0,52.0,1,,68.0,1.0,,2.0,
2017-18,7438090,32,36,Brighton_and_Hove_Albion,Home,134364,85128,Connor Goldson,connor-goldson,D,True,,,,,,,,,,,,,,,,,,,,,,,,,,,,,,,,,,,,,,,,,,,,,,,,,,,,,,0,,,,,,
2017-18,7438070,33,36,Brighton_and_Hove_Albion,Home,14193,42748,Gaëtan Bong,gaetan-bong,D,False,1.0,,2.0,12.0,3.0,14.0,2.0,2.0,3.0,,,,,,,1.0,4.0,4.0,,,1.0,,,,,3.0,1.0,,90.0,,,,,,,,,16.0,,6.9,,,,,2.0,,1.0,,5.0,,19.0,6.0,24.0,0,2.0,50.0,1.0,,,2.0
2017-18,7438070,33,36,Brighton_and_Hove_Albion,Home,27839,11352,Bruno Saltor,bruno-saltor,D,True,,,,,,,,,,,,,,,,,,,,,,,,,,,,,,,,,,,,,,,,,,,,,,,,,,,,,,0,,,,,,
2017-18,7438070,33,36,Brighton_and_Hove_Albion,Home,55570,61933,Shane Duffy,shane-duffy,D,False,,,,3.0,8.0,11.0,7.0,6.0,3.0,,,,,,,,9.0,7.0,1.0,,2.0,,,,,1.0,,,90.0,,1.0,,,,,,,11.0,,6.2,,,2.0,,4.0,,,,1.0,,7.0,14.0,21.0,2,1.0,34.0,1.0,,,1.0
2017-18,7438070,33,36,Brighton_and_Hove_Albion,Home,76120,74375,Ezequiel Schelotto,ezequiel-schelotto,D,False,,,4.0,12.0,7.0,19.0,1.0,3.0,5.0,1.0,,,1.0,,,,4.0,5.0,,,,,,,,1.0,1.0,,90.0,1.0,,,,,,,,18.0,,6.8,,,,,3.0,3.0,,,11.0,,24.0,8.0,32.0,1,,56.0,,1.0,1.0,
2017-18,7438070,33,36,Brighton_and_Hove_Albion,Home,115365,83299,Lewis Dunk,lewis-dunk,D,False,,,6.0,6.0,23.0,29.0,1.0,6.0,10.0,,1.0,1.0,1.0,,,,3.0,8.0,,,1.0,,,,,2.0,,,90.0,,3.0,,,,,,,11.0,,7.4,,,1.0,,9.0,,,,12.0,,16.0,24.0,40.0,2,2.0,59.0,,,,
2017-18,7438070,33,36,Brighton_and_Hove_Albion,Home,134364,85128,Connor Goldson,connor-goldson,D,True,,,,,,,,,,,,,,,,,,,,,,,,,,,,,,,,,,,,,,,,,,,,,,,,,,,,,,0,,,,,,
2017-18,7438021,34,36,Brighton_and_Hove_Albion,Away,14193,42748,Gaëtan Bong,gaetan-bong,D,False,1.0,,1.0,8.0,6.0,13.0,,,1.0,,,,2.0,,,,5.0,1.0,,,2.0,,,,,1.0,1.0,,86.0,,,,,,,,,16.0,,6.0,,,,,4.0,1.0,4.0,,3.0,,18.0,6.0,20.0,0,,46.0,1.0,1.0,,
2017-18,7438021,34,36,Brighton_and_Hove_Albion,Away,27839,11352,Bruno Saltor,bruno-saltor,D,True,,,,,,,,,,,,,,,,,,,,,,,,,,,,,,,,,,,,,,,,,,,,,,,,,,,,,,0,,,,,,
2017-18,7438021,34,36,Brighton_and_Hove_Albion,Away,55570,61933,Shane Duffy,shane-duffy,D,False,,,3.0,4.0,18.0,22.0,3.0,11.0,4.0,,,,1.0,1.0,,1.0,5.0,11.0,,,,,,,,1.0,,,90.0,,3.0,,,,,,,16.0,,7.3,,,2.0,,11.0,,,,11.0,,18.0,18.0,36.0,2,,57.0,,,,
2017-18,7438021,34,36,Brighton_and_Hove_Albion,Away,76120,74375,Ezequiel Schelotto,ezequiel-schelotto,D,False,,,1.0,8.0,16.0,24.0,1.0,,7.0,,,,2.0,,,1.0,6.0,2.0,,,2.0,,,,,1.0,,,90.0,,,,,,,,,16.0,,6.0,,,,,6.0,1.0,4.0,,4.0,,18.0,18.0,32.0,0,1.0,61.0,,,1.0,
2017-18,7438021,34,36,Brighton_and_Hove_Albion,Away,115365,83299,Lewis Dunk,lewis-dunk,D,False,1.0,,7.0,18.0,29.0,46.0,1.0,1.0,9.0,1.0,,1.0,,,,,4.0,6.0,,,3.0,1.0,,,,1.0,1.0,,90.0,,,,,,,,,8.0,,7.2,,,,,2.0,1.0,1.0,,13.0,,25.0,29.0,53.0,1,3.0,66.0,1.0,1.0,1.0,1.0
2017-18,7438021,34,36,Brighton_and_Hove_Albion,Away,134364,85128,Connor Goldson,connor-goldson,D,True,,,,,,,,,,,,,,,,,,,,,,,,,,,,,,,,,,,,,,,,,,,,,,,,,,,,,,0,,,,,,
2017-18,7759900,35,36,Brighton_and_Hove_Albion,Home,14193,42748,Gaëtan Bong,gaetan-bong,D,False,,,2.0,13.0,9.0,22.0,2.0,1.0,4.0,,,,1.0,,,,3.0,3.0,1.0,,,,,,,3.0,,,90.0,1.0,,,,,,,,13.0,,6.4,,,,,2.0,,,,4.0,,18.0,11.0,29.0,1,2.0,53.0,1.0,,,
2017-18,7759900,35,36,Brighton_and_Hove_Albion,Home,27839,11352,Bruno Saltor,bruno-saltor,D,False,,,1.0,12.0,22.0,34.0,,,5.0,,,,,,,,1.0,2.0,,,1.0,,,,,1.0,,,90.0,,,,,,,,,8.0,,6.9,,,,,4.0,,,,3.0,,15.0,23.0,38.0,0,2.0,58.0,,,,1.0
2017-18,7759900,35,36,Brighton_and_Hove_Albion,Home,55570,61933,Shane Duffy,shane-duffy,D,False,,,,2.0,14.0,16.0,1.0,2.0,5.0,,,,,,,,1.0,3.0,,,,,,,,5.0,1.0,,90.0,,1.0,,,,,,,6.0,,7.3,,,,,10.0,,,,4.0,,5.0,17.0,22.0,0,1.0,41.0,,,,1.0
2017-18,7759900,35,36,Brighton_and_Hove_Albion,Home,76120,74375,Ezequiel Schelotto,ezequiel-schelotto,D,True,,,,,,,,,,,,,,,,,,,,,,,,,,,,,,,,,,,,,,,,,,,,,,,,,,,,,,0,,,,,,
2017-18,7759900,35,36,Brighton_and_Hove_Albion,Home,115365,83299,Lewis Dunk,lewis-dunk,D,False,,,4.0,8.0,12.0,20.0,,3.0,5.0,,,,,,,1.0,2.0,7.0,,,1.0,,,,,3.0,,,90.0,1.0,1.0,,,,,,,8.0,,7.4,,,1.0,,7.0,2.0,,,9.0,,13.0,14.0,27.0,2,2.0,45.0,,,2.0,
2017-18,7759900,35,36,Brighton_and_Hove_Albion,Home,134364,85128,Connor Goldson,connor-goldson,D,True,,,,,,,,,,,,,,,,,,,,,,,,,,,,,,,,,,,,,,,,,,,,,,,,,,,,,,0,,,,,,
2017-18,7438027,36,36,Brighton_and_Hove_Albion,Away,6948,43808,Markus Suttner,markus-suttner,D,True,,,,,,,,,,,,,,,,,,,,,,,,,,,,,,,,,,,,,,,,,,,,,,,,,,,,,,0,,,,,,
2017-18,7438027,36,36,Brighton_and_Hove_Albion,Away,14193,42748,Gaëtan Bong,gaetan-bong,D,False,,,1.0,16.0,9.0,25.0,2.0,2.0,6.0,,,,,,,,2.0,4.0,,,,,,,,3.0,,,90.0,,,,,,,,,19.0,,7.2,,,,,3.0,,6.0,,5.0,,27.0,12.0,33.0,0,2.0,67.0,1.0,,,2.0
2017-18,7438027,36,36,Brighton_and_Hove_Albion,Away,27839,11352,Bruno Saltor,bruno-saltor,D,False,,,4.0,15.0,21.0,36.0,,3.0,5.0,,,,,,,,1.0,5.0,,,,,,,,,,,89.0,,1.0,,,,,,,13.0,,7.0,,,1.0,,1.0,2.0,2.0,,9.0,,21.0,23.0,42.0,1,,60.0,,1.0,1.0,
2017-18,7438027,36,36,Brighton_and_Hove_Albion,Away,55570,61933,Shane Duffy,shane-duffy,D,False,,,5.0,6.0,25.0,31.0,1.0,12.0,4.0,,,,,,,,1.0,13.0,,,1.0,,,,,,,,90.0,,3.0,,,,,,,12.0,,7.8,,,,,9.0,,,,10.0,,15.0,28.0,43.0,0,,58.0,,3.0,,
2017-18,7438027,36,36,Brighton_and_Hove_Albion,Away,76120,74375,Ezequiel Schelotto,ezequiel-schelotto,D,True,,,,1.0,,1.0,,1.0,,,,,,,,,,1.0,,,,,,,,,,,1.0,,,,,,,,,1.0,,,,,,,1.0,,1.0,,,,2.0,,1.0,0,,4.0,,,,
2017-18,7438027,36,36,Brighton_and_Hove_Albion,Away,115365,83299,Lewis Dunk,lewis-dunk,D,False,,,2.0,4.0,16.0,20.0,1.0,4.0,5.0,,,,1.0,,,,7.0,5.0,,,4.0,,,,,,,,90.0,,,,,,,,,20.0,,6.4,,,,,8.0,1.0,1.0,,10.0,,14.0,24.0,37.0,0,1.0,53.0,1.0,,,1.0
2017-18,7438027,36,36,Brighton_and_Hove_Albion,Away,134364,85128,Connor Goldson,connor-goldson,D,True,,,,,,,,,,,,,,,,,,,,,,,,,,,,,,,,,,,,,,,,,,,,,,,,,,,,,,0,,,,,,
2017-18,7438071,37,36,Brighton_and_Hove_Albion,Home,14193,42748,Gaëtan Bong,gaetan-bong,D,False,,,,5.0,6.0,11.0,2.0,,2.0,,,,,,,,2.0,3.0,,,,,,,,,,,90.0,,,,,,,,,7.0,,7.1,,,,,1.0,1.0,1.0,,2.0,,8.0,8.0,15.0,0,2.0,30.0,,,1.0,2.0
2017-18,7438071,37,36,Brighton_and_Hove_Albion,Home,27839,11352,Bruno Saltor,bruno-saltor,D,False,1.0,,,10.0,13.0,22.0,1.0,1.0,5.0,,,,,,,,1.0,7.0,,,,,,,,2.0,2.0,,90.0,,,,,,,,,12.0,,7.6,,,,,1.0,1.0,1.0,,5.0,,16.0,16.0,31.0,0,5.0,53.0,,,1.0,4.0
2017-18,7438071,37,36,Brighton_and_Hove_Albion,Home,55570,61933,Shane Duffy,shane-duffy,D,False,,,5.0,1.0,21.0,22.0,1.0,5.0,4.0,,,,,,,,2.0,7.0,,,1.0,,,,,,,,90.0,,1.0,,,,,,,5.0,,7.5,,,1.0,,9.0,1.0,,,8.0,,6.0,21.0,27.0,1,1.0,40.0,,,1.0,
2017-18,7438071,37,36,Brighton_and_Hove_Albion,Home,76120,74375,Ezequiel Schelotto,ezequiel-schelotto,D,True,,,,,,,,,,,,,,,,,,,,,,,,,,,,,,,,,,,,,,,,,,,,,,,,,,,,,,0,,,,,,
2017-18,7438071,37,36,Brighton_and_Hove_Albion,Home,115365,83299,Lewis Dunk,lewis-dunk,D,False,,,4.0,6.0,21.0,27.0,2.0,2.0,5.0,,,,1.0,,,,3.0,2.0,,,,,,,,2.0,,,90.0,,3.0,,,,,,,7.0,,7.3,,,,,7.0,,,,9.0,,11.0,22.0,33.0,0,,47.0,1.0,,,
2017-18,7438071,37,36,Brighton_and_Hove_Albion,Home,134364,85128,Connor Goldson,connor-goldson,D,True,,,,,,,,,,,,,,,,,,,,,,,,,,,,,,,,,,,,,,,,,,,,,,,,,,,,,,0,,,,,,
2017-18,7438055,38,36,Brighton_and_Hove_Albion,Away,6948,43808,Markus Suttner,markus-suttner,D,True,,,,,,,,,,,,,,,,,,,,,,,,,,,,,,,,,,,,,,,,,,,,,,,,,,,,,,0,,,,,,
2017-18,7438055,38,36,Brighton_and_Hove_Albion,Away,14193,42748,Gaëtan Bong,gaetan-bong,D,False,,,,2.0,9.0,11.0,,1.0,5.0,,,,,,,,,4.0,,,,,,,,,,,90.0,,1.0,,,,,,,11.0,,6.3,,,,,3.0,,1.0,,6.0,,8.0,13.0,20.0,0,3.0,33.0,,,,2.0
2017-18,7438055,38,36,Brighton_and_Hove_Albion,Away,27839,11352,Bruno Saltor,bruno-saltor,D,True,,,,,,,,,,,,,,,,,,,,,,,,,,,,,,,,,,,,,,,,,,,,,,,,,,,,,,0,,,,,,
2017-18,7438055,38,36,Brighton_and_Hove_Albion,Away,55570,61933,Shane Duffy,shane-duffy,D,False,,,,1.0,10.0,11.0,,1.0,,,,,,1.0,,,,2.0,,,,,,,,,,,71.0,,2.0,,,,,,,5.0,,7.1,,,,,10.0,,,,2.0,,3.0,11.0,14.0,0,1.0,31.0,2.0,,,1.0
2017-18,7438055,38,36,Brighton_and_Hove_Albion,Away,76120,74375,Ezequiel Schelotto,ezequiel-schelotto,D,False,,,2.0,7.0,17.0,24.0,,,8.0,,,,1.0,,,,1.0,,,1.0,1.0,,,,,,,,90.0,,,,,,,,,12.0,,5.6,,,,,3.0,,1.0,,6.0,,10.0,23.0,32.0,0,,49.0,1.0,,,
2017-18,7438055,38,36,Brighton_and_Hove_Albion,Away,115365,83299,Lewis Dunk,lewis-dunk,D,False,,,2.0,3.0,11.0,14.0,1.0,1.0,4.0,,,,2.0,,,,3.0,5.0,,,,,,,,2.0,,,90.0,,3.0,,,,,,,3.0,,6.7,,,,,6.0,1.0,,,4.0,,6.0,11.0,17.0,0,2.0,37.0,,1.0,1.0,1.0
2017-18,7438055,38,36,Brighton_and_Hove_Albion,Away,134364,85128,Connor Goldson,connor-goldson,D,True,,,1.0,,3.0,3.0,,,,,,,,,,,,,,,,,,,,,,,19.0,,,,,,,,,2.0,,6.3,,,,,1.0,,,,2.0,,1.0,4.0,5.0,0,,7.0,,,,
