season,matchId,gameweek,team_id,team,venue,playerId,pl_code,playerName,slug,position,substitute,accurateCross,accurateKeeperSweeper,accurateLongBalls,accurateOppositionHalfPasses,accurateOwnHalfPasses,accuratePass,aerialLost,aerialWon,ballRecovery,bigChanceCreated,bigChanceMissed,blockedScoringAttempt,challengeLost,dispossessed,duelLost,duelWon,errorLeadToAGoal,errorLeadToAShot,fouls,goalAssist,goals,goodHighClaim,hitWoodwork,interceptionWon,keyPass,lastManTackle,minutesPlayed,onTargetScoringAttempt,outfielderBlock,ownGoals,penaltyConceded,penaltyMiss,penaltySave,penaltyWon,punches,rating,savedShotsFromInsideTheBox,saves,shotOffTarget,substitute.1,totalClearance,totalContest,totalCross,totalKeeperSweeper,totalLongBalls,totalOffside,totalOppositionHalfPasses,totalOwnHalfPasses,totalPass,totalShots,totalTackle,touches,unsuccessfulTouch,wasFouled,wonContest
2014-15,5581532,1,21,West_Ham_United,Home,1253,1344,Jussi Jääskeläinen,jussi-jaaskelainen,G,True,,,,,,,,,,,,,,,,,,,,,,,,,,,,,,,,,,,,,,,,,,,,,,,,,,,,,,,
2014-15,5581532,1,21,West_Ham_United,Home,50539,60706,Adrián,adrian,G,False,,,,,,,,,,,,,,,,,,,,0.0,0.0,,,,,,90.0,,,0.0,,,,,,,,,,,,,,,,,,,,0.0,,,,,
2014-15,5582456,2,21,West_Ham_United,Away,1253,1344,Jussi Jääskeläinen,jussi-jaaskelainen,G,True,,,,,,,,,,,,,,,,,,,,,,,,,,,,,,,,,,,,,,,,,,,,,,,,,,,,,,,
2014-15,5582456,2,21,West_Ham_United,Away,50539,60706,Adrián,adrian,G,False,,,,,,,,,,,,,,,,,,,,0.0,0.0,,,,,,90.0,,,0.0,,,,,,,,,,,,,,,,,,,,0.0,,,,,
2014-15,5582490,3,21,West_Ham_United,Home,1253,1344,Jussi Jääskeläinen,jussi-jaaskelainen,G,True,,,,,,,,,,,,,,,,,,,,,,,,,,,,,,,,,,,,,,,,,,,,,,,,,,,,,,,
2014-15,5582490,3,21,West_Ham_United,Home,50539,60706,Adrián,adrian,G,False,,,,,,,,,,,,,,,,,,,,0.0,0.0,,,,,,90.0,,,0.0,,,,,,,,,,,,,,,,,,,,0.0,,,,,
2014-15,5582498,4,21,West_Ham_United,Away,1253,1344,Jussi Jääskeläinen,jussi-jaaskelainen,G,True,,,,,,,,,,,,,,,,,,,,,,,,,,,,,,,,,,,,,,,,,,,,,,,,,,,,,,,
2014-15,5582498,4,21,West_Ham_United,Away,50539,60706,Adrián,adrian,G,False,,,,,,,,,,,,,,,,,,,,0.0,0.0,,,,,,90.0,,,0.0,,,,,,,,,,,,,,,,,,,,0.0,,,,,
2014-15,5582530,5,21,West_Ham_United,Home,1253,1344,Jussi Jääskeläinen,jussi-jaaskelainen,G,True,,,,,,,,,,,,,,,,,,,,,,,,,,,,,,,,,,,,,,,,,,,,,,,,,,,,,,,
2014-15,5582530,5,21,West_Ham_United,Home,50539,60706,Adrián,adrian,G,False,,,,,,,,,,,,,,,,,,,,0.0,0.0,,,,,,90.0,,,0.0,,,,,,,,,,,,,,,,,,,,0.0,,,,,
2014-15,5582542,6,21,West_Ham_United,Away,1253,1344,Jussi Jääskeläinen,jussi-jaaskelainen,G,True,,,,,,,,,,,,,,,,,,,,,,,,,,,,,,,,,,,,,,,,,,,,,,,,,,,,,,,
2014-15,5582542,6,21,West_Ham_United,Away,50539,60706,Adrián,adrian,G,False,,,,,,,,,,,,,,,,,,,,0.0,0.0,,,,,,90.0,,,0.0,,,,,,,,,,,,,,,,,,,,0.0,,,,,
2014-15,5582570,7,21,West_Ham_United,Home,1253,1344,Jussi Jääskeläinen,jussi-jaaskelainen,G,True,,,,,,,,,,,,,,,,,,,,,,,,,,,,,,,,,,,,,,,,,,,,,,,,,,,,,,,
2014-15,5582570,7,21,West_Ham_United,Home,50539,60706,Adrián,adrian,G,False,,,,,,,,,,,,,,,,,,,,0.0,0.0,,,,,,90.0,,,0.0,,,,,,,,,,,,,,,,,,,,0.0,,,,,
2014-15,5582574,8,21,West_Ham_United,Away,1253,1344,Jussi Jääskeläinen,jussi-jaaskelainen,G,True,,,,,,,,,,,,,,,,,,,,,,,,,,,,,,,,,,,,,,,,,,,,,,,,,,,,,,,
2014-15,5582574,8,21,West_Ham_United,Away,50539,60706,Adrián,adrian,G,False,,,,,,,,,,,,,,,,,,,,0.0,0.0,,,,,,90.0,,,0.0,,,,,,,,,,,,,,,,,,,,0.0,,,,,
2014-15,5582610,9,21,West_Ham_United,Home,1253,1344,Jussi Jääskeläinen,jussi-jaaskelainen,G,True,,,,,,,,,,,,,,,,,,,,,,,,,,,,,,,,,,,,,,,,,,,,,,,,,,,,,,,
2014-15,5582610,9,21,West_Ham_United,Home,50539,60706,Adrián,adrian,G,False,,,,,,,,,,,,,,,,,,,,0.0,0.0,,,,,,90.0,,,0.0,,,,,,,,,,,,,,,,,,,,0.0,,,,,
2014-15,5582630,10,21,West_Ham_United,Away,1253,1344,Jussi Jääskeläinen,jussi-jaaskelainen,G,True,,,,,,,,,,,,,,,,,,,,,,,,,,,,,,,,,,,,,,,,,,,,,,,,,,,,,,,
2014-15,5582630,10,21,West_Ham_United,Away,50539,60706,Adrián,adrian,G,False,,,,,,,,,,,,,,,,,,,,0.0,0.0,,,,,,90.0,,,0.0,,,,,,,,,,,,,,,,,,,,0.0,,,,,
2014-15,5582650,11,21,West_Ham_United,Home,1253,1344,Jussi Jääskeläinen,jussi-jaaskelainen,G,True,,,,,,,,,,,,,,,,,,,,,,,,,,,,,,,,,,,,,,,,,,,,,,,,,,,,,,,
2014-15,5582650,11,21,West_Ham_United,Home,50539,60706,Adrián,adrian,G,False,,,,,,,,,,,,,,,,,,,,0.0,0.0,,,,,,90.0,,,0.0,,,,,,,,,,,,,,,,,,,,0.0,,,,,
2014-15,5582660,12,21,West_Ham_United,Away,1253,1344,Jussi Jääskeläinen,jussi-jaaskelainen,G,True,,,,,,,,,,,,,,,,,,,,,,,,,,,,,,,,,,,,,,,,,,,,,,,,,,,,,,,
2014-15,5582660,12,21,West_Ham_United,Away,50539,60706,Adrián,adrian,G,False,,,,,,,,,,,,,,,,,,,,0.0,0.0,,,,,,90.0,,,0.0,,,,,,,,,,,,,,,,,,,,0.0,,,,,
2014-15,5582690,13,21,West_Ham_United,Home,1253,1344,Jussi Jääskeläinen,jussi-jaaskelainen,G,True,,,,,,,,,,,,,,,,,,,,,,,,,,,,,,,,,,,,,,,,,,,,,,,,,,,,,,,
2014-15,5582690,13,21,West_Ham_United,Home,50539,60706,Adrián,adrian,G,False,,,,,,,,,,,,,,,,,,,,0.0,0.0,,,,,,90.0,,,0.0,,,,,,,,,,,,,,,,,,,,0.0,,,,,
2014-15,5582704,14,21,West_Ham_United,Away,1253,1344,Jussi Jääskeläinen,jussi-jaaskelainen,G,True,,,,,,,,,,,,,,,,,,,,,,,,,,,,,,,,,,,,,,,,,,,,,,,,,,,,,,,
2014-15,5582704,14,21,West_Ham_United,Away,50539,60706,Adrián,adrian,G,False,,,,,,,,,,,,,,,,,,,,0.0,0.0,,,,,,90.0,,,0.0,,,,,,,,,,,,,,,,,,,,0.0,,,,,
2014-15,5582730,15,21,West_Ham_United,Home,1253,1344,Jussi Jääskeläinen,jussi-jaaskelainen,G,True,,,,,,,,,,,,,,,,,,,,,,,,,,,,,,,,,,,,,,,,,,,,,,,,,,,,,,,
2014-15,5582730,15,21,West_Ham_United,Home,50539,60706,Adrián,adrian,G,False,,,,,,,,,,,,,,,,,,,,0.0,0.0,,,,,,90.0,,,0.0,,,,,,,,,,,,,,,,,,,,0.0,,,,,
2014-15,5582746,16,21,West_Ham_United,Away,1253,1344,Jussi Jääskeläinen,jussi-jaaskelainen,G,True,,,,,,,,,,,,,,,,,,,,,,,,,,,,,,,,,,,,,,,,,,,,,,,,,,,,,,,
2014-15,5582746,16,21,West_Ham_United,Away,50539,60706,Adrián,adrian,G,False,,,,,,,,,,,,,,,,,,,,0.0,0.0,,,,,,90.0,,,0.0,,,,,,,,,,,,,,,,,,,,0.0,,,,,
2014-15,5582770,17,21,West_Ham_United,Home,1253,1344,Jussi Jääskeläinen,jussi-jaaskelainen,G,True,,,,,,,,,,,,,,,,,,,,,,,,,,,,,,,,,,,,,,,,,,,,,,,,,,,,,,,
2014-15,5582770,17,21,West_Ham_United,Home,50539,60706,Adrián,adrian,G,False,,,,,,,,,,,,,,,,,,,,0.0,0.0,,,,,,90.0,,,0.0,,,,,,,,,,,,,,,,,,,,0.0,,,,,
2014-15,5582776,18,21,West_Ham_United,Away,1253,1344,Jussi Jääskeläinen,jussi-jaaskelainen,G,True,,,,,,,,,,,,,,,,,,,,,,,,,,,,,,,,,,,,,,,,,,,,,,,,,,,,,,,
2014-15,5582776,18,21,West_Ham_United,Away,50539,60706,Adrián,adrian,G,False,,,,,,,,,,,,,,,,,,,,0.0,0.0,,,,,,90.0,,,0.0,,,,,,,,,,,,,,,,,,,,0.0,,,,,
2014-15,5582810,19,21,West_Ham_United,Home,1253,1344,Jussi Jääskeläinen,jussi-jaaskelainen,G,True,,,,,,,,,,,,,,,,,,,,,,,,,,,,,,,,,,,,,,,,,,,,,,,,,,,,,,,
2014-15,5582810,19,21,West_Ham_United,Home,50539,60706,Adrián,adrian,G,False,,,,,,,,,,,,,,,,,,,,0.0,0.0,,,,,,90.0,,,0.0,,,,,,,,,,,,,,,,,,,,0.0,,,,,
2014-15,5582830,20,21,West_Ham_United,Home,1253,1344,Jussi Jääskeläinen,jussi-jaaskelainen,G,True,,,,,,,,,,,,,,,,,,,,,,,,,,,,,,,,,,,,,,,,,,,,,,,,,,,,,,,
2014-15,5582830,20,21,West_Ham_United,Home,50539,60706,Adrián,adrian,G,False,,,,,,,,,,,,,,,,,,,,0.0,0.0,,,,,,90.0,,,0.0,,,,,,,,,,,,,,,,,,,,0.0,,,,,
2014-15,5582848,21,21,West_Ham_United,Away,1253,1344,Jussi Jääskeläinen,jussi-jaaskelainen,G,True,,,,,,,,,,,,,,,,,,,,,,,,,,,,,,,,,,,,,,,,,,,,,,,,,,,,,,,
2014-15,5582848,21,21,West_Ham_United,Away,50539,60706,Adrián,adrian,G,False,,,,,,,,,,,,,,,,,,,,0.0,0.0,,,,,,90.0,,,0.0,,,,,,,,,,,,,,,,,,,,0.0,,,,,
2014-15,5582870,22,21,West_Ham_United,Home,1253,1344,Jussi Jääskeläinen,jussi-jaaskelainen,G,True,,,,,,,,,,,,,,,,,,,,,,,,,,,,,,,,,,,,,,,,,,,,,,,,,,,,,,,
2014-15,5582870,22,21,West_Ham_United,Home,50539,60706,Adrián,adrian,G,False,,,,,,,,,,,,,,,,,,,,0.0,0.0,,,,,,90.0,,,0.0,,,,,,,,,,,,,,,,,,,,0.0,,,,,
2014-15,5582880,23,21,West_Ham_United,Away,1253,1344,Jussi Jääskeläinen,jussi-jaaskelainen,G,True,,,,,,,,,,,,,,,,,,,,,,,,,,,,,,,,,,,,,,,,,,,,,,,,,,,,,,,
2014-15,5582880,23,21,West_Ham_United,Away,50539,60706,Adrián,adrian,G,False,,,,,,,,,,,,,,,,,,,,0.0,0.0,,,,,,90.0,,,0.0,,,,,,,,,,,,,,,,,,,,0.0,,,,,
2014-15,5582910,24,21,West_Ham_United,Home,1253,1344,Jussi Jääskeläinen,jussi-jaaskelainen,G,True,,,,,,,,,,,,,,,,,,,,,,,,,,,,,,,,,,,,,,,,,,,,,,,,,,,,,,,
2014-15,5582910,24,21,West_Ham_United,Home,50539,60706,Adrián,adrian,G,False,,,,,,,,,,,,,,,,,,,,0.0,0.0,,,,,,90.0,,,0.0,,,,,,,,,,,,,,,,,,,,0.0,,,,,
2014-15,5582922,25,21,West_Ham_United,Away,1253,1344,Jussi Jääskeläinen,jussi-jaaskelainen,G,True,,,,,,,,,,,,,,,,,,,,0.0,0.0,,,,,,27.0,,,0.0,,,,,,,,,,,,,,,,,,,,0.0,,,,,
2014-15,5582922,25,21,West_Ham_United,Away,50539,60706,Adrián,adrian,G,False,,,,,,,,,,,,,,,,,,,,0.0,0.0,,,,,,61.0,,,0.0,,,,,,,,,,,,,,,,,,,,0.0,,,,,
2014-15,5582950,26,21,West_Ham_United,Away,1253,1344,Jussi Jääskeläinen,jussi-jaaskelainen,G,True,,,,,,,,,,,,,,,,,,,,,,,,,,,,,,,,,,,,,,,,,,,,,,,,,,,,,,,
2014-15,5582950,26,21,West_Ham_United,Away,50539,60706,Adrián,adrian,G,False,,,,,,,,,,,,,,,,,,,,0.0,0.0,,,,,,90.0,,,0.0,,,,,,,,,,,,,,,,,,,,0.0,,,,,
2014-15,5582970,27,21,West_Ham_United,Home,1253,1344,Jussi Jääskeläinen,jussi-jaaskelainen,G,True,,,,,,,,,,,,,,,,,,,,,,,,,,,,,,,,,,,,,,,,,,,,,,,,,,,,,,,
2014-15,5582970,27,21,West_Ham_United,Home,50539,60706,Adrián,adrian,G,False,,,,,,,,,,,,,,,,,,,,0.0,0.0,,,,,,90.0,,,0.0,,,,,,,,,,,,,,,,,,,,0.0,,,,,
2014-15,5582982,28,21,West_Ham_United,Home,1253,1344,Jussi Jääskeläinen,jussi-jaaskelainen,G,True,,,,,,,,,,,,,,,,,,,,,,,,,,,,,,,,,,,,,,,,,,,,,,,,,,,,,,,
2014-15,5582982,28,21,West_Ham_United,Home,50539,60706,Adrián,adrian,G,False,,,,,,,,,,,,,,,,,,,,0.0,0.0,,,,,,90.0,,,0.0,,,,,,,,,,,,,,,,,,,,0.0,,,,,
2014-15,5582992,29,21,West_Ham_United,Away,1253,1344,Jussi Jääskeläinen,jussi-jaaskelainen,G,True,,,,,,,,,,,,,,,,,,,,,,,,,,,,,,,,,,,,,,,,,,,,,,,,,,,,,,,
2014-15,5582992,29,21,West_Ham_United,Away,50539,60706,Adrián,adrian,G,False,,,,,,,,,,,,,,,,,,,,0.0,0.0,,,,,,90.0,,,0.0,,,,,,,,,,,,,,,,,,,,0.0,,,,,
2014-15,5583030,30,21,West_Ham_United,Home,1253,1344,Jussi Jääskeläinen,jussi-jaaskelainen,G,True,,,,,,,,,,,,,,,,,,,,,,,,,,,,,,,,,,,,,,,,,,,,,,,,,,,,,,,
2014-15,5583030,30,21,West_Ham_United,Home,50539,60706,Adrián,adrian,G,False,,1.0,9.0,,,11.0,,,9.0,,,,,,,,,,,0.0,0.0,1.0,,,,,90.0,,,0.0,,,,,,7.3,2.0,3.0,,,,,,1.0,20.0,,,,22.0,0.0,,,,,
2014-15,5583084,31,21,West_Ham_United,Away,1253,1344,Jussi Jääskeläinen,jussi-jaaskelainen,G,True,,,,,,,,,,,,,,,,,,,,,,,,,,,,,,,,,,,,,,,,,,,,,,,,,,,,,,,
2014-15,5583084,31,21,West_Ham_United,Away,50539,60706,Adrián,adrian,G,False,,,,,,,,,,,,,,,,,,,,0.0,0.0,,,,,,90.0,,,0.0,,,,,,,,,,,,,,,,,,,,0.0,,,,,
2014-15,5583112,32,21,West_Ham_United,Home,1253,1344,Jussi Jääskeläinen,jussi-jaaskelainen,G,True,,,,,,,,,,,,,,,,,,,,,,,,,,,,,,,,,,,,,,,,,,,,,,,,,,,,,,,
2014-15,5583112,32,21,West_Ham_United,Home,50539,60706,Adrián,adrian,G,False,,1.0,9.0,9.0,,9.0,,,7.0,,,,,,,1.0,,,,0.0,0.0,4.0,,,,,90.0,,,0.0,,,,,,6.4,,1.0,,,,,,1.0,34.0,,31.0,3.0,34.0,0.0,,,,1.0,
2014-15,5583128,33,21,West_Ham_United,Away,1253,1344,Jussi Jääskeläinen,jussi-jaaskelainen,G,True,,,,,,,,,,,,,,,,,,,,,,,,,,,,,,,,,,,,,,,,,,,,,,,,,,,,,,,
2014-15,5583128,33,21,West_Ham_United,Away,50539,60706,Adrián,adrian,G,False,,3.0,10.0,9.0,5.0,14.0,,,10.0,,,,,,,,,,,0.0,0.0,1.0,,,,,90.0,,,0.0,,,,,,6.5,2.0,2.0,,,,,,3.0,22.0,,20.0,6.0,26.0,0.0,,,,,
2014-15,5583146,34,21,West_Ham_United,Away,1253,1344,Jussi Jääskeläinen,jussi-jaaskelainen,G,True,,,,,,,,,,,,,,,,,,,,,,,,,,,,,,,,,,,,,,,,,,,,,,,,,,,,,,,
2014-15,5583146,34,21,West_Ham_United,Away,50539,60706,Adrián,adrian,G,False,,,7.0,7.0,1.0,8.0,,1.0,11.0,,,,,,,1.0,,,,0.0,0.0,2.0,,,,,90.0,,,0.0,,,1.0,,1.0,8.4,6.0,7.0,,,1.0,,,,32.0,,31.0,2.0,33.0,0.0,,,,1.0,
2014-15,5583172,35,21,West_Ham_United,Home,1253,1344,Jussi Jääskeläinen,jussi-jaaskelainen,G,True,,,,,,,,,,,,,,,,,,,,,,,,,,,,,,,,,,,,,,,,,,,,,,,,,,,,,,,
2014-15,5583172,35,21,West_Ham_United,Home,50539,60706,Adrián,adrian,G,False,,1.0,8.0,4.0,6.0,10.0,,,8.0,,,,,,,,,,,0.0,0.0,2.0,,,,,90.0,,,0.0,,,,,,7.1,2.0,2.0,,,,,,1.0,26.0,,21.0,7.0,28.0,0.0,,,,,
2014-15,5583176,36,21,West_Ham_United,Away,1253,1344,Jussi Jääskeläinen,jussi-jaaskelainen,G,True,,,,,,,,,,,,,,,,,,,,,,,,,,,,,,,,,,,,,,,,,,,,,,,,,,,,,,,
2014-15,5583176,36,21,West_Ham_United,Away,50539,60706,Adrián,adrian,G,False,,1.0,5.0,5.0,2.0,7.0,,,8.0,,,,,,,,,,,0.0,0.0,1.0,,,,,90.0,,,0.0,,,,,1.0,6.9,1.0,4.0,,,1.0,,,1.0,21.0,,21.0,2.0,23.0,0.0,,33.0,,,
2014-15,5583212,37,21,West_Ham_United,Home,1253,1344,Jussi Jääskeläinen,jussi-jaaskelainen,G,True,,,,,,,,,,,,,,,,,,,,,,,,,,,,,,,,,,,,,,,,,,,,,,,,,,,,,,,
2014-15,5583212,37,21,West_Ham_United,Home,50539,60706,Adrián,adrian,G,False,,2.0,10.0,10.0,6.0,16.0,,,10.0,,,,,,,,,,,0.0,0.0,2.0,,,1.0,,90.0,,,0.0,,,,,,6.9,1.0,3.0,,,1.0,,,2.0,20.0,,18.0,8.0,26.0,0.0,,41.0,,,
2014-15,5583230,38,21,West_Ham_United,Away,1253,1344,Jussi Jääskeläinen,jussi-jaaskelainen,G,True,,,,,,,,,,,,,,,,,,,,,,,,,,,,,,,,,,,,,,,,,,,,,,,,,,,,,,,
2014-15,5583230,38,21,West_Ham_United,Away,50539,60706,Adrián,adrian,G,False,,,11.0,8.0,9.0,17.0,,,16.0,,,,,,,,,,,0.0,0.0,4.0,,1.0,,,90.0,,,0.0,,,,,,6.4,1.0,2.0,,,,,,,20.0,,16.0,10.0,26.0,0.0,,45.0,,,
