season,matchId,gameweek,team_id,team,venue,playerId,pl_code,playerName,slug,position,substitute,goalAssist,goals,minutesPlayed,ownGoals,substitute.1,totalShots
2012-13,2753858,1,6,Tottenham_Hotspur,Away,783,10451,Jermaine Jenas,jermaine-jenas,M,True,,,,,,
2012-13,2753858,1,6,Tottenham_Hotspur,Away,1951,4611,Rafael van der Vaart,rafael-van-der-vaart,M,True,0.0,0.0,,0.0,,0.0
2012-13,2753858,1,6,Tottenham_Hotspur,Away,9692,17349,Aaron Lennon,aaron-lennon,M,False,0.0,0.0,90.0,0.0,,0.0
2012-13,2753858,1,6,Tottenham_Hotspur,Away,34578,49944,Jake Livermore,jake-livermore,M,False,0.0,0.0,90.0,0.0,,0.0
2012-13,2753858,1,6,Tottenham_Hotspur,Away,43192,55422,Gylfi Sigurðsson,gylfi-sigursson,M,False,0.0,0.0,90.0,0.0,,0.0
2012-13,2753858,1,6,Tottenham_Hotspur,Away,43301,52876,Sandro,sandro,M,False,0.0,0.0,90.0,0.0,,0.0
2012-13,2754576,2,6,Tottenham_Hotspur,Home,783,10451,Jermaine Jenas,jermaine-jenas,M,True,0.0,0.0,,0.0,,0.0
2012-13,2754576,2,6,Tottenham_Hotspur,Home,1951,4611,Rafael van der Vaart,rafael-van-der-vaart,M,False,0.0,0.0,90.0,0.0,,0.0
2012-13,2754576,2,6,Tottenham_Hotspur,Home,9692,17349,Aaron Lennon,aaron-lennon,M,False,0.0,0.0,90.0,0.0,,0.0
2012-13,2754576,2,6,Tottenham_Hotspur,Home,34578,49944,Jake Livermore,jake-livermore,M,False,0.0,0.0,90.0,0.0,,0.0
2012-13,2754576,2,6,Tottenham_Hotspur,Home,43192,55422,Gylfi Sigurðsson,gylfi-sigursson,M,True,0.0,0.0,,0.0,,0.0
2012-13,2754576,2,6,Tottenham_Hotspur,Home,43301,52876,Sandro,sandro,M,False,0.0,0.0,90.0,0.0,,0.0
2012-13,2754590,3,6,Tottenham_Hotspur,Home,9689,15109,Tom Huddlestone,tom-huddlestone,M,True,0.0,0.0,,0.0,,0.0
2012-13,2754590,3,6,Tottenham_Hotspur,Home,9692,17349,Aaron Lennon,aaron-lennon,M,False,0.0,0.0,90.0,0.0,,0.0
2012-13,2754590,3,6,Tottenham_Hotspur,Home,9865,39104,Mousa Dembélé,mousa-dembele,M,True,0.0,1.0,,0.0,,0.0
2012-13,2754590,3,6,Tottenham_Hotspur,Home,34578,49944,Jake Livermore,jake-livermore,M,False,0.0,0.0,90.0,0.0,,0.0
2012-13,2754590,3,6,Tottenham_Hotspur,Home,43192,55422,Gylfi Sigurðsson,gylfi-sigursson,M,False,0.0,0.0,90.0,0.0,,0.0
2012-13,2754590,3,6,Tottenham_Hotspur,Home,43301,52876,Sandro,sandro,M,False,0.0,0.0,90.0,0.0,,0.0
2012-13,2754612,4,6,Tottenham_Hotspur,Away,9689,15109,Tom Huddlestone,tom-huddlestone,M,True,0.0,0.0,,0.0,,0.0
2012-13,2754612,4,6,Tottenham_Hotspur,Away,9692,17349,Aaron Lennon,aaron-lennon,M,False,0.0,0.0,90.0,0.0,,0.0
2012-13,2754612,4,6,Tottenham_Hotspur,Away,9865,39104,Mousa Dembélé,mousa-dembele,M,False,0.0,0.0,90.0,0.0,,0.0
2012-13,2754612,4,6,Tottenham_Hotspur,Away,12743,20226,Clint Dempsey,clint-dempsey,M,True,0.0,0.0,,0.0,,0.0
2012-13,2754612,4,6,Tottenham_Hotspur,Away,43192,55422,Gylfi Sigurðsson,gylfi-sigursson,M,False,0.0,0.0,90.0,0.0,,0.0
2012-13,2754612,4,6,Tottenham_Hotspur,Away,43301,52876,Sandro,sandro,M,False,0.0,0.0,90.0,0.0,,0.0
2012-13,2754638,5,6,Tottenham_Hotspur,Home,9689,15109,Tom Huddlestone,tom-huddlestone,M,True,0.0,0.0,,0.0,,0.0
2012-13,2754638,5,6,Tottenham_Hotspur,Home,9692,17349,Aaron Lennon,aaron-lennon,M,False,0.0,0.0,90.0,0.0,,0.0
2012-13,2754638,5,6,Tottenham_Hotspur,Home,9865,39104,Mousa Dembélé,mousa-dembele,M,False,0.0,0.0,90.0,0.0,,0.0
2012-13,2754638,5,6,Tottenham_Hotspur,Home,12743,20226,Clint Dempsey,clint-dempsey,M,False,0.0,0.0,90.0,0.0,,0.0
2012-13,2754638,5,6,Tottenham_Hotspur,Home,43192,55422,Gylfi Sigurðsson,gylfi-sigursson,M,False,0.0,0.0,90.0,0.0,,0.0
2012-13,2754638,5,6,Tottenham_Hotspur,Home,43301,52876,Sandro,sandro,M,False,0.0,0.0,90.0,0.0,,0.0
2012-13,2754638,5,6,Tottenham_Hotspur,Home,44567,58791,Ryan Mason,ryan-mason,M,True,,,,,,
2012-13,2754638,5,6,Tottenham_Hotspur,Home,46707,51960,Iago Falque,iago-falque,M,True,,,,,,
2012-13,2754658,6,6,Tottenham_Hotspur,Away,9689,15109,Tom Huddlestone,tom-huddlestone,M,True,0.0,0.0,,0.0,,0.0
2012-13,2754658,6,6,Tottenham_Hotspur,Away,9692,17349,Aaron Lennon,aaron-lennon,M,False,0.0,0.0,90.0,0.0,,0.0
2012-13,2754658,6,6,Tottenham_Hotspur,Away,9865,39104,Mousa Dembélé,mousa-dembele,M,False,0.0,0.0,90.0,0.0,,0.0
2012-13,2754658,6,6,Tottenham_Hotspur,Away,12743,20226,Clint Dempsey,clint-dempsey,M,False,0.0,1.0,90.0,0.0,,0.0
2012-13,2754658,6,6,Tottenham_Hotspur,Away,43192,55422,Gylfi Sigurðsson,gylfi-sigursson,M,True,0.0,0.0,,0.0,,0.0
2012-13,2754658,6,6,Tottenham_Hotspur,Away,43301,52876,Sandro,sandro,M,False,0.0,0.0,90.0,0.0,,0.0
2012-13,2754658,6,6,Tottenham_Hotspur,Away,44567,58791,Ryan Mason,ryan-mason,M,True,,,,,,
2012-13,2754658,6,6,Tottenham_Hotspur,Away,46707,51960,Iago Falque,iago-falque,M,True,,,,,,
2012-13,2754688,7,6,Tottenham_Hotspur,Home,9689,15109,Tom Huddlestone,tom-huddlestone,M,True,,,,,,
2012-13,2754688,7,6,Tottenham_Hotspur,Home,9692,17349,Aaron Lennon,aaron-lennon,M,False,0.0,1.0,90.0,0.0,,0.0
2012-13,2754688,7,6,Tottenham_Hotspur,Home,9865,39104,Mousa Dembélé,mousa-dembele,M,False,0.0,0.0,90.0,0.0,,0.0
2012-13,2754688,7,6,Tottenham_Hotspur,Home,12743,20226,Clint Dempsey,clint-dempsey,M,False,0.0,0.0,90.0,0.0,,0.0
2012-13,2754688,7,6,Tottenham_Hotspur,Home,43192,55422,Gylfi Sigurðsson,gylfi-sigursson,M,True,0.0,0.0,,0.0,,0.0
2012-13,2754688,7,6,Tottenham_Hotspur,Home,43301,52876,Sandro,sandro,M,False,0.0,0.0,90.0,0.0,,0.0
2012-13,2754688,7,6,Tottenham_Hotspur,Home,46707,51960,Iago Falque,iago-falque,M,True,,,,,,
2012-13,2754714,8,6,Tottenham_Hotspur,Home,9689,15109,Tom Huddlestone,tom-huddlestone,M,False,0.0,0.0,90.0,0.0,,0.0
2012-13,2754714,8,6,Tottenham_Hotspur,Home,9692,17349,Aaron Lennon,aaron-lennon,M,False,0.0,0.0,90.0,0.0,,0.0
2012-13,2754714,8,6,Tottenham_Hotspur,Home,12743,20226,Clint Dempsey,clint-dempsey,M,False,0.0,0.0,90.0,0.0,,0.0
2012-13,2754714,8,6,Tottenham_Hotspur,Home,34578,49944,Jake Livermore,jake-livermore,M,True,0.0,0.0,,0.0,,0.0
2012-13,2754714,8,6,Tottenham_Hotspur,Home,43192,55422,Gylfi Sigurðsson,gylfi-sigursson,M,False,0.0,0.0,90.0,0.0,,0.0
2012-13,2754714,8,6,Tottenham_Hotspur,Home,43301,52876,Sandro,sandro,M,False,0.0,0.0,90.0,0.0,,0.0
2012-13,2754714,8,6,Tottenham_Hotspur,Home,46707,51960,Iago Falque,iago-falque,M,True,,,,,,
2012-13,2754740,9,6,Tottenham_Hotspur,Away,9689,15109,Tom Huddlestone,tom-huddlestone,M,False,0.0,0.0,90.0,0.0,,0.0
2012-13,2754740,9,6,Tottenham_Hotspur,Away,9692,17349,Aaron Lennon,aaron-lennon,M,False,0.0,0.0,90.0,0.0,,0.0
2012-13,2754740,9,6,Tottenham_Hotspur,Away,12743,20226,Clint Dempsey,clint-dempsey,M,False,0.0,1.0,90.0,0.0,,0.0
2012-13,2754740,9,6,Tottenham_Hotspur,Away,34578,49944,Jake Livermore,jake-livermore,M,True,0.0,0.0,,0.0,,0.0
2012-13,2754740,9,6,Tottenham_Hotspur,Away,43192,55422,Gylfi Sigurðsson,gylfi-sigursson,M,True,0.0,0.0,,0.0,,0.0
2012-13,2754740,9,6,Tottenham_Hotspur,Away,43301,52876,Sandro,sandro,M,False,0.0,0.0,90.0,0.0,,0.0
2012-13,2754740,9,6,Tottenham_Hotspur,Away,46707,51960,Iago Falque,iago-falque,M,True,,,,,,
2012-13,2754760,10,6,Tottenham_Hotspur,Home,9689,15109,Tom Huddlestone,tom-huddlestone,M,False,0.0,0.0,90.0,0.0,,0.0
2012-13,2754760,10,6,Tottenham_Hotspur,Home,9692,17349,Aaron Lennon,aaron-lennon,M,False,0.0,0.0,90.0,0.0,,0.0
2012-13,2754760,10,6,Tottenham_Hotspur,Home,12743,20226,Clint Dempsey,clint-dempsey,M,False,0.0,0.0,90.0,0.0,,0.0
2012-13,2754760,10,6,Tottenham_Hotspur,Home,43192,55422,Gylfi Sigurðsson,gylfi-sigursson,M,True,0.0,0.0,,0.0,,0.0
2012-13,2754760,10,6,Tottenham_Hotspur,Home,43301,52876,Sandro,sandro,M,False,0.0,0.0,90.0,0.0,,0.0
2012-13,2754760,10,6,Tottenham_Hotspur,Home,46707,51960,Iago Falque,iago-falque,M,True,,,,,,
2012-13,2754760,10,6,Tottenham_Hotspur,Home,801460,93464,Tom Carroll,carroll-tom,M,True,0.0,0.0,,0.0,,0.0
2012-13,2754774,11,6,Tottenham_Hotspur,Away,9689,15109,Tom Huddlestone,tom-huddlestone,M,False,0.0,0.0,90.0,0.0,,0.0
2012-13,2754774,11,6,Tottenham_Hotspur,Away,9692,17349,Aaron Lennon,aaron-lennon,M,False,0.0,0.0,90.0,0.0,,0.0
2012-13,2754774,11,6,Tottenham_Hotspur,Away,12743,20226,Clint Dempsey,clint-dempsey,M,False,0.0,0.0,90.0,0.0,,0.0
2012-13,2754774,11,6,Tottenham_Hotspur,Away,34578,49944,Jake Livermore,jake-livermore,M,True,,,,,,
2012-13,2754774,11,6,Tottenham_Hotspur,Away,43192,55422,Gylfi Sigurðsson,gylfi-sigursson,M,True,,,,,,
2012-13,2754774,11,6,Tottenham_Hotspur,Away,43301,52876,Sandro,sandro,M,False,0.0,0.0,90.0,0.0,,0.0
2012-13,2754774,11,6,Tottenham_Hotspur,Away,801460,93464,Tom Carroll,carroll-tom,M,True,,,,,,
2012-13,2754786,12,6,Tottenham_Hotspur,Away,9689,15109,Tom Huddlestone,tom-huddlestone,M,False,0.0,0.0,90.0,0.0,,0.0
2012-13,2754786,12,6,Tottenham_Hotspur,Away,9692,17349,Aaron Lennon,aaron-lennon,M,False,0.0,0.0,90.0,0.0,,0.0
2012-13,2754786,12,6,Tottenham_Hotspur,Away,12743,20226,Clint Dempsey,clint-dempsey,M,True,0.0,0.0,,0.0,,0.0
2012-13,2754786,12,6,Tottenham_Hotspur,Away,34578,49944,Jake Livermore,jake-livermore,M,True,,,,,,
2012-13,2754786,12,6,Tottenham_Hotspur,Away,43192,55422,Gylfi Sigurðsson,gylfi-sigursson,M,True,,,,,,
2012-13,2754786,12,6,Tottenham_Hotspur,Away,43301,52876,Sandro,sandro,M,False,0.0,0.0,90.0,0.0,,0.0
2012-13,2754786,12,6,Tottenham_Hotspur,Away,801460,93464,Tom Carroll,carroll-tom,M,True,0.0,0.0,,0.0,,0.0
2012-13,2754918,13,6,Tottenham_Hotspur,Home,9689,15109,Tom Huddlestone,tom-huddlestone,M,False,0.0,0.0,90.0,0.0,,0.0
2012-13,2754918,13,6,Tottenham_Hotspur,Home,9692,17349,Aaron Lennon,aaron-lennon,M,False,0.0,0.0,90.0,0.0,,0.0
2012-13,2754918,13,6,Tottenham_Hotspur,Home,9865,39104,Mousa Dembélé,mousa-dembele,M,True,0.0,0.0,,0.0,,0.0
2012-13,2754918,13,6,Tottenham_Hotspur,Home,12743,20226,Clint Dempsey,clint-dempsey,M,False,0.0,0.0,90.0,0.0,,0.0
2012-13,2754918,13,6,Tottenham_Hotspur,Home,34578,49944,Jake Livermore,jake-livermore,M,True,0.0,0.0,,0.0,,0.0
2012-13,2754918,13,6,Tottenham_Hotspur,Home,43192,55422,Gylfi Sigurðsson,gylfi-sigursson,M,True,0.0,0.0,,0.0,,0.0
2012-13,2754918,13,6,Tottenham_Hotspur,Home,43301,52876,Sandro,sandro,M,False,0.0,0.0,90.0,0.0,,0.0
2012-13,2754918,13,6,Tottenham_Hotspur,Home,801460,93464,Tom Carroll,carroll-tom,M,True,,,,,,
2012-13,2754934,14,6,Tottenham_Hotspur,Home,9689,15109,Tom Huddlestone,tom-huddlestone,M,True,0.0,0.0,,0.0,,0.0
2012-13,2754934,14,6,Tottenham_Hotspur,Home,9692,17349,Aaron Lennon,aaron-lennon,M,False,0.0,1.0,90.0,0.0,,0.0
2012-13,2754934,14,6,Tottenham_Hotspur,Home,9865,39104,Mousa Dembélé,mousa-dembele,M,False,0.0,0.0,90.0,0.0,,0.0
2012-13,2754934,14,6,Tottenham_Hotspur,Home,12743,20226,Clint Dempsey,clint-dempsey,M,False,0.0,0.0,90.0,0.0,,0.0
2012-13,2754934,14,6,Tottenham_Hotspur,Home,34578,49944,Jake Livermore,jake-livermore,M,True,,,,,,
2012-13,2754934,14,6,Tottenham_Hotspur,Home,43192,55422,Gylfi Sigurðsson,gylfi-sigursson,M,True,0.0,0.0,,0.0,,0.0
2012-13,2754934,14,6,Tottenham_Hotspur,Home,43301,52876,Sandro,sandro,M,False,0.0,0.0,90.0,0.0,,0.0
2012-13,2754934,14,6,Tottenham_Hotspur,Home,801460,93464,Tom Carroll,carroll-tom,M,True,,,,,,
2012-13,2754952,15,6,Tottenham_Hotspur,Away,9692,17349,Aaron Lennon,aaron-lennon,M,False,0.0,0.0,90.0,0.0,,0.0
2012-13,2754952,15,6,Tottenham_Hotspur,Away,9865,39104,Mousa Dembélé,mousa-dembele,M,False,0.0,0.0,90.0,0.0,,0.0
2012-13,2754952,15,6,Tottenham_Hotspur,Away,12743,20226,Clint Dempsey,clint-dempsey,M,False,0.0,0.0,90.0,0.0,,0.0
2012-13,2754952,15,6,Tottenham_Hotspur,Away,34578,49944,Jake Livermore,jake-livermore,M,True,,,,,,
2012-13,2754952,15,6,Tottenham_Hotspur,Away,43192,55422,Gylfi Sigurðsson,gylfi-sigursson,M,True,0.0,0.0,,0.0,,0.0
2012-13,2754952,15,6,Tottenham_Hotspur,Away,43301,52876,Sandro,sandro,M,False,0.0,1.0,90.0,0.0,,0.0
2012-13,2754952,15,6,Tottenham_Hotspur,Away,46707,51960,Iago Falque,iago-falque,M,True,,,,,,
2012-13,2754952,15,6,Tottenham_Hotspur,Away,801460,93464,Tom Carroll,carroll-tom,M,True,0.0,0.0,,0.0,,0.0
2012-13,2754974,16,6,Tottenham_Hotspur,Away,9689,15109,Tom Huddlestone,tom-huddlestone,M,True,0.0,0.0,19.0,0.0,,0.0
2012-13,2754974,16,6,Tottenham_Hotspur,Away,9692,17349,Aaron Lennon,aaron-lennon,M,False,0.0,0.0,71.0,0.0,,0.0
2012-13,2754974,16,6,Tottenham_Hotspur,Away,9865,39104,Mousa Dembélé,mousa-dembele,M,False,0.0,0.0,77.0,0.0,,0.0
2012-13,2754974,16,6,Tottenham_Hotspur,Away,12743,20226,Clint Dempsey,clint-dempsey,M,False,0.0,1.0,90.0,0.0,,0.0
2012-13,2754974,16,6,Tottenham_Hotspur,Away,34578,49944,Jake Livermore,jake-livermore,M,True,,,,,,
2012-13,2754974,16,6,Tottenham_Hotspur,Away,43192,55422,Gylfi Sigurðsson,gylfi-sigursson,M,True,0.0,0.0,13.0,0.0,,0.0
2012-13,2754974,16,6,Tottenham_Hotspur,Away,43301,52876,Sandro,sandro,M,False,0.0,0.0,90.0,0.0,,0.0
2012-13,2754974,16,6,Tottenham_Hotspur,Away,46707,51960,Iago Falque,iago-falque,M,True,0.0,0.0,5.0,0.0,,0.0
2012-13,2755006,17,6,Tottenham_Hotspur,Home,1218,1411,Scott Parker,scott-parker,M,True,0.0,0.0,1.0,0.0,,0.0
2012-13,2755006,17,6,Tottenham_Hotspur,Home,9689,15109,Tom Huddlestone,tom-huddlestone,M,True,,,,,,
2012-13,2755006,17,6,Tottenham_Hotspur,Home,9692,17349,Aaron Lennon,aaron-lennon,M,False,0.0,0.0,90.0,0.0,,0.0
2012-13,2755006,17,6,Tottenham_Hotspur,Home,9865,39104,Mousa Dembélé,mousa-dembele,M,False,0.0,0.0,90.0,0.0,,0.0
2012-13,2755006,17,6,Tottenham_Hotspur,Home,12743,20226,Clint Dempsey,clint-dempsey,M,False,0.0,0.0,70.0,0.0,,0.0
2012-13,2755006,17,6,Tottenham_Hotspur,Home,34578,49944,Jake Livermore,jake-livermore,M,True,,,,,,
2012-13,2755006,17,6,Tottenham_Hotspur,Home,43192,55422,Gylfi Sigurðsson,gylfi-sigursson,M,True,0.0,0.0,20.0,0.0,,0.0
2012-13,2755006,17,6,Tottenham_Hotspur,Home,43301,52876,Sandro,sandro,M,False,0.0,0.0,90.0,0.0,,0.0
2012-13,2755022,18,6,Tottenham_Hotspur,Home,1218,1411,Scott Parker,scott-parker,M,True,0.0,0.0,5.0,0.0,,0.0
2012-13,2755022,18,6,Tottenham_Hotspur,Home,9692,17349,Aaron Lennon,aaron-lennon,M,False,0.0,0.0,78.0,0.0,,0.0
2012-13,2755022,18,6,Tottenham_Hotspur,Home,9865,39104,Mousa Dembélé,mousa-dembele,M,False,0.0,0.0,85.0,0.0,,0.0
2012-13,2755022,18,6,Tottenham_Hotspur,Home,34578,49944,Jake Livermore,jake-livermore,M,True,,,,,,
2012-13,2755022,18,6,Tottenham_Hotspur,Home,43192,55422,Gylfi Sigurðsson,gylfi-sigursson,M,True,0.0,0.0,12.0,0.0,,0.0
2012-13,2755022,18,6,Tottenham_Hotspur,Home,43301,52876,Sandro,sandro,M,False,0.0,0.0,90.0,0.0,,0.0
2012-13,2755032,19,6,Tottenham_Hotspur,Away,1218,1411,Scott Parker,scott-parker,M,True,0.0,0.0,24.0,0.0,,0.0
2012-13,2755032,19,6,Tottenham_Hotspur,Away,9692,17349,Aaron Lennon,aaron-lennon,M,False,0.0,0.0,90.0,0.0,,0.0
2012-13,2755032,19,6,Tottenham_Hotspur,Away,9865,39104,Mousa Dembélé,mousa-dembele,M,False,0.0,0.0,66.0,0.0,,0.0
2012-13,2755032,19,6,Tottenham_Hotspur,Away,34578,49944,Jake Livermore,jake-livermore,M,True,,,,,,
2012-13,2755032,19,6,Tottenham_Hotspur,Away,43192,55422,Gylfi Sigurðsson,gylfi-sigursson,M,True,0.0,0.0,11.0,0.0,,0.0
2012-13,2755032,19,6,Tottenham_Hotspur,Away,43301,52876,Sandro,sandro,M,False,0.0,0.0,90.0,0.0,,0.0
2012-13,2755068,20,6,Tottenham_Hotspur,Away,1218,1411,Scott Parker,scott-parker,M,True,0.0,0.0,7.0,0.0,,0.0
2012-13,2755068,20,6,Tottenham_Hotspur,Away,9689,15109,Tom Huddlestone,tom-huddlestone,M,True,,,,,,
2012-13,2755068,20,6,Tottenham_Hotspur,Away,9692,17349,Aaron Lennon,aaron-lennon,M,False,0.0,1.0,83.0,0.0,,0.0
2012-13,2755068,20,6,Tottenham_Hotspur,Away,9865,39104,Mousa Dembélé,mousa-dembele,M,False,0.0,0.0,90.0,0.0,,0.0
2012-13,2755068,20,6,Tottenham_Hotspur,Away,12743,20226,Clint Dempsey,clint-dempsey,M,True,0.0,0.0,15.0,0.0,,0.0
2012-13,2755068,20,6,Tottenham_Hotspur,Away,34578,49944,Jake Livermore,jake-livermore,M,True,,,,,,
2012-13,2755068,20,6,Tottenham_Hotspur,Away,43192,55422,Gylfi Sigurðsson,gylfi-sigursson,M,True,0.0,0.0,1.0,0.0,,0.0
2012-13,2755068,20,6,Tottenham_Hotspur,Away,43301,52876,Sandro,sandro,M,False,0.0,0.0,90.0,0.0,,0.0
2012-13,2755082,21,6,Tottenham_Hotspur,Home,1218,1411,Scott Parker,scott-parker,M,True,0.0,0.0,21.0,0.0,,0.0
2012-13,2755082,21,6,Tottenham_Hotspur,Home,9689,15109,Tom Huddlestone,tom-huddlestone,M,True,,,,,,
2012-13,2755082,21,6,Tottenham_Hotspur,Home,9692,17349,Aaron Lennon,aaron-lennon,M,False,0.0,0.0,90.0,0.0,,0.0
2012-13,2755082,21,6,Tottenham_Hotspur,Home,9865,39104,Mousa Dembélé,mousa-dembele,M,False,0.0,0.0,69.0,0.0,,0.0
2012-13,2755082,21,6,Tottenham_Hotspur,Home,12743,20226,Clint Dempsey,clint-dempsey,M,True,0.0,1.0,15.0,0.0,,0.0
2012-13,2755082,21,6,Tottenham_Hotspur,Home,34578,49944,Jake Livermore,jake-livermore,M,True,0.0,0.0,2.0,0.0,,0.0
2012-13,2755082,21,6,Tottenham_Hotspur,Home,43192,55422,Gylfi Sigurðsson,gylfi-sigursson,M,False,0.0,0.0,75.0,0.0,,0.0
2012-13,2755082,21,6,Tottenham_Hotspur,Home,43301,52876,Sandro,sandro,M,False,0.0,0.0,90.0,0.0,,0.0
2012-13,2755082,21,6,Tottenham_Hotspur,Home,46707,51960,Iago Falque,iago-falque,M,True,,,,,,
2012-13,2755102,22,6,Tottenham_Hotspur,Away,1218,1411,Scott Parker,scott-parker,M,True,0.0,0.0,65.0,0.0,,0.0
2012-13,2755102,22,6,Tottenham_Hotspur,Away,9689,15109,Tom Huddlestone,tom-huddlestone,M,True,,,,,,
2012-13,2755102,22,6,Tottenham_Hotspur,Away,9692,17349,Aaron Lennon,aaron-lennon,M,False,0.0,0.0,79.0,0.0,,0.0
2012-13,2755102,22,6,Tottenham_Hotspur,Away,9865,39104,Mousa Dembélé,mousa-dembele,M,False,0.0,0.0,90.0,0.0,,0.0
2012-13,2755102,22,6,Tottenham_Hotspur,Away,12743,20226,Clint Dempsey,clint-dempsey,M,True,0.0,0.0,21.0,0.0,,0.0
2012-13,2755102,22,6,Tottenham_Hotspur,Away,43192,55422,Gylfi Sigurðsson,gylfi-sigursson,M,True,0.0,0.0,11.0,0.0,,0.0
2012-13,2755102,22,6,Tottenham_Hotspur,Away,43301,52876,Sandro,sandro,M,False,0.0,0.0,25.0,0.0,,0.0
2012-13,2755126,23,6,Tottenham_Hotspur,Home,1218,1411,Scott Parker,scott-parker,M,False,0.0,0.0,80.0,0.0,,0.0
2012-13,2755126,23,6,Tottenham_Hotspur,Home,9689,15109,Tom Huddlestone,tom-huddlestone,M,True,0.0,0.0,10.0,0.0,,0.0
2012-13,2755126,23,6,Tottenham_Hotspur,Home,9692,17349,Aaron Lennon,aaron-lennon,M,False,0.0,0.0,90.0,0.0,,0.0
2012-13,2755126,23,6,Tottenham_Hotspur,Home,9865,39104,Mousa Dembélé,mousa-dembele,M,False,0.0,0.0,90.0,0.0,,0.0
2012-13,2755126,23,6,Tottenham_Hotspur,Home,12743,20226,Clint Dempsey,clint-dempsey,M,False,0.0,1.0,90.0,0.0,,0.0
2012-13,2755126,23,6,Tottenham_Hotspur,Home,34578,49944,Jake Livermore,jake-livermore,M,True,,,,,,
2012-13,2755126,23,6,Tottenham_Hotspur,Home,43192,55422,Gylfi Sigurðsson,gylfi-sigursson,M,True,,,,,,
2012-13,2755138,24,6,Tottenham_Hotspur,Away,1218,1411,Scott Parker,scott-parker,M,False,0.0,0.0,90.0,0.0,,0.0
2012-13,2755138,24,6,Tottenham_Hotspur,Away,9692,17349,Aaron Lennon,aaron-lennon,M,False,0.0,0.0,87.0,0.0,,0.0
2012-13,2755138,24,6,Tottenham_Hotspur,Away,9865,39104,Mousa Dembélé,mousa-dembele,M,False,0.0,0.0,90.0,0.0,,0.0
2012-13,2755138,24,6,Tottenham_Hotspur,Away,12743,20226,Clint Dempsey,clint-dempsey,M,False,0.0,0.0,71.0,0.0,,0.0
2012-13,2755138,24,6,Tottenham_Hotspur,Away,34578,49944,Jake Livermore,jake-livermore,M,True,,,,,,
2012-13,2755138,24,6,Tottenham_Hotspur,Away,43192,55422,Gylfi Sigurðsson,gylfi-sigursson,M,True,0.0,0.0,3.0,0.0,,0.0
2012-13,2755138,24,6,Tottenham_Hotspur,Away,1135884,49318,Lewis Holtby,lewis-holtby,M,True,0.0,0.0,19.0,0.0,,0.0
2012-13,2755164,25,6,Tottenham_Hotspur,Away,1218,1411,Scott Parker,scott-parker,M,False,0.0,0.0,90.0,0.0,,0.0
2012-13,2755164,25,6,Tottenham_Hotspur,Away,9689,15109,Tom Huddlestone,tom-huddlestone,M,True,,,,,,
2012-13,2755164,25,6,Tottenham_Hotspur,Away,9692,17349,Aaron Lennon,aaron-lennon,M,False,0.0,0.0,86.0,0.0,,0.0
2012-13,2755164,25,6,Tottenham_Hotspur,Away,9865,39104,Mousa Dembélé,mousa-dembele,M,False,0.0,0.0,90.0,0.0,,0.0
2012-13,2755164,25,6,Tottenham_Hotspur,Away,12743,20226,Clint Dempsey,clint-dempsey,M,False,0.0,0.0,90.0,0.0,,0.0
2012-13,2755164,25,6,Tottenham_Hotspur,Away,34578,49944,Jake Livermore,jake-livermore,M,True,,,,,,
2012-13,2755164,25,6,Tottenham_Hotspur,Away,43192,55422,Gylfi Sigurðsson,gylfi-sigursson,M,True,0.0,0.0,4.0,0.0,,0.0
2012-13,2755164,25,6,Tottenham_Hotspur,Away,1135884,49318,Lewis Holtby,lewis-holtby,M,True,0.0,0.0,51.0,0.0,,0.0
2012-13,2755188,26,6,Tottenham_Hotspur,Home,1218,1411,Scott Parker,scott-parker,M,False,0.0,0.0,90.0,0.0,,0.0
2012-13,2755188,26,6,Tottenham_Hotspur,Home,9692,17349,Aaron Lennon,aaron-lennon,M,False,0.0,0.0,90.0,0.0,,0.0
2012-13,2755188,26,6,Tottenham_Hotspur,Home,9865,39104,Mousa Dembélé,mousa-dembele,M,False,0.0,0.0,90.0,0.0,,0.0
2012-13,2755188,26,6,Tottenham_Hotspur,Home,12743,20226,Clint Dempsey,clint-dempsey,M,False,0.0,0.0,90.0,0.0,,0.0
2012-13,2755188,26,6,Tottenham_Hotspur,Home,34578,49944,Jake Livermore,jake-livermore,M,True,0.0,0.0,1.0,0.0,,0.0
2012-13,2755188,26,6,Tottenham_Hotspur,Home,43192,55422,Gylfi Sigurðsson,gylfi-sigursson,M,True,,,,,,
2012-13,2755188,26,6,Tottenham_Hotspur,Home,1135884,49318,Lewis Holtby,lewis-holtby,M,False,0.0,0.0,69.0,0.0,,0.0
2012-13,2757524,27,6,Tottenham_Hotspur,Away,1218,1411,Scott Parker,scott-parker,M,False,0.0,0.0,88.0,0.0,,0.0
2012-13,2757524,27,6,Tottenham_Hotspur,Away,9692,17349,Aaron Lennon,aaron-lennon,M,False,0.0,0.0,90.0,0.0,,0.0
2012-13,2757524,27,6,Tottenham_Hotspur,Away,9865,39104,Mousa Dembélé,mousa-dembele,M,False,0.0,0.0,75.0,0.0,,0.0
2012-13,2757524,27,6,Tottenham_Hotspur,Away,34578,49944,Jake Livermore,jake-livermore,M,True,0.0,0.0,2.0,0.0,,0.0
2012-13,2757524,27,6,Tottenham_Hotspur,Away,43192,55422,Gylfi Sigurðsson,gylfi-sigursson,M,True,0.0,1.0,34.0,0.0,,0.0
2012-13,2757524,27,6,Tottenham_Hotspur,Away,801460,93464,Tom Carroll,carroll-tom,M,True,0.0,0.0,15.0,0.0,,0.0
2012-13,2757524,27,6,Tottenham_Hotspur,Away,1135884,49318,Lewis Holtby,lewis-holtby,M,False,0.0,0.0,56.0,0.0,,0.0
2012-13,2757162,28,6,Tottenham_Hotspur,Home,1218,1411,Scott Parker,scott-parker,M,False,0.0,0.0,90.0,0.0,,0.0
2012-13,2757162,28,6,Tottenham_Hotspur,Home,9692,17349,Aaron Lennon,aaron-lennon,M,False,0.0,1.0,90.0,0.0,,0.0
2012-13,2757162,28,6,Tottenham_Hotspur,Home,9865,39104,Mousa Dembélé,mousa-dembele,M,False,0.0,0.0,87.0,0.0,,0.0
2012-13,2757162,28,6,Tottenham_Hotspur,Home,34578,49944,Jake Livermore,jake-livermore,M,True,0.0,0.0,3.0,0.0,,0.0
2012-13,2757162,28,6,Tottenham_Hotspur,Home,43192,55422,Gylfi Sigurðsson,gylfi-sigursson,M,False,0.0,0.0,90.0,0.0,,0.0
2012-13,2757162,28,6,Tottenham_Hotspur,Home,1135884,49318,Lewis Holtby,lewis-holtby,M,True,,,,,,
2012-13,2757170,29,6,Tottenham_Hotspur,Away,1218,1411,Scott Parker,scott-parker,M,False,0.0,0.0,90.0,0.0,,0.0
2012-13,2757170,29,6,Tottenham_Hotspur,Away,9689,15109,Tom Huddlestone,tom-huddlestone,M,True,,,,,,
2012-13,2757170,29,6,Tottenham_Hotspur,Away,9865,39104,Mousa Dembélé,mousa-dembele,M,False,0.0,0.0,90.0,0.0,,0.0
2012-13,2757170,29,6,Tottenham_Hotspur,Away,34578,49944,Jake Livermore,jake-livermore,M,False,0.0,0.0,84.0,0.0,,0.0
2012-13,2757170,29,6,Tottenham_Hotspur,Away,43192,55422,Gylfi Sigurðsson,gylfi-sigursson,M,False,0.0,0.0,90.0,0.0,,0.0
2012-13,2757170,29,6,Tottenham_Hotspur,Away,801460,93464,Tom Carroll,carroll-tom,M,True,0.0,0.0,1.0,0.0,,0.0
2012-13,2757170,29,6,Tottenham_Hotspur,Away,1135884,49318,Lewis Holtby,lewis-holtby,M,True,0.0,0.0,6.0,0.0,,0.0
2012-13,2757198,30,6,Tottenham_Hotspur,Home,1218,1411,Scott Parker,scott-parker,M,False,0.0,0.0,90.0,0.0,,0.0
2012-13,2757198,30,6,Tottenham_Hotspur,Home,9865,39104,Mousa Dembélé,mousa-dembele,M,False,0.0,0.0,67.0,0.0,,0.0
2012-13,2757198,30,6,Tottenham_Hotspur,Home,12743,20226,Clint Dempsey,clint-dempsey,M,True,0.0,0.0,44.0,0.0,,0.0
2012-13,2757198,30,6,Tottenham_Hotspur,Home,34578,49944,Jake Livermore,jake-livermore,M,True,,,,,,
2012-13,2757198,30,6,Tottenham_Hotspur,Home,43192,55422,Gylfi Sigurðsson,gylfi-sigursson,M,False,0.0,0.0,62.0,0.0,,0.0
2012-13,2757198,30,6,Tottenham_Hotspur,Home,801460,93464,Tom Carroll,carroll-tom,M,True,0.0,0.0,23.0,0.0,,0.0
2012-13,2757198,30,6,Tottenham_Hotspur,Home,1135884,49318,Lewis Holtby,lewis-holtby,M,True,,,,,,
2012-13,2757230,31,6,Tottenham_Hotspur,Away,1218,1411,Scott Parker,scott-parker,M,False,0.0,0.0,90.0,0.0,,0.0
2012-13,2757230,31,6,Tottenham_Hotspur,Away,9689,15109,Tom Huddlestone,tom-huddlestone,M,True,,,,,,
2012-13,2757230,31,6,Tottenham_Hotspur,Away,9692,17349,Aaron Lennon,aaron-lennon,M,False,0.0,0.0,90.0,0.0,,0.0
2012-13,2757230,31,6,Tottenham_Hotspur,Away,9865,39104,Mousa Dembélé,mousa-dembele,M,False,0.0,0.0,90.0,0.0,,0.0
2012-13,2757230,31,6,Tottenham_Hotspur,Away,34578,49944,Jake Livermore,jake-livermore,M,True,,,,,,
2012-13,2757230,31,6,Tottenham_Hotspur,Away,43192,55422,Gylfi Sigurðsson,gylfi-sigursson,M,False,0.0,0.0,76.0,0.0,,0.0
2012-13,2757230,31,6,Tottenham_Hotspur,Away,1135884,49318,Lewis Holtby,lewis-holtby,M,True,0.0,0.0,14.0,0.0,,0.0
2012-13,2757250,32,6,Tottenham_Hotspur,Home,1218,1411,Scott Parker,scott-parker,M,False,0.0,0.0,89.0,0.0,,0.0
2012-13,2757250,32,6,Tottenham_Hotspur,Home,9689,15109,Tom Huddlestone,tom-huddlestone,M,True,0.0,0.0,15.0,0.0,,0.0
2012-13,2757250,32,6,Tottenham_Hotspur,Home,9865,39104,Mousa Dembélé,mousa-dembele,M,False,0.0,0.0,75.0,0.0,,0.0
2012-13,2757250,32,6,Tottenham_Hotspur,Home,12743,20226,Clint Dempsey,clint-dempsey,M,False,0.0,0.0,90.0,0.0,,0.0
2012-13,2757250,32,6,Tottenham_Hotspur,Home,34578,49944,Jake Livermore,jake-livermore,M,True,,,,,,
2012-13,2757250,32,6,Tottenham_Hotspur,Home,43192,55422,Gylfi Sigurðsson,gylfi-sigursson,M,False,0.0,1.0,90.0,0.0,,0.0
2012-13,2757250,32,6,Tottenham_Hotspur,Home,204298,101623,Christian Ceballos,christian-ceballos,M,True,,,,,,
2012-13,2757250,32,6,Tottenham_Hotspur,Home,801460,93464,Tom Carroll,carroll-tom,M,True,0.0,0.0,1.0,0.0,,0.0
2012-13,2757250,32,6,Tottenham_Hotspur,Home,1135884,49318,Lewis Holtby,lewis-holtby,M,False,0.0,0.0,90.0,0.0,,0.0
2012-13,3769459,33,6,Tottenham_Hotspur,Away,1218,1411,Scott Parker,scott-parker,M,False,0.0,0.0,90.0,0.0,,0.0
2012-13,3769459,33,6,Tottenham_Hotspur,Away,9689,15109,Tom Huddlestone,tom-huddlestone,M,False,0.0,0.0,90.0,0.0,,0.0
2012-13,3769459,33,6,Tottenham_Hotspur,Away,9692,17349,Aaron Lennon,aaron-lennon,M,False,0.0,0.0,62.0,0.0,,0.0
2012-13,3769459,33,6,Tottenham_Hotspur,Away,12743,20226,Clint Dempsey,clint-dempsey,M,True,0.0,0.0,20.0,0.0,,0.0
2012-13,3769459,33,6,Tottenham_Hotspur,Away,43192,55422,Gylfi Sigurðsson,gylfi-sigursson,M,True,0.0,1.0,28.0,0.0,,0.0
2012-13,3769459,33,6,Tottenham_Hotspur,Away,801460,93464,Tom Carroll,carroll-tom,M,True,,,,,,
2012-13,3769459,33,6,Tottenham_Hotspur,Away,1135884,49318,Lewis Holtby,lewis-holtby,M,False,0.0,0.0,70.0,0.0,,0.0
2012-13,2757308,34,6,Tottenham_Hotspur,Home,1218,1411,Scott Parker,scott-parker,M,False,0.0,0.0,61.0,0.0,,0.0
2012-13,2757308,34,6,Tottenham_Hotspur,Home,9689,15109,Tom Huddlestone,tom-huddlestone,M,True,0.0,0.0,29.0,0.0,,0.0
2012-13,2757308,34,6,Tottenham_Hotspur,Home,9865,39104,Mousa Dembélé,mousa-dembele,M,False,0.0,0.0,90.0,0.0,,0.0
2012-13,2757308,34,6,Tottenham_Hotspur,Home,12743,20226,Clint Dempsey,clint-dempsey,M,False,0.0,1.0,90.0,0.0,,0.0
2012-13,2757308,34,6,Tottenham_Hotspur,Home,34578,49944,Jake Livermore,jake-livermore,M,True,,,,,,
2012-13,2757308,34,6,Tottenham_Hotspur,Home,43192,55422,Gylfi Sigurðsson,gylfi-sigursson,M,False,0.0,0.0,61.0,0.0,,0.0
2012-13,2757308,34,6,Tottenham_Hotspur,Home,1135884,49318,Lewis Holtby,lewis-holtby,M,True,0.0,0.0,29.0,0.0,,0.0
2012-13,2757332,35,6,Tottenham_Hotspur,Away,1218,1411,Scott Parker,scott-parker,M,False,0.0,0.0,73.0,0.0,,0.0
2012-13,2757332,35,6,Tottenham_Hotspur,Away,9689,15109,Tom Huddlestone,tom-huddlestone,M,False,0.0,0.0,90.0,0.0,,0.0
2012-13,2757332,35,6,Tottenham_Hotspur,Away,9692,17349,Aaron Lennon,aaron-lennon,M,True,0.0,0.0,17.0,0.0,,0.0
2012-13,2757332,35,6,Tottenham_Hotspur,Away,9865,39104,Mousa Dembélé,mousa-dembele,M,False,0.0,0.0,41.0,0.0,,0.0
2012-13,2757332,35,6,Tottenham_Hotspur,Away,12743,20226,Clint Dempsey,clint-dempsey,M,False,0.0,0.0,90.0,0.0,,0.0
2012-13,2757332,35,6,Tottenham_Hotspur,Away,43192,55422,Gylfi Sigurðsson,gylfi-sigursson,M,True,,,,,,
2012-13,2757332,35,6,Tottenham_Hotspur,Away,801460,93464,Tom Carroll,carroll-tom,M,True,,,,,,
2012-13,2757332,35,6,Tottenham_Hotspur,Away,1135884,49318,Lewis Holtby,lewis-holtby,M,True,0.0,0.0,49.0,0.0,,0.0
2012-13,2757344,36,6,Tottenham_Hotspur,Home,9689,15109,Tom Huddlestone,tom-huddlestone,M,False,0.0,0.0,90.0,0.0,,0.0
2012-13,2757344,36,6,Tottenham_Hotspur,Home,9692,17349,Aaron Lennon,aaron-lennon,M,False,0.0,0.0,59.0,0.0,,0.0
2012-13,2757344,36,6,Tottenham_Hotspur,Home,9865,39104,Mousa Dembélé,mousa-dembele,M,False,0.0,0.0,35.0,0.0,,0.0
2012-13,2757344,36,6,Tottenham_Hotspur,Home,12743,20226,Clint Dempsey,clint-dempsey,M,False,0.0,0.0,72.0,0.0,,0.0
2012-13,2757344,36,6,Tottenham_Hotspur,Home,43192,55422,Gylfi Sigurðsson,gylfi-sigursson,M,True,0.0,0.0,18.0,0.0,,0.0
2012-13,2757344,36,6,Tottenham_Hotspur,Home,801460,93464,Tom Carroll,carroll-tom,M,True,,,,,,
2012-13,2757344,36,6,Tottenham_Hotspur,Home,1135884,49318,Lewis Holtby,lewis-holtby,M,True,0.0,0.0,55.0,0.0,,0.0
2012-13,2757386,37,6,Tottenham_Hotspur,Away,1218,1411,Scott Parker,scott-parker,M,False,0.0,0.0,68.0,0.0,,0.0
2012-13,2757386,37,6,Tottenham_Hotspur,Away,9689,15109,Tom Huddlestone,tom-huddlestone,M,False,0.0,0.0,90.0,0.0,,0.0
2012-13,2757386,37,6,Tottenham_Hotspur,Away,9692,17349,Aaron Lennon,aaron-lennon,M,False,0.0,0.0,74.0,0.0,,0.0
2012-13,2757386,37,6,Tottenham_Hotspur,Away,9865,39104,Mousa Dembélé,mousa-dembele,M,True,0.0,0.0,22.0,0.0,,0.0
2012-13,2757386,37,6,Tottenham_Hotspur,Away,12743,20226,Clint Dempsey,clint-dempsey,M,False,0.0,1.0,84.0,0.0,,0.0
2012-13,2757386,37,6,Tottenham_Hotspur,Away,43192,55422,Gylfi Sigurðsson,gylfi-sigursson,M,True,0.0,0.0,6.0,0.0,,0.0
2012-13,2757386,37,6,Tottenham_Hotspur,Away,801460,93464,Tom Carroll,carroll-tom,M,True,,,,,,
2012-13,2757386,37,6,Tottenham_Hotspur,Away,1135884,49318,Lewis Holtby,lewis-holtby,M,True,,,,,,
2012-13,2757400,38,6,Tottenham_Hotspur,Home,1218,1411,Scott Parker,scott-parker,M,False,0.0,0.0,64.0,0.0,,0.0
2012-13,2757400,38,6,Tottenham_Hotspur,Home,9689,15109,Tom Huddlestone,tom-huddlestone,M,False,0.0,0.0,90.0,0.0,,0.0
2012-13,2757400,38,6,Tottenham_Hotspur,Home,9692,17349,Aaron Lennon,aaron-lennon,M,False,0.0,0.0,90.0,0.0,,0.0
2012-13,2757400,38,6,Tottenham_Hotspur,Home,9865,39104,Mousa Dembélé,mousa-dembele,M,True,0.0,0.0,26.0,0.0,,0.0
2012-13,2757400,38,6,Tottenham_Hotspur,Home,12743,20226,Clint Dempsey,clint-dempsey,M,False,0.0,0.0,73.0,0.0,,0.0
2012-13,2757400,38,6,Tottenham_Hotspur,Home,43192,55422,Gylfi Sigurðsson,gylfi-sigursson,M,True,0.0,0.0,7.0,0.0,,0.0
2012-13,2757400,38,6,Tottenham_Hotspur,Home,1135884,49318,Lewis Holtby,lewis-holtby,M,True,,,,,,
